"timestamp_utc","repeat","rows","hidden_size","dtype","configuration","backend","measurement","median_us","warmup","runs","rep_ms","rows_per_program","warps","block_size","kernel_source_sha256","reference_source_sha256","source_revision","dirty","torch","cuda","triton","initial_gpu_utilization_pct","thermal_before","gpu_before","driver_before","pstate_before","sm_clock_mhz_before","memory_clock_mhz_before","power_w_before","temperature_c_before","thermal_after","gpu_after","driver_after","pstate_after","sm_clock_mhz_after","memory_clock_mhz_after","power_w_after","temperature_c_after"
"20261006T023347Z","1","1","128","bf16","before","triton","cuda_graph","1.3425253594892181","20","5","50","1","1","128","e6093007385fbfec41c730644131a7aa7ddbe199718163ff7b9b284dff9a9857","bc9c4c76b074bd70bf02cf4d5a0e4b68b93850493e2e52019fa17ae4bd4bdeff","b1faf4b871a960dd2e14f9bb24ce18129bf16767","True","2.8.0+cu128","12.8","3.4.0","0","Not Active","NVIDIA GeForce RTX 3050 Ti Laptop GPU","610.47","P0","1695","6001","18.84","60","Not Active","NVIDIA GeForce RTX 3050 Ti Laptop GPU","610.47","P0","1695","6001","19.18","60"
"20261006T023347Z","1","1","128","bf16","after","triton","cuda_graph","1.3147779873439243","20","5","50","1","1","128","7967b460a166cf549ef4f80a2bd03e3a71ed068fcfd6bc38351f4cd7e57a48eb","bc9c4c76b074bd70bf02cf4d5a0e4b68b93850493e2e52019fa17ae4bd4bdeff","b1faf4b871a960dd2e14f9bb24ce18129bf16767","True","2.8.0+cu128","12.8","3.4.0","0","Not Active","NVIDIA GeForce RTX 3050 Ti Laptop GPU","610.47","P0","1695","6001","18.84","60","Not Active","NVIDIA GeForce RTX 3050 Ti Laptop GPU","610.47","P0","1695","6001","19.18","60"
"20261006T023347Z","2","1","128","bf16","after","triton","cuda_graph","1.3366522586682872","20","5","50","1","1","128","7967b460a166cf549ef4f80a2bd03e3a71ed068fcfd6bc38351f4cd7e57a48eb","bc9c4c76b074bd70bf02cf4d5a0e4b68b93850493e2e52019fa17ae4bd4bdeff","b1faf4b871a960dd2e14f9bb24ce18129bf16767","True","2.8.0+cu128","12.8","3.4.0","0","Not Active","NVIDIA GeForce RTX 3050 Ti Laptop GPU","610.47","P0","1695","6001","18.84","60","Not Active","NVIDIA GeForce RTX 3050 Ti Laptop GPU","610.47","P0","1695","6001","19.18","60"
"20261006T023347Z","2","1","128","bf16","before","triton","cuda_graph","1.2427491853849806","20","5","50","1","1","128","e6093007385fbfec41c730644131a7aa7ddbe199718163ff7b9b284dff9a9857","bc9c4c76b074bd70bf02cf4d5a0e4b68b93850493e2e52019fa17ae4bd4bdeff","b1faf4b871a960dd2e14f9bb24ce18129bf16767","True","2.8.0+cu128","12.8","3.4.0","0","Not Active","NVIDIA GeForce RTX 3050 Ti Laptop GPU","610.47","P0","1695","6001","18.84","60","Not Active","NVIDIA GeForce RTX 3050 Ti Laptop GPU","610.47","P0","1695","6001","19.18","60"
"20261006T023347Z","3","1","128","bf16","before","triton","cuda_graph","1.3265843084937146","20","5","50","1","1","128","e6093007385fbfec41c730644131a7aa7ddbe199718163ff7b9b284dff9a9857","bc9c4c76b074bd70bf02cf4d5a0e4b68b93850493e2e52019fa17ae4bd4bdeff","b1faf4b871a960dd2e14f9bb24ce18129bf16767","True","2.8.0+cu128","12.8","3.4.0","0","Not Active","NVIDIA GeForce RTX 3050 Ti Laptop GPU","610.47","P0","1695","6001","18.84","60","Not Active","NVIDIA GeForce RTX 3050 Ti Laptop GPU","610.47","P0","1695","6001","19.18","60"
"20261006T023347Z","3","1","128","bf16","after","triton","cuda_graph","1.338181799495375","20","5","50","1","1","128","7967b460a166cf549ef4f80a2bd03e3a71ed068fcfd6bc38351f4cd7e57a48eb","bc9c4c76b074bd70bf02cf4d5a0e4b68b93850493e2e52019fa17ae4bd4bdeff","b1faf4b871a960dd2e14f9bb24ce18129bf16767","True","2.8.0+cu128","12.8","3.4.0","0","Not Active","NVIDIA GeForce RTX 3050 Ti Laptop GPU","610.47","P0","1695","6001","18.84","60","Not Active","NVIDIA GeForce RTX 3050 Ti Laptop GPU","610.47","P0","1695","6001","19.18","60"
"20261006T023347Z","4","1","128","bf16","after","triton","cuda_graph","1.2689943625548177","20","5","50","1","1","128","7967b460a166cf549ef4f80a2bd03e3a71ed068fcfd6bc38351f4cd7e57a48eb","bc9c4c76b074bd70bf02cf4d5a0e4b68b93850493e2e52019fa17ae4bd4bdeff","b1faf4b871a960dd2e14f9bb24ce18129bf16767","True","2.8.0+cu128","12.8","3.4.0","0","Not Active","NVIDIA GeForce RTX 3050 Ti Laptop GPU","610.47","P0","1695","6001","18.84","60","Not Active","NVIDIA GeForce RTX 3050 Ti Laptop GPU","610.47","P0","1695","6001","19.18","60"
"20261006T023347Z","4","1","128","bf16","before","triton","cuda_graph","1.3188934650550892","20","5","50","1","1","128","e6093007385fbfec41c730644131a7aa7ddbe199718163ff7b9b284dff9a9857","bc9c4c76b074bd70bf02cf4d5a0e4b68b93850493e2e52019fa17ae4bd4bdeff","b1faf4b871a960dd2e14f9bb24ce18129bf16767","True","2.8.0+cu128","12.8","3.4.0","0","Not Active","NVIDIA GeForce RTX 3050 Ti Laptop GPU","610.47","P0","1695","6001","18.84","60","Not Active","NVIDIA GeForce RTX 3050 Ti Laptop GPU","610.47","P0","1695","6001","19.18","60"
"20261006T023347Z","5","1","128","bf16","before","triton","cuda_graph","1.2993440271573817","20","5","50","1","1","128","e6093007385fbfec41c730644131a7aa7ddbe199718163ff7b9b284dff9a9857","bc9c4c76b074bd70bf02cf4d5a0e4b68b93850493e2e52019fa17ae4bd4bdeff","b1faf4b871a960dd2e14f9bb24ce18129bf16767","True","2.8.0+cu128","12.8","3.4.0","0","Not Active","NVIDIA GeForce RTX 3050 Ti Laptop GPU","610.47","P0","1695","6001","18.84","60","Not Active","NVIDIA GeForce RTX 3050 Ti Laptop GPU","610.47","P0","1695","6001","19.18","60"
"20261006T023347Z","5","1","128","bf16","after","triton","cuda_graph","1.3009956843561405","20","5","50","1","1","128","7967b460a166cf549ef4f80a2bd03e3a71ed068fcfd6bc38351f4cd7e57a48eb","bc9c4c76b074bd70bf02cf4d5a0e4b68b93850493e2e52019fa17ae4bd4bdeff","b1faf4b871a960dd2e14f9bb24ce18129bf16767","True","2.8.0+cu128","12.8","3.4.0","0","Not Active","NVIDIA GeForce RTX 3050 Ti Laptop GPU","610.47","P0","1695","6001","18.84","60","Not Active","NVIDIA GeForce RTX 3050 Ti Laptop GPU","610.47","P0","1695","6001","19.18","60"
"20261006T023347Z","1","1","1024","bf16","before","triton","cuda_graph","1.6046022917366545","20","5","50","1","4","1024","e6093007385fbfec41c730644131a7aa7ddbe199718163ff7b9b284dff9a9857","bc9c4c76b074bd70bf02cf4d5a0e4b68b93850493e2e52019fa17ae4bd4bdeff","b1faf4b871a960dd2e14f9bb24ce18129bf16767","True","2.8.0+cu128","12.8","3.4.0","0","Not Active","NVIDIA GeForce RTX 3050 Ti Laptop GPU","610.47","P0","1695","6001","19.18","60","Not Active","NVIDIA GeForce RTX 3050 Ti Laptop GPU","610.47","P0","1695","6001","19.16","60"
"20261006T023347Z","1","1","1024","bf16","after","triton","cuda_graph","1.5864325029181208","20","5","50","1","4","1024","7967b460a166cf549ef4f80a2bd03e3a71ed068fcfd6bc38351f4cd7e57a48eb","bc9c4c76b074bd70bf02cf4d5a0e4b68b93850493e2e52019fa17ae4bd4bdeff","b1faf4b871a960dd2e14f9bb24ce18129bf16767","True","2.8.0+cu128","12.8","3.4.0","0","Not Active","NVIDIA GeForce RTX 3050 Ti Laptop GPU","610.47","P0","1695","6001","19.18","60","Not Active","NVIDIA GeForce RTX 3050 Ti Laptop GPU","610.47","P0","1695","6001","19.16","60"
"20261006T023347Z","2","1","1024","bf16","after","triton","cuda_graph","1.5577872292249035","20","5","50","1","4","1024","7967b460a166cf549ef4f80a2bd03e3a71ed068fcfd6bc38351f4cd7e57a48eb","bc9c4c76b074bd70bf02cf4d5a0e4b68b93850493e2e52019fa17ae4bd4bdeff","b1faf4b871a960dd2e14f9bb24ce18129bf16767","True","2.8.0+cu128","12.8","3.4.0","0","Not Active","NVIDIA GeForce RTX 3050 Ti Laptop GPU","610.47","P0","1695","6001","19.18","60","Not Active","NVIDIA GeForce RTX 3050 Ti Laptop GPU","610.47","P0","1695","6001","19.16","60"
"20261006T023347Z","2","1","1024","bf16","before","triton","cuda_graph","1.5491722547501259","20","5","50","1","4","1024","e6093007385fbfec41c730644131a7aa7ddbe199718163ff7b9b284dff9a9857","bc9c4c76b074bd70bf02cf4d5a0e4b68b93850493e2e52019fa17ae4bd4bdeff","b1faf4b871a960dd2e14f9bb24ce18129bf16767","True","2.8.0+cu128","12.8","3.4.0","0","Not Active","NVIDIA GeForce RTX 3050 Ti Laptop GPU","610.47","P0","1695","6001","19.18","60","Not Active","NVIDIA GeForce RTX 3050 Ti Laptop GPU","610.47","P0","1695","6001","19.16","60"
"20261006T023347Z","3","1","1024","bf16","before","triton","cuda_graph","1.5291871082398198","20","5","50","1","4","1024","e6093007385fbfec41c730644131a7aa7ddbe199718163ff7b9b284dff9a9857","bc9c4c76b074bd70bf02cf4d5a0e4b68b93850493e2e52019fa17ae4bd4bdeff","b1faf4b871a960dd2e14f9bb24ce18129bf16767","True","2.8.0+cu128","12.8","3.4.0","0","Not Active","NVIDIA GeForce RTX 3050 Ti Laptop GPU","610.47","P0","1695","6001","19.18","60","Not Active","NVIDIA GeForce RTX 3050 Ti Laptop GPU","610.47","P0","1695","6001","19.16","60"
"20261006T023347Z","3","1","1024","bf16","after","triton","cuda_graph","1.5636923221441417","20","5","50","1","4","1024","7967b460a166cf549ef4f80a2bd03e3a71ed068fcfd6bc38351f4cd7e57a48eb","bc9c4c76b074bd70bf02cf4d5a0e4b68b93850493e2e52019fa17ae4bd4bdeff","b1faf4b871a960dd2e14f9bb24ce18129bf16767","True","2.8.0+cu128","12.8","3.4.0","0","Not Active","NVIDIA GeForce RTX 3050 Ti Laptop GPU","610.47","P0","1695","6001","19.18","60","Not Active","NVIDIA GeForce RTX 3050 Ti Laptop GPU","610.47","P0","1695","6001","19.16","60"
"20261006T023347Z","4","1","1024","bf16","after","triton","cuda_graph","1.5586804489725383","20","5","50","1","4","1024","7967b460a166cf549ef4f80a2bd03e3a71ed068fcfd6bc38351f4cd7e57a48eb","bc9c4c76b074bd70bf02cf4d5a0e4b68b93850493e2e52019fa17ae4bd4bdeff","b1faf4b871a960dd2e14f9bb24ce18129bf16767","True","2.8.0+cu128","12.8","3.4.0","0","Not Active","NVIDIA GeForce RTX 3050 Ti Laptop GPU","610.47","P0","1695","6001","19.18","60","Not Active","NVIDIA GeForce RTX 3050 Ti Laptop GPU","610.47","P0","1695","6001","19.16","60"
"20261006T023347Z","4","1","1024","bf16","before","triton","cuda_graph","1.5726481508088592","20","5","50","1","4","1024","e6093007385fbfec41c730644131a7aa7ddbe199718163ff7b9b284dff9a9857","bc9c4c76b074bd70bf02cf4d5a0e4b68b93850493e2e52019fa17ae4bd4bdeff","b1faf4b871a960dd2e14f9bb24ce18129bf16767","True","2.8.0+cu128","12.8","3.4.0","0","Not Active","NVIDIA GeForce RTX 3050 Ti Laptop GPU","610.47","P0","1695","6001","19.18","60","Not Active","NVIDIA GeForce RTX 3050 Ti Laptop GPU","610.47","P0","1695","6001","19.16","60"
"20261006T023347Z","5","1","1024","bf16","before","triton","cuda_graph","1.5491598581214507","20","5","50","1","4","1024","e6093007385fbfec41c730644131a7aa7ddbe199718163ff7b9b284dff9a9857","bc9c4c76b074bd70bf02cf4d5a0e4b68b93850493e2e52019fa17ae4bd4bdeff","b1faf4b871a960dd2e14f9bb24ce18129bf16767","True","2.8.0+cu128","12.8","3.4.0","0","Not Active","NVIDIA GeForce RTX 3050 Ti Laptop GPU","610.47","P0","1695","6001","19.18","60","Not Active","NVIDIA GeForce RTX 3050 Ti Laptop GPU","610.47","P0","1695","6001","19.16","60"
"20261006T023347Z","5","1","1024","bf16","after","triton","cuda_graph","1.5843979754851232","20","5","50","1","4","1024","7967b460a166cf549ef4f80a2bd03e3a71ed068fcfd6bc38351f4cd7e57a48eb","bc9c4c76b074bd70bf02cf4d5a0e4b68b93850493e2e52019fa17ae4bd4bdeff","b1faf4b871a960dd2e14f9bb24ce18129bf16767","True","2.8.0+cu128","12.8","3.4.0","0","Not Active","NVIDIA GeForce RTX 3050 Ti Laptop GPU","610.47","P0","1695","6001","19.18","60","Not Active","NVIDIA GeForce RTX 3050 Ti Laptop GPU","610.47","P0","1695","6001","19.16","60"
"20261006T023347Z","1","1","4096","bf16","before","triton","cuda_graph","2.0241316755249468","20","5","50","1","4","4096","e6093007385fbfec41c730644131a7aa7ddbe199718163ff7b9b284dff9a9857","bc9c4c76b074bd70bf02cf4d5a0e4b68b93850493e2e52019fa17ae4bd4bdeff","b1faf4b871a960dd2e14f9bb24ce18129bf16767","True","2.8.0+cu128","12.8","3.4.0","0","Not Active","NVIDIA GeForce RTX 3050 Ti Laptop GPU","610.47","P0","1695","6001","19.16","60","Not Active","NVIDIA GeForce RTX 3050 Ti Laptop GPU","610.47","P0","1695","6001","19.35","60"
"20261006T023347Z","1","1","4096","bf16","after","triton","cuda_graph","1.9925341886632584","20","5","50","1","4","4096","7967b460a166cf549ef4f80a2bd03e3a71ed068fcfd6bc38351f4cd7e57a48eb","bc9c4c76b074bd70bf02cf4d5a0e4b68b93850493e2e52019fa17ae4bd4bdeff","b1faf4b871a960dd2e14f9bb24ce18129bf16767","True","2.8.0+cu128","12.8","3.4.0","0","Not Active","NVIDIA GeForce RTX 3050 Ti Laptop GPU","610.47","P0","1695","6001","19.16","60","Not Active","NVIDIA GeForce RTX 3050 Ti Laptop GPU","610.47","P0","1695","6001","19.35","60"
"20261006T023347Z","2","1","4096","bf16","after","triton","cuda_graph","1.9913289953486712","20","5","50","1","4","4096","7967b460a166cf549ef4f80a2bd03e3a71ed068fcfd6bc38351f4cd7e57a48eb","bc9c4c76b074bd70bf02cf4d5a0e4b68b93850493e2e52019fa17ae4bd4bdeff","b1faf4b871a960dd2e14f9bb24ce18129bf16767","True","2.8.0+cu128","12.8","3.4.0","0","Not Active","NVIDIA GeForce RTX 3050 Ti Laptop GPU","610.47","P0","1695","6001","19.16","60","Not Active","NVIDIA GeForce RTX 3050 Ti Laptop GPU","610.47","P0","1695","6001","19.35","60"
"20261006T023347Z","2","1","4096","bf16","before","triton","cuda_graph","1.9930666933457055","20","5","50","1","4","4096","e6093007385fbfec41c730644131a7aa7ddbe199718163ff7b9b284dff9a9857","bc9c4c76b074bd70bf02cf4d5a0e4b68b93850493e2e52019fa17ae4bd4bdeff","b1faf4b871a960dd2e14f9bb24ce18129bf16767","True","2.8.0+cu128","12.8","3.4.0","0","Not Active","NVIDIA GeForce RTX 3050 Ti Laptop GPU","610.47","P0","1695","6001","19.16","60","Not Active","NVIDIA GeForce RTX 3050 Ti Laptop GPU","610.47","P0","1695","6001","19.35","60"
"20261006T023347Z","3","1","4096","bf16","before","triton","cuda_graph","1.9982445587232276","20","5","50","1","4","4096","e6093007385fbfec41c730644131a7aa7ddbe199718163ff7b9b284dff9a9857","bc9c4c76b074bd70bf02cf4d5a0e4b68b93850493e2e52019fa17ae4bd4bdeff","b1faf4b871a960dd2e14f9bb24ce18129bf16767","True","2.8.0+cu128","12.8","3.4.0","0","Not Active","NVIDIA GeForce RTX 3050 Ti Laptop GPU","610.47","P0","1695","6001","19.16","60","Not Active","NVIDIA GeForce RTX 3050 Ti Laptop GPU","610.47","P0","1695","6001","19.35","60"
"20261006T023347Z","3","1","4096","bf16","after","triton","cuda_graph","2.03065578207414","20","5","50","1","4","4096","7967b460a166cf549ef4f80a2bd03e3a71ed068fcfd6bc38351f4cd7e57a48eb","bc9c4c76b074bd70bf02cf4d5a0e4b68b93850493e2e52019fa17ae4bd4bdeff","b1faf4b871a960dd2e14f9bb24ce18129bf16767","True","2.8.0+cu128","12.8","3.4.0","0","Not Active","NVIDIA GeForce RTX 3050 Ti Laptop GPU","610.47","P0","1695","6001","19.16","60","Not Active","NVIDIA GeForce RTX 3050 Ti Laptop GPU","610.47","P0","1695","6001","19.35","60"
"20261006T023347Z","4","1","4096","bf16","after","triton","cuda_graph","1.9934295113183862","20","5","50","1","4","4096","7967b460a166cf549ef4f80a2bd03e3a71ed068fcfd6bc38351f4cd7e57a48eb","bc9c4c76b074bd70bf02cf4d5a0e4b68b93850493e2e52019fa17ae4bd4bdeff","b1faf4b871a960dd2e14f9bb24ce18129bf16767","True","2.8.0+cu128","12.8","3.4.0","0","Not Active","NVIDIA GeForce RTX 3050 Ti Laptop GPU","610.47","P0","1695","6001","19.16","60","Not Active","NVIDIA GeForce RTX 3050 Ti Laptop GPU","610.47","P0","1695","6001","19.35","60"
"20261006T023347Z","4","1","4096","bf16","before","triton","cuda_graph","1.9951746577308291","20","5","50","1","4","4096","e6093007385fbfec41c730644131a7aa7ddbe199718163ff7b9b284dff9a9857","bc9c4c76b074bd70bf02cf4d5a0e4b68b93850493e2e52019fa17ae4bd4bdeff","b1faf4b871a960dd2e14f9bb24ce18129bf16767","True","2.8.0+cu128","12.8","3.4.0","0","Not Active","NVIDIA GeForce RTX 3050 Ti Laptop GPU","610.47","P0","1695","6001","19.16","60","Not Active","NVIDIA GeForce RTX 3050 Ti Laptop GPU","610.47","P0","1695","6001","19.35","60"
"20261006T023347Z","5","1","4096","bf16","before","triton","cuda_graph","2.0051548047045786","20","5","50","1","4","4096","e6093007385fbfec41c730644131a7aa7ddbe199718163ff7b9b284dff9a9857","bc9c4c76b074bd70bf02cf4d5a0e4b68b93850493e2e52019fa17ae4bd4bdeff","b1faf4b871a960dd2e14f9bb24ce18129bf16767","True","2.8.0+cu128","12.8","3.4.0","0","Not Active","NVIDIA GeForce RTX 3050 Ti Laptop GPU","610.47","P0","1695","6001","19.16","60","Not Active","NVIDIA GeForce RTX 3050 Ti Laptop GPU","610.47","P0","1695","6001","19.35","60"
"20261006T023347Z","5","1","4096","bf16","after","triton","cuda_graph","2.018553381261815","20","5","50","1","4","4096","7967b460a166cf549ef4f80a2bd03e3a71ed068fcfd6bc38351f4cd7e57a48eb","bc9c4c76b074bd70bf02cf4d5a0e4b68b93850493e2e52019fa17ae4bd4bdeff","b1faf4b871a960dd2e14f9bb24ce18129bf16767","True","2.8.0+cu128","12.8","3.4.0","0","Not Active","NVIDIA GeForce RTX 3050 Ti Laptop GPU","610.47","P0","1695","6001","19.16","60","Not Active","NVIDIA GeForce RTX 3050 Ti Laptop GPU","610.47","P0","1695","6001","19.35","60"
"20261006T023347Z","1","1","8192","bf16","before","triton","cuda_graph","2.7400859261071813","20","5","50","1","4","8192","e6093007385fbfec41c730644131a7aa7ddbe199718163ff7b9b284dff9a9857","bc9c4c76b074bd70bf02cf4d5a0e4b68b93850493e2e52019fa17ae4bd4bdeff","b1faf4b871a960dd2e14f9bb24ce18129bf16767","True","2.8.0+cu128","12.8","3.4.0","0","Not Active","NVIDIA GeForce RTX 3050 Ti Laptop GPU","610.47","P0","1695","6001","19.31","60","Not Active","NVIDIA GeForce RTX 3050 Ti Laptop GPU","610.47","P0","1695","6001","19.47","60"
"20261006T023347Z","1","1","8192","bf16","after","triton","cuda_graph","2.8203367301733184","20","5","50","1","4","8192","7967b460a166cf549ef4f80a2bd03e3a71ed068fcfd6bc38351f4cd7e57a48eb","bc9c4c76b074bd70bf02cf4d5a0e4b68b93850493e2e52019fa17ae4bd4bdeff","b1faf4b871a960dd2e14f9bb24ce18129bf16767","True","2.8.0+cu128","12.8","3.4.0","0","Not Active","NVIDIA GeForce RTX 3050 Ti Laptop GPU","610.47","P0","1695","6001","19.31","60","Not Active","NVIDIA GeForce RTX 3050 Ti Laptop GPU","610.47","P0","1695","6001","19.47","60"
"20261006T023347Z","2","1","8192","bf16","after","triton","cuda_graph","2.6843880917889775","20","5","50","1","4","8192","7967b460a166cf549ef4f80a2bd03e3a71ed068fcfd6bc38351f4cd7e57a48eb","bc9c4c76b074bd70bf02cf4d5a0e4b68b93850493e2e52019fa17ae4bd4bdeff","b1faf4b871a960dd2e14f9bb24ce18129bf16767","True","2.8.0+cu128","12.8","3.4.0","0","Not Active","NVIDIA GeForce RTX 3050 Ti Laptop GPU","610.47","P0","1695","6001","19.31","60","Not Active","NVIDIA GeForce RTX 3050 Ti Laptop GPU","610.47","P0","1695","6001","19.47","60"
"20261006T023347Z","2","1","8192","bf16","before","triton","cuda_graph","2.6798925564522476","20","5","50","1","4","8192","e6093007385fbfec41c730644131a7aa7ddbe199718163ff7b9b284dff9a9857","bc9c4c76b074bd70bf02cf4d5a0e4b68b93850493e2e52019fa17ae4bd4bdeff","b1faf4b871a960dd2e14f9bb24ce18129bf16767","True","2.8.0+cu128","12.8","3.4.0","0","Not Active","NVIDIA GeForce RTX 3050 Ti Laptop GPU","610.47","P0","1695","6001","19.31","60","Not Active","NVIDIA GeForce RTX 3050 Ti Laptop GPU","610.47","P0","1695","6001","19.47","60"
"20261006T023347Z","3","1","8192","bf16","before","triton","cuda_graph","2.668754633107708","20","5","50","1","4","8192","e6093007385fbfec41c730644131a7aa7ddbe199718163ff7b9b284dff9a9857","bc9c4c76b074bd70bf02cf4d5a0e4b68b93850493e2e52019fa17ae4bd4bdeff","b1faf4b871a960dd2e14f9bb24ce18129bf16767","True","2.8.0+cu128","12.8","3.4.0","0","Not Active","NVIDIA GeForce RTX 3050 Ti Laptop GPU","610.47","P0","1695","6001","19.31","60","Not Active","NVIDIA GeForce RTX 3050 Ti Laptop GPU","610.47","P0","1695","6001","19.47","60"
"20261006T023347Z","3","1","8192","bf16","after","triton","cuda_graph","2.6663114461796056","20","5","50","1","4","8192","7967b460a166cf549ef4f80a2bd03e3a71ed068fcfd6bc38351f4cd7e57a48eb","bc9c4c76b074bd70bf02cf4d5a0e4b68b93850493e2e52019fa17ae4bd4bdeff","b1faf4b871a960dd2e14f9bb24ce18129bf16767","True","2.8.0+cu128","12.8","3.4.0","0","Not Active","NVIDIA GeForce RTX 3050 Ti Laptop GPU","610.47","P0","1695","6001","19.31","60","Not Active","NVIDIA GeForce RTX 3050 Ti Laptop GPU","610.47","P0","1695","6001","19.47","60"
"20261006T023347Z","4","1","8192","bf16","after","triton","cuda_graph","2.70193950696425","20","5","50","1","4","8192","7967b460a166cf549ef4f80a2bd03e3a71ed068fcfd6bc38351f4cd7e57a48eb","bc9c4c76b074bd70bf02cf4d5a0e4b68b93850493e2e52019fa17ae4bd4bdeff","b1faf4b871a960dd2e14f9bb24ce18129bf16767","True","2.8.0+cu128","12.8","3.4.0","0","Not Active","NVIDIA GeForce RTX 3050 Ti Laptop GPU","610.47","P0","1695","6001","19.31","60","Not Active","NVIDIA GeForce RTX 3050 Ti Laptop GPU","610.47","P0","1695","6001","19.47","60"
"20261006T023347Z","4","1","8192","bf16","before","triton","cuda_graph","2.731398416383285","20","5","50","1","4","8192","e6093007385fbfec41c730644131a7aa7ddbe199718163ff7b9b284dff9a9857","bc9c4c76b074bd70bf02cf4d5a0e4b68b93850493e2e52019fa17ae4bd4bdeff","b1faf4b871a960dd2e14f9bb24ce18129bf16767","True","2.8.0+cu128","12.8","3.4.0","0","Not Active","NVIDIA GeForce RTX 3050 Ti Laptop GPU","610.47","P0","1695","6001","19.31","60","Not Active","NVIDIA GeForce RTX 3050 Ti Laptop GPU","610.47","P0","1695","6001","19.47","60"
"20261006T023347Z","5","1","8192","bf16","before","triton","cuda_graph","2.696895621985593","20","5","50","1","4","8192","e6093007385fbfec41c730644131a7aa7ddbe199718163ff7b9b284dff9a9857","bc9c4c76b074bd70bf02cf4d5a0e4b68b93850493e2e52019fa17ae4bd4bdeff","b1faf4b871a960dd2e14f9bb24ce18129bf16767","True","2.8.0+cu128","12.8","3.4.0","0","Not Active","NVIDIA GeForce RTX 3050 Ti Laptop GPU","610.47","P0","1695","6001","19.31","60","Not Active","NVIDIA GeForce RTX 3050 Ti Laptop GPU","610.47","P0","1695","6001","19.47","60"
"20261006T023347Z","5","1","8192","bf16","after","triton","cuda_graph","2.681828144961183","20","5","50","1","4","8192","7967b460a166cf549ef4f80a2bd03e3a71ed068fcfd6bc38351f4cd7e57a48eb","bc9c4c76b074bd70bf02cf4d5a0e4b68b93850493e2e52019fa17ae4bd4bdeff","b1faf4b871a960dd2e14f9bb24ce18129bf16767","True","2.8.0+cu128","12.8","3.4.0","0","Not Active","NVIDIA GeForce RTX 3050 Ti Laptop GPU","610.47","P0","1695","6001","19.31","60","Not Active","NVIDIA GeForce RTX 3050 Ti Laptop GPU","610.47","P0","1695","6001","19.47","60"
"20261006T023347Z","1","16","128","bf16","before","triton","cuda_graph","2.5007835436204964","20","5","50","1","1","128","e6093007385fbfec41c730644131a7aa7ddbe199718163ff7b9b284dff9a9857","bc9c4c76b074bd70bf02cf4d5a0e4b68b93850493e2e52019fa17ae4bd4bdeff","b1faf4b871a960dd2e14f9bb24ce18129bf16767","True","2.8.0+cu128","12.8","3.4.0","0","Not Active","NVIDIA GeForce RTX 3050 Ti Laptop GPU","610.47","P0","1695","6001","19.47","60","Not Active","NVIDIA GeForce RTX 3050 Ti Laptop GPU","610.47","P0","1695","6001","19.19","60"
"20261006T023347Z","1","16","128","bf16","after","triton","cuda_graph","1.2833944473608556","20","5","50","1","1","128","7967b460a166cf549ef4f80a2bd03e3a71ed068fcfd6bc38351f4cd7e57a48eb","bc9c4c76b074bd70bf02cf4d5a0e4b68b93850493e2e52019fa17ae4bd4bdeff","b1faf4b871a960dd2e14f9bb24ce18129bf16767","True","2.8.0+cu128","12.8","3.4.0","0","Not Active","NVIDIA GeForce RTX 3050 Ti Laptop GPU","610.47","P0","1695","6001","19.47","60","Not Active","NVIDIA GeForce RTX 3050 Ti Laptop GPU","610.47","P0","1695","6001","19.19","60"
"20261006T023347Z","2","16","128","bf16","after","triton","cuda_graph","1.2859337969331552","20","5","50","1","1","128","7967b460a166cf549ef4f80a2bd03e3a71ed068fcfd6bc38351f4cd7e57a48eb","bc9c4c76b074bd70bf02cf4d5a0e4b68b93850493e2e52019fa17ae4bd4bdeff","b1faf4b871a960dd2e14f9bb24ce18129bf16767","True","2.8.0+cu128","12.8","3.4.0","0","Not Active","NVIDIA GeForce RTX 3050 Ti Laptop GPU","610.47","P0","1695","6001","19.47","60","Not Active","NVIDIA GeForce RTX 3050 Ti Laptop GPU","610.47","P0","1695","6001","19.19","60"
"20261006T023347Z","2","16","128","bf16","before","triton","cuda_graph","1.321277228303141","20","5","50","1","1","128","e6093007385fbfec41c730644131a7aa7ddbe199718163ff7b9b284dff9a9857","bc9c4c76b074bd70bf02cf4d5a0e4b68b93850493e2e52019fa17ae4bd4bdeff","b1faf4b871a960dd2e14f9bb24ce18129bf16767","True","2.8.0+cu128","12.8","3.4.0","0","Not Active","NVIDIA GeForce RTX 3050 Ti Laptop GPU","610.47","P0","1695","6001","19.47","60","Not Active","NVIDIA GeForce RTX 3050 Ti Laptop GPU","610.47","P0","1695","6001","19.19","60"
"20261006T023347Z","3","16","128","bf16","before","triton","cuda_graph","1.3234475983954508","20","5","50","1","1","128","e6093007385fbfec41c730644131a7aa7ddbe199718163ff7b9b284dff9a9857","bc9c4c76b074bd70bf02cf4d5a0e4b68b93850493e2e52019fa17ae4bd4bdeff","b1faf4b871a960dd2e14f9bb24ce18129bf16767","True","2.8.0+cu128","12.8","3.4.0","0","Not Active","NVIDIA GeForce RTX 3050 Ti Laptop GPU","610.47","P0","1695","6001","19.47","60","Not Active","NVIDIA GeForce RTX 3050 Ti Laptop GPU","610.47","P0","1695","6001","19.19","60"
"20261006T023347Z","3","16","128","bf16","after","triton","cuda_graph","1.3121967432928867","20","5","50","1","1","128","7967b460a166cf549ef4f80a2bd03e3a71ed068fcfd6bc38351f4cd7e57a48eb","bc9c4c76b074bd70bf02cf4d5a0e4b68b93850493e2e52019fa17ae4bd4bdeff","b1faf4b871a960dd2e14f9bb24ce18129bf16767","True","2.8.0+cu128","12.8","3.4.0","0","Not Active","NVIDIA GeForce RTX 3050 Ti Laptop GPU","610.47","P0","1695","6001","19.47","60","Not Active","NVIDIA GeForce RTX 3050 Ti Laptop GPU","610.47","P0","1695","6001","19.19","60"
"20261006T023347Z","4","16","128","bf16","after","triton","cuda_graph","1.2581569648033117","20","5","50","1","1","128","7967b460a166cf549ef4f80a2bd03e3a71ed068fcfd6bc38351f4cd7e57a48eb","bc9c4c76b074bd70bf02cf4d5a0e4b68b93850493e2e52019fa17ae4bd4bdeff","b1faf4b871a960dd2e14f9bb24ce18129bf16767","True","2.8.0+cu128","12.8","3.4.0","0","Not Active","NVIDIA GeForce RTX 3050 Ti Laptop GPU","610.47","P0","1695","6001","19.47","60","Not Active","NVIDIA GeForce RTX 3050 Ti Laptop GPU","610.47","P0","1695","6001","19.19","60"
"20261006T023347Z","4","16","128","bf16","before","triton","cuda_graph","1.3990318224688243","20","5","50","1","1","128","e6093007385fbfec41c730644131a7aa7ddbe199718163ff7b9b284dff9a9857","bc9c4c76b074bd70bf02cf4d5a0e4b68b93850493e2e52019fa17ae4bd4bdeff","b1faf4b871a960dd2e14f9bb24ce18129bf16767","True","2.8.0+cu128","12.8","3.4.0","0","Not Active","NVIDIA GeForce RTX 3050 Ti Laptop GPU","610.47","P0","1695","6001","19.47","60","Not Active","NVIDIA GeForce RTX 3050 Ti Laptop GPU","610.47","P0","1695","6001","19.19","60"
"20261006T023347Z","5","16","128","bf16","before","triton","cuda_graph","2.4640479724089066","20","5","50","1","1","128","e6093007385fbfec41c730644131a7aa7ddbe199718163ff7b9b284dff9a9857","bc9c4c76b074bd70bf02cf4d5a0e4b68b93850493e2e52019fa17ae4bd4bdeff","b1faf4b871a960dd2e14f9bb24ce18129bf16767","True","2.8.0+cu128","12.8","3.4.0","0","Not Active","NVIDIA GeForce RTX 3050 Ti Laptop GPU","610.47","P0","1695","6001","19.47","60","Not Active","NVIDIA GeForce RTX 3050 Ti Laptop GPU","610.47","P0","1695","6001","19.19","60"
"20261006T023347Z","5","16","128","bf16","after","triton","cuda_graph","2.669920944898142","20","5","50","1","1","128","7967b460a166cf549ef4f80a2bd03e3a71ed068fcfd6bc38351f4cd7e57a48eb","bc9c4c76b074bd70bf02cf4d5a0e4b68b93850493e2e52019fa17ae4bd4bdeff","b1faf4b871a960dd2e14f9bb24ce18129bf16767","True","2.8.0+cu128","12.8","3.4.0","0","Not Active","NVIDIA GeForce RTX 3050 Ti Laptop GPU","610.47","P0","1695","6001","19.47","60","Not Active","NVIDIA GeForce RTX 3050 Ti Laptop GPU","610.47","P0","1695","6001","19.19","60"
"20261006T023347Z","1","16","1024","bf16","before","triton","cuda_graph","2.6167674423191394","20","5","50","1","4","1024","e6093007385fbfec41c730644131a7aa7ddbe199718163ff7b9b284dff9a9857","bc9c4c76b074bd70bf02cf4d5a0e4b68b93850493e2e52019fa17ae4bd4bdeff","b1faf4b871a960dd2e14f9bb24ce18129bf16767","True","2.8.0+cu128","12.8","3.4.0","0","Not Active","NVIDIA GeForce RTX 3050 Ti Laptop GPU","610.47","P0","1695","6001","19.16","60","Not Active","NVIDIA GeForce RTX 3050 Ti Laptop GPU","610.47","P0","1695","6001","19.75","61"
"20261006T023347Z","1","16","1024","bf16","after","triton","cuda_graph","1.6005358627538362","20","5","50","1","4","1024","7967b460a166cf549ef4f80a2bd03e3a71ed068fcfd6bc38351f4cd7e57a48eb","bc9c4c76b074bd70bf02cf4d5a0e4b68b93850493e2e52019fa17ae4bd4bdeff","b1faf4b871a960dd2e14f9bb24ce18129bf16767","True","2.8.0+cu128","12.8","3.4.0","0","Not Active","NVIDIA GeForce RTX 3050 Ti Laptop GPU","610.47","P0","1695","6001","19.16","60","Not Active","NVIDIA GeForce RTX 3050 Ti Laptop GPU","610.47","P0","1695","6001","19.75","61"
"20261006T023347Z","2","16","1024","bf16","after","triton","cuda_graph","1.6054107935102155","20","5","50","1","4","1024","7967b460a166cf549ef4f80a2bd03e3a71ed068fcfd6bc38351f4cd7e57a48eb","bc9c4c76b074bd70bf02cf4d5a0e4b68b93850493e2e52019fa17ae4bd4bdeff","b1faf4b871a960dd2e14f9bb24ce18129bf16767","True","2.8.0+cu128","12.8","3.4.0","0","Not Active","NVIDIA GeForce RTX 3050 Ti Laptop GPU","610.47","P0","1695","6001","19.16","60","Not Active","NVIDIA GeForce RTX 3050 Ti Laptop GPU","610.47","P0","1695","6001","19.75","61"
"20261006T023347Z","2","16","1024","bf16","before","triton","cuda_graph","1.5873921297728233","20","5","50","1","4","1024","e6093007385fbfec41c730644131a7aa7ddbe199718163ff7b9b284dff9a9857","bc9c4c76b074bd70bf02cf4d5a0e4b68b93850493e2e52019fa17ae4bd4bdeff","b1faf4b871a960dd2e14f9bb24ce18129bf16767","True","2.8.0+cu128","12.8","3.4.0","0","Not Active","NVIDIA GeForce RTX 3050 Ti Laptop GPU","610.47","P0","1695","6001","19.16","60","Not Active","NVIDIA GeForce RTX 3050 Ti Laptop GPU","610.47","P0","1695","6001","19.75","61"
"20261006T023347Z","3","16","1024","bf16","before","triton","cuda_graph","1.6580625902359025","20","5","50","1","4","1024","e6093007385fbfec41c730644131a7aa7ddbe199718163ff7b9b284dff9a9857","bc9c4c76b074bd70bf02cf4d5a0e4b68b93850493e2e52019fa17ae4bd4bdeff","b1faf4b871a960dd2e14f9bb24ce18129bf16767","True","2.8.0+cu128","12.8","3.4.0","0","Not Active","NVIDIA GeForce RTX 3050 Ti Laptop GPU","610.47","P0","1695","6001","19.16","60","Not Active","NVIDIA GeForce RTX 3050 Ti Laptop GPU","610.47","P0","1695","6001","19.75","61"
"20261006T023347Z","3","16","1024","bf16","after","triton","cuda_graph","1.607385657428655","20","5","50","1","4","1024","7967b460a166cf549ef4f80a2bd03e3a71ed068fcfd6bc38351f4cd7e57a48eb","bc9c4c76b074bd70bf02cf4d5a0e4b68b93850493e2e52019fa17ae4bd4bdeff","b1faf4b871a960dd2e14f9bb24ce18129bf16767","True","2.8.0+cu128","12.8","3.4.0","0","Not Active","NVIDIA GeForce RTX 3050 Ti Laptop GPU","610.47","P0","1695","6001","19.16","60","Not Active","NVIDIA GeForce RTX 3050 Ti Laptop GPU","610.47","P0","1695","6001","19.75","61"
"20261006T023347Z","4","16","1024","bf16","after","triton","cuda_graph","1.603898009227288","20","5","50","1","4","1024","7967b460a166cf549ef4f80a2bd03e3a71ed068fcfd6bc38351f4cd7e57a48eb","bc9c4c76b074bd70bf02cf4d5a0e4b68b93850493e2e52019fa17ae4bd4bdeff","b1faf4b871a960dd2e14f9bb24ce18129bf16767","True","2.8.0+cu128","12.8","3.4.0","0","Not Active","NVIDIA GeForce RTX 3050 Ti Laptop GPU","610.47","P0","1695","6001","19.16","60","Not Active","NVIDIA GeForce RTX 3050 Ti Laptop GPU","610.47","P0","1695","6001","19.75","61"
"20261006T023347Z","4","16","1024","bf16","before","triton","cuda_graph","1.678916012368551","20","5","50","1","4","1024","e6093007385fbfec41c730644131a7aa7ddbe199718163ff7b9b284dff9a9857","bc9c4c76b074bd70bf02cf4d5a0e4b68b93850493e2e52019fa17ae4bd4bdeff","b1faf4b871a960dd2e14f9bb24ce18129bf16767","True","2.8.0+cu128","12.8","3.4.0","0","Not Active","NVIDIA GeForce RTX 3050 Ti Laptop GPU","610.47","P0","1695","6001","19.16","60","Not Active","NVIDIA GeForce RTX 3050 Ti Laptop GPU","610.47","P0","1695","6001","19.75","61"
"20261006T023347Z","5","16","1024","bf16","before","triton","cuda_graph","1.590918047359576","20","5","50","1","4","1024","e6093007385fbfec41c730644131a7aa7ddbe199718163ff7b9b284dff9a9857","bc9c4c76b074bd70bf02cf4d5a0e4b68b93850493e2e52019fa17ae4bd4bdeff","b1faf4b871a960dd2e14f9bb24ce18129bf16767","True","2.8.0+cu128","12.8","3.4.0","0","Not Active","NVIDIA GeForce RTX 3050 Ti Laptop GPU","610.47","P0","1695","6001","19.16","60","Not Active","NVIDIA GeForce RTX 3050 Ti Laptop GPU","610.47","P0","1695","6001","19.75","61"
"20261006T023347Z","5","16","1024","bf16","after","triton","cuda_graph","1.6296499331952101","20","5","50","1","4","1024","7967b460a166cf549ef4f80a2bd03e3a71ed068fcfd6bc38351f4cd7e57a48eb","bc9c4c76b074bd70bf02cf4d5a0e4b68b93850493e2e52019fa17ae4bd4bdeff","b1faf4b871a960dd2e14f9bb24ce18129bf16767","True","2.8.0+cu128","12.8","3.4.0","0","Not Active","NVIDIA GeForce RTX 3050 Ti Laptop GPU","610.47","P0","1695","6001","19.16","60","Not Active","NVIDIA GeForce RTX 3050 Ti Laptop GPU","610.47","P0","1695","6001","19.75","61"
"20261006T023347Z","1","16","4096","bf16","before","triton","cuda_graph","2.2085680235067064","20","5","50","1","4","4096","e6093007385fbfec41c730644131a7aa7ddbe199718163ff7b9b284dff9a9857","bc9c4c76b074bd70bf02cf4d5a0e4b68b93850493e2e52019fa17ae4bd4bdeff","b1faf4b871a960dd2e14f9bb24ce18129bf16767","True","2.8.0+cu128","12.8","3.4.0","0","Not Active","NVIDIA GeForce RTX 3050 Ti Laptop GPU","610.47","P0","1695","6001","19.78","61","Not Active","NVIDIA GeForce RTX 3050 Ti Laptop GPU","610.47","P0","1695","6001","21.60","61"
"20261006T023347Z","1","16","4096","bf16","after","triton","cuda_graph","2.1887325536349658","20","5","50","1","4","4096","7967b460a166cf549ef4f80a2bd03e3a71ed068fcfd6bc38351f4cd7e57a48eb","bc9c4c76b074bd70bf02cf4d5a0e4b68b93850493e2e52019fa17ae4bd4bdeff","b1faf4b871a960dd2e14f9bb24ce18129bf16767","True","2.8.0+cu128","12.8","3.4.0","0","Not Active","NVIDIA GeForce RTX 3050 Ti Laptop GPU","610.47","P0","1695","6001","19.78","61","Not Active","NVIDIA GeForce RTX 3050 Ti Laptop GPU","610.47","P0","1695","6001","21.60","61"
"20261006T023347Z","2","16","4096","bf16","after","triton","cuda_graph","2.203783647760255","20","5","50","1","4","4096","7967b460a166cf549ef4f80a2bd03e3a71ed068fcfd6bc38351f4cd7e57a48eb","bc9c4c76b074bd70bf02cf4d5a0e4b68b93850493e2e52019fa17ae4bd4bdeff","b1faf4b871a960dd2e14f9bb24ce18129bf16767","True","2.8.0+cu128","12.8","3.4.0","0","Not Active","NVIDIA GeForce RTX 3050 Ti Laptop GPU","610.47","P0","1695","6001","19.78","61","Not Active","NVIDIA GeForce RTX 3050 Ti Laptop GPU","610.47","P0","1695","6001","21.60","61"
"20261006T023347Z","2","16","4096","bf16","before","triton","cuda_graph","2.231319906257907","20","5","50","1","4","4096","e6093007385fbfec41c730644131a7aa7ddbe199718163ff7b9b284dff9a9857","bc9c4c76b074bd70bf02cf4d5a0e4b68b93850493e2e52019fa17ae4bd4bdeff","b1faf4b871a960dd2e14f9bb24ce18129bf16767","True","2.8.0+cu128","12.8","3.4.0","0","Not Active","NVIDIA GeForce RTX 3050 Ti Laptop GPU","610.47","P0","1695","6001","19.78","61","Not Active","NVIDIA GeForce RTX 3050 Ti Laptop GPU","610.47","P0","1695","6001","21.60","61"
"20261006T023347Z","3","16","4096","bf16","before","triton","cuda_graph","2.1846492450458173","20","5","50","1","4","4096","e6093007385fbfec41c730644131a7aa7ddbe199718163ff7b9b284dff9a9857","bc9c4c76b074bd70bf02cf4d5a0e4b68b93850493e2e52019fa17ae4bd4bdeff","b1faf4b871a960dd2e14f9bb24ce18129bf16767","True","2.8.0+cu128","12.8","3.4.0","0","Not Active","NVIDIA GeForce RTX 3050 Ti Laptop GPU","610.47","P0","1695","6001","19.78","61","Not Active","NVIDIA GeForce RTX 3050 Ti Laptop GPU","610.47","P0","1695","6001","21.60","61"
"20261006T023347Z","3","16","4096","bf16","after","triton","cuda_graph","2.173354591587958","20","5","50","1","4","4096","7967b460a166cf549ef4f80a2bd03e3a71ed068fcfd6bc38351f4cd7e57a48eb","bc9c4c76b074bd70bf02cf4d5a0e4b68b93850493e2e52019fa17ae4bd4bdeff","b1faf4b871a960dd2e14f9bb24ce18129bf16767","True","2.8.0+cu128","12.8","3.4.0","0","Not Active","NVIDIA GeForce RTX 3050 Ti Laptop GPU","610.47","P0","1695","6001","19.78","61","Not Active","NVIDIA GeForce RTX 3050 Ti Laptop GPU","610.47","P0","1695","6001","21.60","61"
"20261006T023347Z","4","16","4096","bf16","after","triton","cuda_graph","2.2229504585266113","20","5","50","1","4","4096","7967b460a166cf549ef4f80a2bd03e3a71ed068fcfd6bc38351f4cd7e57a48eb","bc9c4c76b074bd70bf02cf4d5a0e4b68b93850493e2e52019fa17ae4bd4bdeff","b1faf4b871a960dd2e14f9bb24ce18129bf16767","True","2.8.0+cu128","12.8","3.4.0","0","Not Active","NVIDIA GeForce RTX 3050 Ti Laptop GPU","610.47","P0","1695","6001","19.78","61","Not Active","NVIDIA GeForce RTX 3050 Ti Laptop GPU","610.47","P0","1695","6001","21.60","61"
"20261006T023347Z","4","16","4096","bf16","before","triton","cuda_graph","2.2054661317650543","20","5","50","1","4","4096","e6093007385fbfec41c730644131a7aa7ddbe199718163ff7b9b284dff9a9857","bc9c4c76b074bd70bf02cf4d5a0e4b68b93850493e2e52019fa17ae4bd4bdeff","b1faf4b871a960dd2e14f9bb24ce18129bf16767","True","2.8.0+cu128","12.8","3.4.0","0","Not Active","NVIDIA GeForce RTX 3050 Ti Laptop GPU","610.47","P0","1695","6001","19.78","61","Not Active","NVIDIA GeForce RTX 3050 Ti Laptop GPU","610.47","P0","1695","6001","21.60","61"
"20261006T023347Z","5","16","4096","bf16","before","triton","cuda_graph","2.1993212806001323","20","5","50","1","4","4096","e6093007385fbfec41c730644131a7aa7ddbe199718163ff7b9b284dff9a9857","bc9c4c76b074bd70bf02cf4d5a0e4b68b93850493e2e52019fa17ae4bd4bdeff","b1faf4b871a960dd2e14f9bb24ce18129bf16767","True","2.8.0+cu128","12.8","3.4.0","0","Not Active","NVIDIA GeForce RTX 3050 Ti Laptop GPU","610.47","P0","1695","6001","19.78","61","Not Active","NVIDIA GeForce RTX 3050 Ti Laptop GPU","610.47","P0","1695","6001","21.60","61"
"20261006T023347Z","5","16","4096","bf16","after","triton","cuda_graph","2.1997837625889383","20","5","50","1","4","4096","7967b460a166cf549ef4f80a2bd03e3a71ed068fcfd6bc38351f4cd7e57a48eb","bc9c4c76b074bd70bf02cf4d5a0e4b68b93850493e2e52019fa17ae4bd4bdeff","b1faf4b871a960dd2e14f9bb24ce18129bf16767","True","2.8.0+cu128","12.8","3.4.0","0","Not Active","NVIDIA GeForce RTX 3050 Ti Laptop GPU","610.47","P0","1695","6001","19.78","61","Not Active","NVIDIA GeForce RTX 3050 Ti Laptop GPU","610.47","P0","1695","6001","21.60","61"
"20261006T023347Z","1","16","8192","bf16","before","triton","cuda_graph","4.152320146560669","20","5","50","1","4","8192","e6093007385fbfec41c730644131a7aa7ddbe199718163ff7b9b284dff9a9857","bc9c4c76b074bd70bf02cf4d5a0e4b68b93850493e2e52019fa17ae4bd4bdeff","b1faf4b871a960dd2e14f9bb24ce18129bf16767","True","2.8.0+cu128","12.8","3.4.0","0","Not Active","NVIDIA GeForce RTX 3050 Ti Laptop GPU","610.47","P0","1695","6001","21.75","61","Not Active","NVIDIA GeForce RTX 3050 Ti Laptop GPU","610.47","P0","1215","6001","18.76","61"
"20261006T023347Z","1","16","8192","bf16","after","triton","cuda_graph","4.311235738516505","20","5","50","1","4","8192","7967b460a166cf549ef4f80a2bd03e3a71ed068fcfd6bc38351f4cd7e57a48eb","bc9c4c76b074bd70bf02cf4d5a0e4b68b93850493e2e52019fa17ae4bd4bdeff","b1faf4b871a960dd2e14f9bb24ce18129bf16767","True","2.8.0+cu128","12.8","3.4.0","0","Not Active","NVIDIA GeForce RTX 3050 Ti Laptop GPU","610.47","P0","1695","6001","21.75","61","Not Active","NVIDIA GeForce RTX 3050 Ti Laptop GPU","610.47","P0","1215","6001","18.76","61"
"20261006T023347Z","2","16","8192","bf16","after","triton","cuda_graph","4.490576747296029","20","5","50","1","4","8192","7967b460a166cf549ef4f80a2bd03e3a71ed068fcfd6bc38351f4cd7e57a48eb","bc9c4c76b074bd70bf02cf4d5a0e4b68b93850493e2e52019fa17ae4bd4bdeff","b1faf4b871a960dd2e14f9bb24ce18129bf16767","True","2.8.0+cu128","12.8","3.4.0","0","Not Active","NVIDIA GeForce RTX 3050 Ti Laptop GPU","610.47","P0","1695","6001","21.75","61","Not Active","NVIDIA GeForce RTX 3050 Ti Laptop GPU","610.47","P0","1215","6001","18.76","61"
"20261006T023347Z","2","16","8192","bf16","before","triton","cuda_graph","4.452327459022917","20","5","50","1","4","8192","e6093007385fbfec41c730644131a7aa7ddbe199718163ff7b9b284dff9a9857","bc9c4c76b074bd70bf02cf4d5a0e4b68b93850493e2e52019fa17ae4bd4bdeff","b1faf4b871a960dd2e14f9bb24ce18129bf16767","True","2.8.0+cu128","12.8","3.4.0","0","Not Active","NVIDIA GeForce RTX 3050 Ti Laptop GPU","610.47","P0","1695","6001","21.75","61","Not Active","NVIDIA GeForce RTX 3050 Ti Laptop GPU","610.47","P0","1215","6001","18.76","61"
"20261006T023347Z","3","16","8192","bf16","before","triton","cuda_graph","4.210102762494768","20","5","50","1","4","8192","e6093007385fbfec41c730644131a7aa7ddbe199718163ff7b9b284dff9a9857","bc9c4c76b074bd70bf02cf4d5a0e4b68b93850493e2e52019fa17ae4bd4bdeff","b1faf4b871a960dd2e14f9bb24ce18129bf16767","True","2.8.0+cu128","12.8","3.4.0","0","Not Active","NVIDIA GeForce RTX 3050 Ti Laptop GPU","610.47","P0","1695","6001","21.75","61","Not Active","NVIDIA GeForce RTX 3050 Ti Laptop GPU","610.47","P0","1215","6001","18.76","61"
"20261006T023347Z","3","16","8192","bf16","after","triton","cuda_graph","4.290704156311465","20","5","50","1","4","8192","7967b460a166cf549ef4f80a2bd03e3a71ed068fcfd6bc38351f4cd7e57a48eb","bc9c4c76b074bd70bf02cf4d5a0e4b68b93850493e2e52019fa17ae4bd4bdeff","b1faf4b871a960dd2e14f9bb24ce18129bf16767","True","2.8.0+cu128","12.8","3.4.0","0","Not Active","NVIDIA GeForce RTX 3050 Ti Laptop GPU","610.47","P0","1695","6001","21.75","61","Not Active","NVIDIA GeForce RTX 3050 Ti Laptop GPU","610.47","P0","1215","6001","18.76","61"
"20261006T023347Z","4","16","8192","bf16","after","triton","cuda_graph","4.191377187239229","20","5","50","1","4","8192","7967b460a166cf549ef4f80a2bd03e3a71ed068fcfd6bc38351f4cd7e57a48eb","bc9c4c76b074bd70bf02cf4d5a0e4b68b93850493e2e52019fa17ae4bd4bdeff","b1faf4b871a960dd2e14f9bb24ce18129bf16767","True","2.8.0+cu128","12.8","3.4.0","0","Not Active","NVIDIA GeForce RTX 3050 Ti Laptop GPU","610.47","P0","1695","6001","21.75","61","Not Active","NVIDIA GeForce RTX 3050 Ti Laptop GPU","610.47","P0","1215","6001","18.76","61"
"20261006T023347Z","4","16","8192","bf16","before","triton","cuda_graph","4.236353574878108","20","5","50","1","4","8192","e6093007385fbfec41c730644131a7aa7ddbe199718163ff7b9b284dff9a9857","bc9c4c76b074bd70bf02cf4d5a0e4b68b93850493e2e52019fa17ae4bd4bdeff","b1faf4b871a960dd2e14f9bb24ce18129bf16767","True","2.8.0+cu128","12.8","3.4.0","0","Not Active","NVIDIA GeForce RTX 3050 Ti Laptop GPU","610.47","P0","1695","6001","21.75","61","Not Active","NVIDIA GeForce RTX 3050 Ti Laptop GPU","610.47","P0","1215","6001","18.76","61"
"20261006T023347Z","5","16","8192","bf16","before","triton","cuda_graph","4.180532906337259","20","5","50","1","4","8192","e6093007385fbfec41c730644131a7aa7ddbe199718163ff7b9b284dff9a9857","bc9c4c76b074bd70bf02cf4d5a0e4b68b93850493e2e52019fa17ae4bd4bdeff","b1faf4b871a960dd2e14f9bb24ce18129bf16767","True","2.8.0+cu128","12.8","3.4.0","0","Not Active","NVIDIA GeForce RTX 3050 Ti Laptop GPU","610.47","P0","1695","6001","21.75","61","Not Active","NVIDIA GeForce RTX 3050 Ti Laptop GPU","610.47","P0","1215","6001","18.76","61"
"20261006T023347Z","5","16","8192","bf16","after","triton","cuda_graph","4.192587794089803","20","5","50","1","4","8192","7967b460a166cf549ef4f80a2bd03e3a71ed068fcfd6bc38351f4cd7e57a48eb","bc9c4c76b074bd70bf02cf4d5a0e4b68b93850493e2e52019fa17ae4bd4bdeff","b1faf4b871a960dd2e14f9bb24ce18129bf16767","True","2.8.0+cu128","12.8","3.4.0","0","Not Active","NVIDIA GeForce RTX 3050 Ti Laptop GPU","610.47","P0","1695","6001","21.75","61","Not Active","NVIDIA GeForce RTX 3050 Ti Laptop GPU","610.47","P0","1215","6001","18.76","61"
"20261006T023347Z","1","128","128","bf16","before","triton","cuda_graph","2.064953576650051","20","5","50","1","1","128","e6093007385fbfec41c730644131a7aa7ddbe199718163ff7b9b284dff9a9857","bc9c4c76b074bd70bf02cf4d5a0e4b68b93850493e2e52019fa17ae4bd4bdeff","b1faf4b871a960dd2e14f9bb24ce18129bf16767","True","2.8.0+cu128","12.8","3.4.0","0","Not Active","NVIDIA GeForce RTX 3050 Ti Laptop GPU","610.47","P0","1215","6001","19.06","61","Not Active","NVIDIA GeForce RTX 3050 Ti Laptop GPU","610.47","P3","780","5501","16.14","60"
"20261006T023347Z","1","128","128","bf16","after","triton","cuda_graph","2.1520725395631874","20","5","50","1","1","128","7967b460a166cf549ef4f80a2bd03e3a71ed068fcfd6bc38351f4cd7e57a48eb","bc9c4c76b074bd70bf02cf4d5a0e4b68b93850493e2e52019fa17ae4bd4bdeff","b1faf4b871a960dd2e14f9bb24ce18129bf16767","True","2.8.0+cu128","12.8","3.4.0","0","Not Active","NVIDIA GeForce RTX 3050 Ti Laptop GPU","610.47","P0","1215","6001","19.06","61","Not Active","NVIDIA GeForce RTX 3050 Ti Laptop GPU","610.47","P3","780","5501","16.14","60"
"20261006T023347Z","2","128","128","bf16","after","triton","cuda_graph","2.1003011253572277","20","5","50","1","1","128","7967b460a166cf549ef4f80a2bd03e3a71ed068fcfd6bc38351f4cd7e57a48eb","bc9c4c76b074bd70bf02cf4d5a0e4b68b93850493e2e52019fa17ae4bd4bdeff","b1faf4b871a960dd2e14f9bb24ce18129bf16767","True","2.8.0+cu128","12.8","3.4.0","0","Not Active","NVIDIA GeForce RTX 3050 Ti Laptop GPU","610.47","P0","1215","6001","19.06","61","Not Active","NVIDIA GeForce RTX 3050 Ti Laptop GPU","610.47","P3","780","5501","16.14","60"
"20261006T023347Z","2","128","128","bf16","before","triton","cuda_graph","2.087847895212303","20","5","50","1","1","128","e6093007385fbfec41c730644131a7aa7ddbe199718163ff7b9b284dff9a9857","bc9c4c76b074bd70bf02cf4d5a0e4b68b93850493e2e52019fa17ae4bd4bdeff","b1faf4b871a960dd2e14f9bb24ce18129bf16767","True","2.8.0+cu128","12.8","3.4.0","0","Not Active","NVIDIA GeForce RTX 3050 Ti Laptop GPU","610.47","P0","1215","6001","19.06","61","Not Active","NVIDIA GeForce RTX 3050 Ti Laptop GPU","610.47","P3","780","5501","16.14","60"
"20261006T023347Z","3","128","128","bf16","before","triton","cuda_graph","2.1094646201986658","20","5","50","1","1","128","e6093007385fbfec41c730644131a7aa7ddbe199718163ff7b9b284dff9a9857","bc9c4c76b074bd70bf02cf4d5a0e4b68b93850493e2e52019fa17ae4bd4bdeff","b1faf4b871a960dd2e14f9bb24ce18129bf16767","True","2.8.0+cu128","12.8","3.4.0","0","Not Active","NVIDIA GeForce RTX 3050 Ti Laptop GPU","610.47","P0","1215","6001","19.06","61","Not Active","NVIDIA GeForce RTX 3050 Ti Laptop GPU","610.47","P3","780","5501","16.14","60"
"20261006T023347Z","3","128","128","bf16","after","triton","cuda_graph","2.0627860624568646","20","5","50","1","1","128","7967b460a166cf549ef4f80a2bd03e3a71ed068fcfd6bc38351f4cd7e57a48eb","bc9c4c76b074bd70bf02cf4d5a0e4b68b93850493e2e52019fa17ae4bd4bdeff","b1faf4b871a960dd2e14f9bb24ce18129bf16767","True","2.8.0+cu128","12.8","3.4.0","0","Not Active","NVIDIA GeForce RTX 3050 Ti Laptop GPU","610.47","P0","1215","6001","19.06","61","Not Active","NVIDIA GeForce RTX 3050 Ti Laptop GPU","610.47","P3","780","5501","16.14","60"
"20261006T023347Z","4","128","128","bf16","after","triton","cuda_graph","2.961868219981993","20","5","50","1","1","128","7967b460a166cf549ef4f80a2bd03e3a71ed068fcfd6bc38351f4cd7e57a48eb","bc9c4c76b074bd70bf02cf4d5a0e4b68b93850493e2e52019fa17ae4bd4bdeff","b1faf4b871a960dd2e14f9bb24ce18129bf16767","True","2.8.0+cu128","12.8","3.4.0","0","Not Active","NVIDIA GeForce RTX 3050 Ti Laptop GPU","610.47","P0","1215","6001","19.06","61","Not Active","NVIDIA GeForce RTX 3050 Ti Laptop GPU","610.47","P3","780","5501","16.14","60"
"20261006T023347Z","4","128","128","bf16","before","triton","cuda_graph","2.9489479145082105","20","5","50","1","1","128","e6093007385fbfec41c730644131a7aa7ddbe199718163ff7b9b284dff9a9857","bc9c4c76b074bd70bf02cf4d5a0e4b68b93850493e2e52019fa17ae4bd4bdeff","b1faf4b871a960dd2e14f9bb24ce18129bf16767","True","2.8.0+cu128","12.8","3.4.0","0","Not Active","NVIDIA GeForce RTX 3050 Ti Laptop GPU","610.47","P0","1215","6001","19.06","61","Not Active","NVIDIA GeForce RTX 3050 Ti Laptop GPU","610.47","P3","780","5501","16.14","60"
"20261006T023347Z","5","128","128","bf16","before","triton","cuda_graph","2.981033024278659","20","5","50","1","1","128","e6093007385fbfec41c730644131a7aa7ddbe199718163ff7b9b284dff9a9857","bc9c4c76b074bd70bf02cf4d5a0e4b68b93850493e2e52019fa17ae4bd4bdeff","b1faf4b871a960dd2e14f9bb24ce18129bf16767","True","2.8.0+cu128","12.8","3.4.0","0","Not Active","NVIDIA GeForce RTX 3050 Ti Laptop GPU","610.47","P0","1215","6001","19.06","61","Not Active","NVIDIA GeForce RTX 3050 Ti Laptop GPU","610.47","P3","780","5501","16.14","60"
"20261006T023347Z","5","128","128","bf16","after","triton","cuda_graph","2.9795977490893484","20","5","50","1","1","128","7967b460a166cf549ef4f80a2bd03e3a71ed068fcfd6bc38351f4cd7e57a48eb","bc9c4c76b074bd70bf02cf4d5a0e4b68b93850493e2e52019fa17ae4bd4bdeff","b1faf4b871a960dd2e14f9bb24ce18129bf16767","True","2.8.0+cu128","12.8","3.4.0","0","Not Active","NVIDIA GeForce RTX 3050 Ti Laptop GPU","610.47","P0","1215","6001","19.06","61","Not Active","NVIDIA GeForce RTX 3050 Ti Laptop GPU","610.47","P3","780","5501","16.14","60"
"20261006T023347Z","1","128","1024","bf16","before","triton","cuda_graph","5.490471434787036","20","5","50","1","4","1024","e6093007385fbfec41c730644131a7aa7ddbe199718163ff7b9b284dff9a9857","bc9c4c76b074bd70bf02cf4d5a0e4b68b93850493e2e52019fa17ae4bd4bdeff","b1faf4b871a960dd2e14f9bb24ce18129bf16767","True","2.8.0+cu128","12.8","3.4.0","0","Not Active","NVIDIA GeForce RTX 3050 Ti Laptop GPU","610.47","P3","780","5501","15.98","60","Not Active","NVIDIA GeForce RTX 3050 Ti Laptop GPU","610.47","P0","1792","6001","21.47","61"
"20261006T023347Z","1","128","1024","bf16","after","triton","cuda_graph","5.644062738768094","20","5","50","1","4","1024","7967b460a166cf549ef4f80a2bd03e3a71ed068fcfd6bc38351f4cd7e57a48eb","bc9c4c76b074bd70bf02cf4d5a0e4b68b93850493e2e52019fa17ae4bd4bdeff","b1faf4b871a960dd2e14f9bb24ce18129bf16767","True","2.8.0+cu128","12.8","3.4.0","0","Not Active","NVIDIA GeForce RTX 3050 Ti Laptop GPU","610.47","P3","780","5501","15.98","60","Not Active","NVIDIA GeForce RTX 3050 Ti Laptop GPU","610.47","P0","1792","6001","21.47","61"
"20261006T023347Z","2","128","1024","bf16","after","triton","cuda_graph","5.660397327498885","20","5","50","1","4","1024","7967b460a166cf549ef4f80a2bd03e3a71ed068fcfd6bc38351f4cd7e57a48eb","bc9c4c76b074bd70bf02cf4d5a0e4b68b93850493e2e52019fa17ae4bd4bdeff","b1faf4b871a960dd2e14f9bb24ce18129bf16767","True","2.8.0+cu128","12.8","3.4.0","0","Not Active","NVIDIA GeForce RTX 3050 Ti Laptop GPU","610.47","P3","780","5501","15.98","60","Not Active","NVIDIA GeForce RTX 3050 Ti Laptop GPU","610.47","P0","1792","6001","21.47","61"
"20261006T023347Z","2","128","1024","bf16","before","triton","cuda_graph","5.783784474041445","20","5","50","1","4","1024","e6093007385fbfec41c730644131a7aa7ddbe199718163ff7b9b284dff9a9857","bc9c4c76b074bd70bf02cf4d5a0e4b68b93850493e2e52019fa17ae4bd4bdeff","b1faf4b871a960dd2e14f9bb24ce18129bf16767","True","2.8.0+cu128","12.8","3.4.0","0","Not Active","NVIDIA GeForce RTX 3050 Ti Laptop GPU","610.47","P3","780","5501","15.98","60","Not Active","NVIDIA GeForce RTX 3050 Ti Laptop GPU","610.47","P0","1792","6001","21.47","61"
"20261006T023347Z","3","128","1024","bf16","before","triton","cuda_graph","5.788562054804863","20","5","50","1","4","1024","e6093007385fbfec41c730644131a7aa7ddbe199718163ff7b9b284dff9a9857","bc9c4c76b074bd70bf02cf4d5a0e4b68b93850493e2e52019fa17ae4bd4bdeff","b1faf4b871a960dd2e14f9bb24ce18129bf16767","True","2.8.0+cu128","12.8","3.4.0","0","Not Active","NVIDIA GeForce RTX 3050 Ti Laptop GPU","610.47","P3","780","5501","15.98","60","Not Active","NVIDIA GeForce RTX 3050 Ti Laptop GPU","610.47","P0","1792","6001","21.47","61"
"20261006T023347Z","3","128","1024","bf16","after","triton","cuda_graph","5.8265599082497985","20","5","50","1","4","1024","7967b460a166cf549ef4f80a2bd03e3a71ed068fcfd6bc38351f4cd7e57a48eb","bc9c4c76b074bd70bf02cf4d5a0e4b68b93850493e2e52019fa17ae4bd4bdeff","b1faf4b871a960dd2e14f9bb24ce18129bf16767","True","2.8.0+cu128","12.8","3.4.0","0","Not Active","NVIDIA GeForce RTX 3050 Ti Laptop GPU","610.47","P3","780","5501","15.98","60","Not Active","NVIDIA GeForce RTX 3050 Ti Laptop GPU","610.47","P0","1792","6001","21.47","61"
"20261006T023347Z","4","128","1024","bf16","after","triton","cuda_graph","4.371434360051819","20","5","50","1","4","1024","7967b460a166cf549ef4f80a2bd03e3a71ed068fcfd6bc38351f4cd7e57a48eb","bc9c4c76b074bd70bf02cf4d5a0e4b68b93850493e2e52019fa17ae4bd4bdeff","b1faf4b871a960dd2e14f9bb24ce18129bf16767","True","2.8.0+cu128","12.8","3.4.0","0","Not Active","NVIDIA GeForce RTX 3050 Ti Laptop GPU","610.47","P3","780","5501","15.98","60","Not Active","NVIDIA GeForce RTX 3050 Ti Laptop GPU","610.47","P0","1792","6001","21.47","61"
"20261006T023347Z","4","128","1024","bf16","before","triton","cuda_graph","2.469937341759004","20","5","50","1","4","1024","e6093007385fbfec41c730644131a7aa7ddbe199718163ff7b9b284dff9a9857","bc9c4c76b074bd70bf02cf4d5a0e4b68b93850493e2e52019fa17ae4bd4bdeff","b1faf4b871a960dd2e14f9bb24ce18129bf16767","True","2.8.0+cu128","12.8","3.4.0","0","Not Active","NVIDIA GeForce RTX 3050 Ti Laptop GPU","610.47","P3","780","5501","15.98","60","Not Active","NVIDIA GeForce RTX 3050 Ti Laptop GPU","610.47","P0","1792","6001","21.47","61"
"20261006T023347Z","5","128","1024","bf16","before","triton","cuda_graph","2.386280583211469","20","5","50","1","4","1024","e6093007385fbfec41c730644131a7aa7ddbe199718163ff7b9b284dff9a9857","bc9c4c76b074bd70bf02cf4d5a0e4b68b93850493e2e52019fa17ae4bd4bdeff","b1faf4b871a960dd2e14f9bb24ce18129bf16767","True","2.8.0+cu128","12.8","3.4.0","0","Not Active","NVIDIA GeForce RTX 3050 Ti Laptop GPU","610.47","P3","780","5501","15.98","60","Not Active","NVIDIA GeForce RTX 3050 Ti Laptop GPU","610.47","P0","1792","6001","21.47","61"
"20261006T023347Z","5","128","1024","bf16","after","triton","cuda_graph","2.359605410917108","20","5","50","1","4","1024","7967b460a166cf549ef4f80a2bd03e3a71ed068fcfd6bc38351f4cd7e57a48eb","bc9c4c76b074bd70bf02cf4d5a0e4b68b93850493e2e52019fa17ae4bd4bdeff","b1faf4b871a960dd2e14f9bb24ce18129bf16767","True","2.8.0+cu128","12.8","3.4.0","0","Not Active","NVIDIA GeForce RTX 3050 Ti Laptop GPU","610.47","P3","780","5501","15.98","60","Not Active","NVIDIA GeForce RTX 3050 Ti Laptop GPU","610.47","P0","1792","6001","21.47","61"
"20261006T023347Z","1","128","4096","bf16","before","triton","cuda_graph","5.506106007033772","20","5","50","1","4","4096","e6093007385fbfec41c730644131a7aa7ddbe199718163ff7b9b284dff9a9857","bc9c4c76b074bd70bf02cf4d5a0e4b68b93850493e2e52019fa17ae4bd4bdeff","b1faf4b871a960dd2e14f9bb24ce18129bf16767","True","2.8.0+cu128","12.8","3.4.0","0","Not Active","NVIDIA GeForce RTX 3050 Ti Laptop GPU","610.47","P0","1792","6001","21.83","61","Not Active","NVIDIA GeForce RTX 3050 Ti Laptop GPU","610.47","P0","1950","6001","38.92","65"
"20261006T023347Z","1","128","4096","bf16","after","triton","cuda_graph","5.510040223598481","20","5","50","1","4","4096","7967b460a166cf549ef4f80a2bd03e3a71ed068fcfd6bc38351f4cd7e57a48eb","bc9c4c76b074bd70bf02cf4d5a0e4b68b93850493e2e52019fa17ae4bd4bdeff","b1faf4b871a960dd2e14f9bb24ce18129bf16767","True","2.8.0+cu128","12.8","3.4.0","0","Not Active","NVIDIA GeForce RTX 3050 Ti Laptop GPU","610.47","P0","1792","6001","21.83","61","Not Active","NVIDIA GeForce RTX 3050 Ti Laptop GPU","610.47","P0","1950","6001","38.92","65"
"20261006T023347Z","2","128","4096","bf16","after","triton","cuda_graph","5.501968083364186","20","5","50","1","4","4096","7967b460a166cf549ef4f80a2bd03e3a71ed068fcfd6bc38351f4cd7e57a48eb","bc9c4c76b074bd70bf02cf4d5a0e4b68b93850493e2e52019fa17ae4bd4bdeff","b1faf4b871a960dd2e14f9bb24ce18129bf16767","True","2.8.0+cu128","12.8","3.4.0","0","Not Active","NVIDIA GeForce RTX 3050 Ti Laptop GPU","610.47","P0","1792","6001","21.83","61","Not Active","NVIDIA GeForce RTX 3050 Ti Laptop GPU","610.47","P0","1950","6001","38.92","65"
"20261006T023347Z","2","128","4096","bf16","before","triton","cuda_graph","5.514900469721959","20","5","50","1","4","4096","e6093007385fbfec41c730644131a7aa7ddbe199718163ff7b9b284dff9a9857","bc9c4c76b074bd70bf02cf4d5a0e4b68b93850493e2e52019fa17ae4bd4bdeff","b1faf4b871a960dd2e14f9bb24ce18129bf16767","True","2.8.0+cu128","12.8","3.4.0","0","Not Active","NVIDIA GeForce RTX 3050 Ti Laptop GPU","610.47","P0","1792","6001","21.83","61","Not Active","NVIDIA GeForce RTX 3050 Ti Laptop GPU","610.47","P0","1950","6001","38.92","65"
"20261006T023347Z","3","128","4096","bf16","before","triton","cuda_graph","5.500311640850511","20","5","50","1","4","4096","e6093007385fbfec41c730644131a7aa7ddbe199718163ff7b9b284dff9a9857","bc9c4c76b074bd70bf02cf4d5a0e4b68b93850493e2e52019fa17ae4bd4bdeff","b1faf4b871a960dd2e14f9bb24ce18129bf16767","True","2.8.0+cu128","12.8","3.4.0","0","Not Active","NVIDIA GeForce RTX 3050 Ti Laptop GPU","610.47","P0","1792","6001","21.83","61","Not Active","NVIDIA GeForce RTX 3050 Ti Laptop GPU","610.47","P0","1950","6001","38.92","65"
"20261006T023347Z","3","128","4096","bf16","after","triton","cuda_graph","5.4850638057304755","20","5","50","1","4","4096","7967b460a166cf549ef4f80a2bd03e3a71ed068fcfd6bc38351f4cd7e57a48eb","bc9c4c76b074bd70bf02cf4d5a0e4b68b93850493e2e52019fa17ae4bd4bdeff","b1faf4b871a960dd2e14f9bb24ce18129bf16767","True","2.8.0+cu128","12.8","3.4.0","0","Not Active","NVIDIA GeForce RTX 3050 Ti Laptop GPU","610.47","P0","1792","6001","21.83","61","Not Active","NVIDIA GeForce RTX 3050 Ti Laptop GPU","610.47","P0","1950","6001","38.92","65"
"20261006T023347Z","4","128","4096","bf16","after","triton","cuda_graph","5.296767661065767","20","5","50","1","4","4096","7967b460a166cf549ef4f80a2bd03e3a71ed068fcfd6bc38351f4cd7e57a48eb","bc9c4c76b074bd70bf02cf4d5a0e4b68b93850493e2e52019fa17ae4bd4bdeff","b1faf4b871a960dd2e14f9bb24ce18129bf16767","True","2.8.0+cu128","12.8","3.4.0","0","Not Active","NVIDIA GeForce RTX 3050 Ti Laptop GPU","610.47","P0","1792","6001","21.83","61","Not Active","NVIDIA GeForce RTX 3050 Ti Laptop GPU","610.47","P0","1950","6001","38.92","65"
"20261006T023347Z","4","128","4096","bf16","before","triton","cuda_graph","5.251282065577762","20","5","50","1","4","4096","e6093007385fbfec41c730644131a7aa7ddbe199718163ff7b9b284dff9a9857","bc9c4c76b074bd70bf02cf4d5a0e4b68b93850493e2e52019fa17ae4bd4bdeff","b1faf4b871a960dd2e14f9bb24ce18129bf16767","True","2.8.0+cu128","12.8","3.4.0","0","Not Active","NVIDIA GeForce RTX 3050 Ti Laptop GPU","610.47","P0","1792","6001","21.83","61","Not Active","NVIDIA GeForce RTX 3050 Ti Laptop GPU","610.47","P0","1950","6001","38.92","65"
"20261006T023347Z","5","128","4096","bf16","before","triton","cuda_graph","5.248319904009501","20","5","50","1","4","4096","e6093007385fbfec41c730644131a7aa7ddbe199718163ff7b9b284dff9a9857","bc9c4c76b074bd70bf02cf4d5a0e4b68b93850493e2e52019fa17ae4bd4bdeff","b1faf4b871a960dd2e14f9bb24ce18129bf16767","True","2.8.0+cu128","12.8","3.4.0","0","Not Active","NVIDIA GeForce RTX 3050 Ti Laptop GPU","610.47","P0","1792","6001","21.83","61","Not Active","NVIDIA GeForce RTX 3050 Ti Laptop GPU","610.47","P0","1950","6001","38.92","65"
"20261006T023347Z","5","128","4096","bf16","after","triton","cuda_graph","5.235063744352218","20","5","50","1","4","4096","7967b460a166cf549ef4f80a2bd03e3a71ed068fcfd6bc38351f4cd7e57a48eb","bc9c4c76b074bd70bf02cf4d5a0e4b68b93850493e2e52019fa17ae4bd4bdeff","b1faf4b871a960dd2e14f9bb24ce18129bf16767","True","2.8.0+cu128","12.8","3.4.0","0","Not Active","NVIDIA GeForce RTX 3050 Ti Laptop GPU","610.47","P0","1792","6001","21.83","61","Not Active","NVIDIA GeForce RTX 3050 Ti Laptop GPU","610.47","P0","1950","6001","38.92","65"
"20261006T023347Z","1","128","8192","bf16","before","triton","cuda_graph","22.635369596228134","20","5","50","1","4","8192","e6093007385fbfec41c730644131a7aa7ddbe199718163ff7b9b284dff9a9857","bc9c4c76b074bd70bf02cf4d5a0e4b68b93850493e2e52019fa17ae4bd4bdeff","b1faf4b871a960dd2e14f9bb24ce18129bf16767","True","2.8.0+cu128","12.8","3.4.0","0","Not Active","NVIDIA GeForce RTX 3050 Ti Laptop GPU","610.47","P0","1950","6001","40.50","65","Not Active","NVIDIA GeForce RTX 3050 Ti Laptop GPU","610.47","P0","1942","6001","63.45","70"
"20261006T023347Z","1","128","8192","bf16","after","triton","cuda_graph","22.63952656841755","20","5","50","1","4","8192","7967b460a166cf549ef4f80a2bd03e3a71ed068fcfd6bc38351f4cd7e57a48eb","bc9c4c76b074bd70bf02cf4d5a0e4b68b93850493e2e52019fa17ae4bd4bdeff","b1faf4b871a960dd2e14f9bb24ce18129bf16767","True","2.8.0+cu128","12.8","3.4.0","0","Not Active","NVIDIA GeForce RTX 3050 Ti Laptop GPU","610.47","P0","1950","6001","40.50","65","Not Active","NVIDIA GeForce RTX 3050 Ti Laptop GPU","610.47","P0","1942","6001","63.45","70"
"20261006T023347Z","2","128","8192","bf16","after","triton","cuda_graph","22.631291176072768","20","5","50","1","4","8192","7967b460a166cf549ef4f80a2bd03e3a71ed068fcfd6bc38351f4cd7e57a48eb","bc9c4c76b074bd70bf02cf4d5a0e4b68b93850493e2e52019fa17ae4bd4bdeff","b1faf4b871a960dd2e14f9bb24ce18129bf16767","True","2.8.0+cu128","12.8","3.4.0","0","Not Active","NVIDIA GeForce RTX 3050 Ti Laptop GPU","610.47","P0","1950","6001","40.50","65","Not Active","NVIDIA GeForce RTX 3050 Ti Laptop GPU","610.47","P0","1942","6001","63.45","70"
"20261006T023347Z","2","128","8192","bf16","before","triton","cuda_graph","22.641262314028438","20","5","50","1","4","8192","e6093007385fbfec41c730644131a7aa7ddbe199718163ff7b9b284dff9a9857","bc9c4c76b074bd70bf02cf4d5a0e4b68b93850493e2e52019fa17ae4bd4bdeff","b1faf4b871a960dd2e14f9bb24ce18129bf16767","True","2.8.0+cu128","12.8","3.4.0","0","Not Active","NVIDIA GeForce RTX 3050 Ti Laptop GPU","610.47","P0","1950","6001","40.50","65","Not Active","NVIDIA GeForce RTX 3050 Ti Laptop GPU","610.47","P0","1942","6001","63.45","70"
"20261006T023347Z","3","128","8192","bf16","before","triton","cuda_graph","22.648242988971752","20","5","50","1","4","8192","e6093007385fbfec41c730644131a7aa7ddbe199718163ff7b9b284dff9a9857","bc9c4c76b074bd70bf02cf4d5a0e4b68b93850493e2e52019fa17ae4bd4bdeff","b1faf4b871a960dd2e14f9bb24ce18129bf16767","True","2.8.0+cu128","12.8","3.4.0","0","Not Active","NVIDIA GeForce RTX 3050 Ti Laptop GPU","610.47","P0","1950","6001","40.50","65","Not Active","NVIDIA GeForce RTX 3050 Ti Laptop GPU","610.47","P0","1942","6001","63.45","70"
"20261006T023347Z","3","128","8192","bf16","after","triton","cuda_graph","22.64462276897599","20","5","50","1","4","8192","7967b460a166cf549ef4f80a2bd03e3a71ed068fcfd6bc38351f4cd7e57a48eb","bc9c4c76b074bd70bf02cf4d5a0e4b68b93850493e2e52019fa17ae4bd4bdeff","b1faf4b871a960dd2e14f9bb24ce18129bf16767","True","2.8.0+cu128","12.8","3.4.0","0","Not Active","NVIDIA GeForce RTX 3050 Ti Laptop GPU","610.47","P0","1950","6001","40.50","65","Not Active","NVIDIA GeForce RTX 3050 Ti Laptop GPU","610.47","P0","1942","6001","63.45","70"
"20261006T023347Z","4","128","8192","bf16","after","triton","cuda_graph","22.647331162960047","20","5","50","1","4","8192","7967b460a166cf549ef4f80a2bd03e3a71ed068fcfd6bc38351f4cd7e57a48eb","bc9c4c76b074bd70bf02cf4d5a0e4b68b93850493e2e52019fa17ae4bd4bdeff","b1faf4b871a960dd2e14f9bb24ce18129bf16767","True","2.8.0+cu128","12.8","3.4.0","0","Not Active","NVIDIA GeForce RTX 3050 Ti Laptop GPU","610.47","P0","1950","6001","40.50","65","Not Active","NVIDIA GeForce RTX 3050 Ti Laptop GPU","610.47","P0","1942","6001","63.45","70"
"20261006T023347Z","4","128","8192","bf16","before","triton","cuda_graph","22.649754699587","20","5","50","1","4","8192","e6093007385fbfec41c730644131a7aa7ddbe199718163ff7b9b284dff9a9857","bc9c4c76b074bd70bf02cf4d5a0e4b68b93850493e2e52019fa17ae4bd4bdeff","b1faf4b871a960dd2e14f9bb24ce18129bf16767","True","2.8.0+cu128","12.8","3.4.0","0","Not Active","NVIDIA GeForce RTX 3050 Ti Laptop GPU","610.47","P0","1950","6001","40.50","65","Not Active","NVIDIA GeForce RTX 3050 Ti Laptop GPU","610.47","P0","1942","6001","63.45","70"
"20261006T023347Z","5","128","8192","bf16","before","triton","cuda_graph","22.637949505252678","20","5","50","1","4","8192","e6093007385fbfec41c730644131a7aa7ddbe199718163ff7b9b284dff9a9857","bc9c4c76b074bd70bf02cf4d5a0e4b68b93850493e2e52019fa17ae4bd4bdeff","b1faf4b871a960dd2e14f9bb24ce18129bf16767","True","2.8.0+cu128","12.8","3.4.0","0","Not Active","NVIDIA GeForce RTX 3050 Ti Laptop GPU","610.47","P0","1950","6001","40.50","65","Not Active","NVIDIA GeForce RTX 3050 Ti Laptop GPU","610.47","P0","1942","6001","63.45","70"
"20261006T023347Z","5","128","8192","bf16","after","triton","cuda_graph","22.632732621363733","20","5","50","1","4","8192","7967b460a166cf549ef4f80a2bd03e3a71ed068fcfd6bc38351f4cd7e57a48eb","bc9c4c76b074bd70bf02cf4d5a0e4b68b93850493e2e52019fa17ae4bd4bdeff","b1faf4b871a960dd2e14f9bb24ce18129bf16767","True","2.8.0+cu128","12.8","3.4.0","0","Not Active","NVIDIA GeForce RTX 3050 Ti Laptop GPU","610.47","P0","1950","6001","40.50","65","Not Active","NVIDIA GeForce RTX 3050 Ti Laptop GPU","610.47","P0","1942","6001","63.45","70"
"20261006T023347Z","1","512","128","bf16","before","triton","cuda_graph","2.202561102717756","20","5","50","1","1","128","e6093007385fbfec41c730644131a7aa7ddbe199718163ff7b9b284dff9a9857","bc9c4c76b074bd70bf02cf4d5a0e4b68b93850493e2e52019fa17ae4bd4bdeff","b1faf4b871a960dd2e14f9bb24ce18129bf16767","True","2.8.0+cu128","12.8","3.4.0","0","Not Active","NVIDIA GeForce RTX 3050 Ti Laptop GPU","610.47","P0","1942","6001","60.42","70","Not Active","NVIDIA GeForce RTX 3050 Ti Laptop GPU","610.47","P0","1942","6001","29.22","65"
"20261006T023347Z","1","512","128","bf16","after","triton","cuda_graph","1.6082257437232643","20","5","50","2","1","128","7967b460a166cf549ef4f80a2bd03e3a71ed068fcfd6bc38351f4cd7e57a48eb","bc9c4c76b074bd70bf02cf4d5a0e4b68b93850493e2e52019fa17ae4bd4bdeff","b1faf4b871a960dd2e14f9bb24ce18129bf16767","True","2.8.0+cu128","12.8","3.4.0","0","Not Active","NVIDIA GeForce RTX 3050 Ti Laptop GPU","610.47","P0","1942","6001","60.42","70","Not Active","NVIDIA GeForce RTX 3050 Ti Laptop GPU","610.47","P0","1942","6001","29.22","65"
"20261006T023347Z","2","512","128","bf16","after","triton","cuda_graph","1.6245824950081962","20","5","50","2","1","128","7967b460a166cf549ef4f80a2bd03e3a71ed068fcfd6bc38351f4cd7e57a48eb","bc9c4c76b074bd70bf02cf4d5a0e4b68b93850493e2e52019fa17ae4bd4bdeff","b1faf4b871a960dd2e14f9bb24ce18129bf16767","True","2.8.0+cu128","12.8","3.4.0","0","Not Active","NVIDIA GeForce RTX 3050 Ti Laptop GPU","610.47","P0","1942","6001","60.42","70","Not Active","NVIDIA GeForce RTX 3050 Ti Laptop GPU","610.47","P0","1942","6001","29.22","65"
"20261006T023347Z","2","512","128","bf16","before","triton","cuda_graph","2.714703028852289","20","5","50","1","1","128","e6093007385fbfec41c730644131a7aa7ddbe199718163ff7b9b284dff9a9857","bc9c4c76b074bd70bf02cf4d5a0e4b68b93850493e2e52019fa17ae4bd4bdeff","b1faf4b871a960dd2e14f9bb24ce18129bf16767","True","2.8.0+cu128","12.8","3.4.0","0","Not Active","NVIDIA GeForce RTX 3050 Ti Laptop GPU","610.47","P0","1942","6001","60.42","70","Not Active","NVIDIA GeForce RTX 3050 Ti Laptop GPU","610.47","P0","1942","6001","29.22","65"
"20261006T023347Z","3","512","128","bf16","before","triton","cuda_graph","2.253246084551945","20","5","50","1","1","128","e6093007385fbfec41c730644131a7aa7ddbe199718163ff7b9b284dff9a9857","bc9c4c76b074bd70bf02cf4d5a0e4b68b93850493e2e52019fa17ae4bd4bdeff","b1faf4b871a960dd2e14f9bb24ce18129bf16767","True","2.8.0+cu128","12.8","3.4.0","0","Not Active","NVIDIA GeForce RTX 3050 Ti Laptop GPU","610.47","P0","1942","6001","60.42","70","Not Active","NVIDIA GeForce RTX 3050 Ti Laptop GPU","610.47","P0","1942","6001","29.22","65"
"20261006T023347Z","3","512","128","bf16","after","triton","cuda_graph","1.609201248461446","20","5","50","2","1","128","7967b460a166cf549ef4f80a2bd03e3a71ed068fcfd6bc38351f4cd7e57a48eb","bc9c4c76b074bd70bf02cf4d5a0e4b68b93850493e2e52019fa17ae4bd4bdeff","b1faf4b871a960dd2e14f9bb24ce18129bf16767","True","2.8.0+cu128","12.8","3.4.0","0","Not Active","NVIDIA GeForce RTX 3050 Ti Laptop GPU","610.47","P0","1942","6001","60.42","70","Not Active","NVIDIA GeForce RTX 3050 Ti Laptop GPU","610.47","P0","1942","6001","29.22","65"
"20261006T023347Z","4","512","128","bf16","after","triton","cuda_graph","1.6694468386629795","20","5","50","2","1","128","7967b460a166cf549ef4f80a2bd03e3a71ed068fcfd6bc38351f4cd7e57a48eb","bc9c4c76b074bd70bf02cf4d5a0e4b68b93850493e2e52019fa17ae4bd4bdeff","b1faf4b871a960dd2e14f9bb24ce18129bf16767","True","2.8.0+cu128","12.8","3.4.0","0","Not Active","NVIDIA GeForce RTX 3050 Ti Laptop GPU","610.47","P0","1942","6001","60.42","70","Not Active","NVIDIA GeForce RTX 3050 Ti Laptop GPU","610.47","P0","1942","6001","29.22","65"
"20261006T023347Z","4","512","128","bf16","before","triton","cuda_graph","2.238073543029751","20","5","50","1","1","128","e6093007385fbfec41c730644131a7aa7ddbe199718163ff7b9b284dff9a9857","bc9c4c76b074bd70bf02cf4d5a0e4b68b93850493e2e52019fa17ae4bd4bdeff","b1faf4b871a960dd2e14f9bb24ce18129bf16767","True","2.8.0+cu128","12.8","3.4.0","0","Not Active","NVIDIA GeForce RTX 3050 Ti Laptop GPU","610.47","P0","1942","6001","60.42","70","Not Active","NVIDIA GeForce RTX 3050 Ti Laptop GPU","610.47","P0","1942","6001","29.22","65"
"20261006T023347Z","5","512","128","bf16","before","triton","cuda_graph","2.2348175979242093","20","5","50","1","1","128","e6093007385fbfec41c730644131a7aa7ddbe199718163ff7b9b284dff9a9857","bc9c4c76b074bd70bf02cf4d5a0e4b68b93850493e2e52019fa17ae4bd4bdeff","b1faf4b871a960dd2e14f9bb24ce18129bf16767","True","2.8.0+cu128","12.8","3.4.0","0","Not Active","NVIDIA GeForce RTX 3050 Ti Laptop GPU","610.47","P0","1942","6001","60.42","70","Not Active","NVIDIA GeForce RTX 3050 Ti Laptop GPU","610.47","P0","1942","6001","29.22","65"
"20261006T023347Z","5","512","128","bf16","after","triton","cuda_graph","2.5966199339139564","20","5","50","2","1","128","7967b460a166cf549ef4f80a2bd03e3a71ed068fcfd6bc38351f4cd7e57a48eb","bc9c4c76b074bd70bf02cf4d5a0e4b68b93850493e2e52019fa17ae4bd4bdeff","b1faf4b871a960dd2e14f9bb24ce18129bf16767","True","2.8.0+cu128","12.8","3.4.0","0","Not Active","NVIDIA GeForce RTX 3050 Ti Laptop GPU","610.47","P0","1942","6001","60.42","70","Not Active","NVIDIA GeForce RTX 3050 Ti Laptop GPU","610.47","P0","1942","6001","29.22","65"
"20261006T023347Z","1","512","1024","bf16","before","triton","cuda_graph","6.082958645290798","20","5","50","1","4","1024","e6093007385fbfec41c730644131a7aa7ddbe199718163ff7b9b284dff9a9857","bc9c4c76b074bd70bf02cf4d5a0e4b68b93850493e2e52019fa17ae4bd4bdeff","b1faf4b871a960dd2e14f9bb24ce18129bf16767","True","2.8.0+cu128","12.8","3.4.0","0","Not Active","NVIDIA GeForce RTX 3050 Ti Laptop GPU","610.47","P0","1942","6001","28.77","65","Not Active","NVIDIA GeForce RTX 3050 Ti Laptop GPU","610.47","P0","1942","6001","47.87","68"
"20261006T023347Z","1","512","1024","bf16","after","triton","cuda_graph","5.498389567225432","20","5","50","2","4","1024","7967b460a166cf549ef4f80a2bd03e3a71ed068fcfd6bc38351f4cd7e57a48eb","bc9c4c76b074bd70bf02cf4d5a0e4b68b93850493e2e52019fa17ae4bd4bdeff","b1faf4b871a960dd2e14f9bb24ce18129bf16767","True","2.8.0+cu128","12.8","3.4.0","0","Not Active","NVIDIA GeForce RTX 3050 Ti Laptop GPU","610.47","P0","1942","6001","28.77","65","Not Active","NVIDIA GeForce RTX 3050 Ti Laptop GPU","610.47","P0","1942","6001","47.87","68"
"20261006T023347Z","2","512","1024","bf16","after","triton","cuda_graph","5.460354148364458","20","5","50","2","4","1024","7967b460a166cf549ef4f80a2bd03e3a71ed068fcfd6bc38351f4cd7e57a48eb","bc9c4c76b074bd70bf02cf4d5a0e4b68b93850493e2e52019fa17ae4bd4bdeff","b1faf4b871a960dd2e14f9bb24ce18129bf16767","True","2.8.0+cu128","12.8","3.4.0","0","Not Active","NVIDIA GeForce RTX 3050 Ti Laptop GPU","610.47","P0","1942","6001","28.77","65","Not Active","NVIDIA GeForce RTX 3050 Ti Laptop GPU","610.47","P0","1942","6001","47.87","68"
"20261006T023347Z","2","512","1024","bf16","before","triton","cuda_graph","6.089270345745486","20","5","50","1","4","1024","e6093007385fbfec41c730644131a7aa7ddbe199718163ff7b9b284dff9a9857","bc9c4c76b074bd70bf02cf4d5a0e4b68b93850493e2e52019fa17ae4bd4bdeff","b1faf4b871a960dd2e14f9bb24ce18129bf16767","True","2.8.0+cu128","12.8","3.4.0","0","Not Active","NVIDIA GeForce RTX 3050 Ti Laptop GPU","610.47","P0","1942","6001","28.77","65","Not Active","NVIDIA GeForce RTX 3050 Ti Laptop GPU","610.47","P0","1942","6001","47.87","68"
"20261006T023347Z","3","512","1024","bf16","before","triton","cuda_graph","6.090065138276323","20","5","50","1","4","1024","e6093007385fbfec41c730644131a7aa7ddbe199718163ff7b9b284dff9a9857","bc9c4c76b074bd70bf02cf4d5a0e4b68b93850493e2e52019fa17ae4bd4bdeff","b1faf4b871a960dd2e14f9bb24ce18129bf16767","True","2.8.0+cu128","12.8","3.4.0","0","Not Active","NVIDIA GeForce RTX 3050 Ti Laptop GPU","610.47","P0","1942","6001","28.77","65","Not Active","NVIDIA GeForce RTX 3050 Ti Laptop GPU","610.47","P0","1942","6001","47.87","68"
"20261006T023347Z","3","512","1024","bf16","after","triton","cuda_graph","5.46438440930244","20","5","50","2","4","1024","7967b460a166cf549ef4f80a2bd03e3a71ed068fcfd6bc38351f4cd7e57a48eb","bc9c4c76b074bd70bf02cf4d5a0e4b68b93850493e2e52019fa17ae4bd4bdeff","b1faf4b871a960dd2e14f9bb24ce18129bf16767","True","2.8.0+cu128","12.8","3.4.0","0","Not Active","NVIDIA GeForce RTX 3050 Ti Laptop GPU","610.47","P0","1942","6001","28.77","65","Not Active","NVIDIA GeForce RTX 3050 Ti Laptop GPU","610.47","P0","1942","6001","47.87","68"
"20261006T023347Z","4","512","1024","bf16","after","triton","cuda_graph","5.4913453983538085","20","5","50","2","4","1024","7967b460a166cf549ef4f80a2bd03e3a71ed068fcfd6bc38351f4cd7e57a48eb","bc9c4c76b074bd70bf02cf4d5a0e4b68b93850493e2e52019fa17ae4bd4bdeff","b1faf4b871a960dd2e14f9bb24ce18129bf16767","True","2.8.0+cu128","12.8","3.4.0","0","Not Active","NVIDIA GeForce RTX 3050 Ti Laptop GPU","610.47","P0","1942","6001","28.77","65","Not Active","NVIDIA GeForce RTX 3050 Ti Laptop GPU","610.47","P0","1942","6001","47.87","68"
"20261006T023347Z","4","512","1024","bf16","before","triton","cuda_graph","6.109822224579146","20","5","50","1","4","1024","e6093007385fbfec41c730644131a7aa7ddbe199718163ff7b9b284dff9a9857","bc9c4c76b074bd70bf02cf4d5a0e4b68b93850493e2e52019fa17ae4bd4bdeff","b1faf4b871a960dd2e14f9bb24ce18129bf16767","True","2.8.0+cu128","12.8","3.4.0","0","Not Active","NVIDIA GeForce RTX 3050 Ti Laptop GPU","610.47","P0","1942","6001","28.77","65","Not Active","NVIDIA GeForce RTX 3050 Ti Laptop GPU","610.47","P0","1942","6001","47.87","68"
"20261006T023347Z","5","512","1024","bf16","before","triton","cuda_graph","6.098431718912911","20","5","50","1","4","1024","e6093007385fbfec41c730644131a7aa7ddbe199718163ff7b9b284dff9a9857","bc9c4c76b074bd70bf02cf4d5a0e4b68b93850493e2e52019fa17ae4bd4bdeff","b1faf4b871a960dd2e14f9bb24ce18129bf16767","True","2.8.0+cu128","12.8","3.4.0","0","Not Active","NVIDIA GeForce RTX 3050 Ti Laptop GPU","610.47","P0","1942","6001","28.77","65","Not Active","NVIDIA GeForce RTX 3050 Ti Laptop GPU","610.47","P0","1942","6001","47.87","68"
"20261006T023347Z","5","512","1024","bf16","after","triton","cuda_graph","5.482758827136394","20","5","50","2","4","1024","7967b460a166cf549ef4f80a2bd03e3a71ed068fcfd6bc38351f4cd7e57a48eb","bc9c4c76b074bd70bf02cf4d5a0e4b68b93850493e2e52019fa17ae4bd4bdeff","b1faf4b871a960dd2e14f9bb24ce18129bf16767","True","2.8.0+cu128","12.8","3.4.0","0","Not Active","NVIDIA GeForce RTX 3050 Ti Laptop GPU","610.47","P0","1942","6001","28.77","65","Not Active","NVIDIA GeForce RTX 3050 Ti Laptop GPU","610.47","P0","1942","6001","47.87","68"
"20261006T023347Z","1","512","4096","bf16","before","triton","cuda_graph","46.733734089582214","20","5","50","1","4","4096","e6093007385fbfec41c730644131a7aa7ddbe199718163ff7b9b284dff9a9857","bc9c4c76b074bd70bf02cf4d5a0e4b68b93850493e2e52019fa17ae4bd4bdeff","b1faf4b871a960dd2e14f9bb24ce18129bf16767","True","2.8.0+cu128","12.8","3.4.0","0","Not Active","NVIDIA GeForce RTX 3050 Ti Laptop GPU","610.47","P0","1942","6001","47.87","68","Not Active","NVIDIA GeForce RTX 3050 Ti Laptop GPU","610.47","P0","1942","6001","63.36","72"
"20261006T023347Z","1","512","4096","bf16","after","triton","cuda_graph","46.687023429939096","20","5","50","1","4","4096","7967b460a166cf549ef4f80a2bd03e3a71ed068fcfd6bc38351f4cd7e57a48eb","bc9c4c76b074bd70bf02cf4d5a0e4b68b93850493e2e52019fa17ae4bd4bdeff","b1faf4b871a960dd2e14f9bb24ce18129bf16767","True","2.8.0+cu128","12.8","3.4.0","0","Not Active","NVIDIA GeForce RTX 3050 Ti Laptop GPU","610.47","P0","1942","6001","47.87","68","Not Active","NVIDIA GeForce RTX 3050 Ti Laptop GPU","610.47","P0","1942","6001","63.36","72"
"20261006T023347Z","2","512","4096","bf16","after","triton","cuda_graph","46.80347672983068","20","5","50","1","4","4096","7967b460a166cf549ef4f80a2bd03e3a71ed068fcfd6bc38351f4cd7e57a48eb","bc9c4c76b074bd70bf02cf4d5a0e4b68b93850493e2e52019fa17ae4bd4bdeff","b1faf4b871a960dd2e14f9bb24ce18129bf16767","True","2.8.0+cu128","12.8","3.4.0","0","Not Active","NVIDIA GeForce RTX 3050 Ti Laptop GPU","610.47","P0","1942","6001","47.87","68","Not Active","NVIDIA GeForce RTX 3050 Ti Laptop GPU","610.47","P0","1942","6001","63.36","72"
"20261006T023347Z","2","512","4096","bf16","before","triton","cuda_graph","46.750566233759336","20","5","50","1","4","4096","e6093007385fbfec41c730644131a7aa7ddbe199718163ff7b9b284dff9a9857","bc9c4c76b074bd70bf02cf4d5a0e4b68b93850493e2e52019fa17ae4bd4bdeff","b1faf4b871a960dd2e14f9bb24ce18129bf16767","True","2.8.0+cu128","12.8","3.4.0","0","Not Active","NVIDIA GeForce RTX 3050 Ti Laptop GPU","610.47","P0","1942","6001","47.87","68","Not Active","NVIDIA GeForce RTX 3050 Ti Laptop GPU","610.47","P0","1942","6001","63.36","72"
"20261006T023347Z","3","512","4096","bf16","before","triton","cuda_graph","46.762748491237346","20","5","50","1","4","4096","e6093007385fbfec41c730644131a7aa7ddbe199718163ff7b9b284dff9a9857","bc9c4c76b074bd70bf02cf4d5a0e4b68b93850493e2e52019fa17ae4bd4bdeff","b1faf4b871a960dd2e14f9bb24ce18129bf16767","True","2.8.0+cu128","12.8","3.4.0","0","Not Active","NVIDIA GeForce RTX 3050 Ti Laptop GPU","610.47","P0","1942","6001","47.87","68","Not Active","NVIDIA GeForce RTX 3050 Ti Laptop GPU","610.47","P0","1942","6001","63.36","72"
"20261006T023347Z","3","512","4096","bf16","after","triton","cuda_graph","46.790982066671305","20","5","50","1","4","4096","7967b460a166cf549ef4f80a2bd03e3a71ed068fcfd6bc38351f4cd7e57a48eb","bc9c4c76b074bd70bf02cf4d5a0e4b68b93850493e2e52019fa17ae4bd4bdeff","b1faf4b871a960dd2e14f9bb24ce18129bf16767","True","2.8.0+cu128","12.8","3.4.0","0","Not Active","NVIDIA GeForce RTX 3050 Ti Laptop GPU","610.47","P0","1942","6001","47.87","68","Not Active","NVIDIA GeForce RTX 3050 Ti Laptop GPU","610.47","P0","1942","6001","63.36","72"
"20261006T023347Z","4","512","4096","bf16","after","triton","cuda_graph","46.75081595308185","20","5","50","1","4","4096","7967b460a166cf549ef4f80a2bd03e3a71ed068fcfd6bc38351f4cd7e57a48eb","bc9c4c76b074bd70bf02cf4d5a0e4b68b93850493e2e52019fa17ae4bd4bdeff","b1faf4b871a960dd2e14f9bb24ce18129bf16767","True","2.8.0+cu128","12.8","3.4.0","0","Not Active","NVIDIA GeForce RTX 3050 Ti Laptop GPU","610.47","P0","1942","6001","47.87","68","Not Active","NVIDIA GeForce RTX 3050 Ti Laptop GPU","610.47","P0","1942","6001","63.36","72"
"20261006T023347Z","4","512","4096","bf16","before","triton","cuda_graph","46.754700063160975","20","5","50","1","4","4096","e6093007385fbfec41c730644131a7aa7ddbe199718163ff7b9b284dff9a9857","bc9c4c76b074bd70bf02cf4d5a0e4b68b93850493e2e52019fa17ae4bd4bdeff","b1faf4b871a960dd2e14f9bb24ce18129bf16767","True","2.8.0+cu128","12.8","3.4.0","0","Not Active","NVIDIA GeForce RTX 3050 Ti Laptop GPU","610.47","P0","1942","6001","47.87","68","Not Active","NVIDIA GeForce RTX 3050 Ti Laptop GPU","610.47","P0","1942","6001","63.36","72"
"20261006T023347Z","5","512","4096","bf16","before","triton","cuda_graph","46.773544119761276","20","5","50","1","4","4096","e6093007385fbfec41c730644131a7aa7ddbe199718163ff7b9b284dff9a9857","bc9c4c76b074bd70bf02cf4d5a0e4b68b93850493e2e52019fa17ae4bd4bdeff","b1faf4b871a960dd2e14f9bb24ce18129bf16767","True","2.8.0+cu128","12.8","3.4.0","0","Not Active","NVIDIA GeForce RTX 3050 Ti Laptop GPU","610.47","P0","1942","6001","47.87","68","Not Active","NVIDIA GeForce RTX 3050 Ti Laptop GPU","610.47","P0","1942","6001","63.36","72"
"20261006T023347Z","5","512","4096","bf16","after","triton","cuda_graph","46.78583274132718","20","5","50","1","4","4096","7967b460a166cf549ef4f80a2bd03e3a71ed068fcfd6bc38351f4cd7e57a48eb","bc9c4c76b074bd70bf02cf4d5a0e4b68b93850493e2e52019fa17ae4bd4bdeff","b1faf4b871a960dd2e14f9bb24ce18129bf16767","True","2.8.0+cu128","12.8","3.4.0","0","Not Active","NVIDIA GeForce RTX 3050 Ti Laptop GPU","610.47","P0","1942","6001","47.87","68","Not Active","NVIDIA GeForce RTX 3050 Ti Laptop GPU","610.47","P0","1942","6001","63.36","72"
"20261006T023347Z","1","512","8192","bf16","before","triton","cuda_graph","95.50856149174831","20","5","50","1","4","8192","e6093007385fbfec41c730644131a7aa7ddbe199718163ff7b9b284dff9a9857","bc9c4c76b074bd70bf02cf4d5a0e4b68b93850493e2e52019fa17ae4bd4bdeff","b1faf4b871a960dd2e14f9bb24ce18129bf16767","True","2.8.0+cu128","12.8","3.4.0","0","Not Active","NVIDIA GeForce RTX 3050 Ti Laptop GPU","610.47","P0","1942","6001","63.65","72","Not Active","NVIDIA GeForce RTX 3050 Ti Laptop GPU","610.47","P0","1942","6001","64.01","73"
"20261006T023347Z","1","512","8192","bf16","after","triton","cuda_graph","95.26007166712274","20","5","50","1","4","8192","7967b460a166cf549ef4f80a2bd03e3a71ed068fcfd6bc38351f4cd7e57a48eb","bc9c4c76b074bd70bf02cf4d5a0e4b68b93850493e2e52019fa17ae4bd4bdeff","b1faf4b871a960dd2e14f9bb24ce18129bf16767","True","2.8.0+cu128","12.8","3.4.0","0","Not Active","NVIDIA GeForce RTX 3050 Ti Laptop GPU","610.47","P0","1942","6001","63.65","72","Not Active","NVIDIA GeForce RTX 3050 Ti Laptop GPU","610.47","P0","1942","6001","64.01","73"
"20261006T023347Z","2","512","8192","bf16","after","triton","cuda_graph","95.37614546920526","20","5","50","1","4","8192","7967b460a166cf549ef4f80a2bd03e3a71ed068fcfd6bc38351f4cd7e57a48eb","bc9c4c76b074bd70bf02cf4d5a0e4b68b93850493e2e52019fa17ae4bd4bdeff","b1faf4b871a960dd2e14f9bb24ce18129bf16767","True","2.8.0+cu128","12.8","3.4.0","0","Not Active","NVIDIA GeForce RTX 3050 Ti Laptop GPU","610.47","P0","1942","6001","63.65","72","Not Active","NVIDIA GeForce RTX 3050 Ti Laptop GPU","610.47","P0","1942","6001","64.01","73"
"20261006T023347Z","2","512","8192","bf16","before","triton","cuda_graph","95.4111085269914","20","5","50","1","4","8192","e6093007385fbfec41c730644131a7aa7ddbe199718163ff7b9b284dff9a9857","bc9c4c76b074bd70bf02cf4d5a0e4b68b93850493e2e52019fa17ae4bd4bdeff","b1faf4b871a960dd2e14f9bb24ce18129bf16767","True","2.8.0+cu128","12.8","3.4.0","0","Not Active","NVIDIA GeForce RTX 3050 Ti Laptop GPU","610.47","P0","1942","6001","63.65","72","Not Active","NVIDIA GeForce RTX 3050 Ti Laptop GPU","610.47","P0","1942","6001","64.01","73"
"20261006T023347Z","3","512","8192","bf16","before","triton","cuda_graph","95.44888972364353","20","5","50","1","4","8192","e6093007385fbfec41c730644131a7aa7ddbe199718163ff7b9b284dff9a9857","bc9c4c76b074bd70bf02cf4d5a0e4b68b93850493e2e52019fa17ae4bd4bdeff","b1faf4b871a960dd2e14f9bb24ce18129bf16767","True","2.8.0+cu128","12.8","3.4.0","0","Not Active","NVIDIA GeForce RTX 3050 Ti Laptop GPU","610.47","P0","1942","6001","63.65","72","Not Active","NVIDIA GeForce RTX 3050 Ti Laptop GPU","610.47","P0","1942","6001","64.01","73"
"20261006T023347Z","3","512","8192","bf16","after","triton","cuda_graph","95.55551507970789","20","5","50","1","4","8192","7967b460a166cf549ef4f80a2bd03e3a71ed068fcfd6bc38351f4cd7e57a48eb","bc9c4c76b074bd70bf02cf4d5a0e4b68b93850493e2e52019fa17ae4bd4bdeff","b1faf4b871a960dd2e14f9bb24ce18129bf16767","True","2.8.0+cu128","12.8","3.4.0","0","Not Active","NVIDIA GeForce RTX 3050 Ti Laptop GPU","610.47","P0","1942","6001","63.65","72","Not Active","NVIDIA GeForce RTX 3050 Ti Laptop GPU","610.47","P0","1942","6001","64.01","73"
"20261006T023347Z","4","512","8192","bf16","after","triton","cuda_graph","95.57989840105776","20","5","50","1","4","8192","7967b460a166cf549ef4f80a2bd03e3a71ed068fcfd6bc38351f4cd7e57a48eb","bc9c4c76b074bd70bf02cf4d5a0e4b68b93850493e2e52019fa17ae4bd4bdeff","b1faf4b871a960dd2e14f9bb24ce18129bf16767","True","2.8.0+cu128","12.8","3.4.0","0","Not Active","NVIDIA GeForce RTX 3050 Ti Laptop GPU","610.47","P0","1942","6001","63.65","72","Not Active","NVIDIA GeForce RTX 3050 Ti Laptop GPU","610.47","P0","1942","6001","64.01","73"
"20261006T023347Z","4","512","8192","bf16","before","triton","cuda_graph","95.30281541116494","20","5","50","1","4","8192","e6093007385fbfec41c730644131a7aa7ddbe199718163ff7b9b284dff9a9857","bc9c4c76b074bd70bf02cf4d5a0e4b68b93850493e2e52019fa17ae4bd4bdeff","b1faf4b871a960dd2e14f9bb24ce18129bf16767","True","2.8.0+cu128","12.8","3.4.0","0","Not Active","NVIDIA GeForce RTX 3050 Ti Laptop GPU","610.47","P0","1942","6001","63.65","72","Not Active","NVIDIA GeForce RTX 3050 Ti Laptop GPU","610.47","P0","1942","6001","64.01","73"
"20261006T023347Z","5","512","8192","bf16","before","triton","cuda_graph","95.30500868774637","20","5","50","1","4","8192","e6093007385fbfec41c730644131a7aa7ddbe199718163ff7b9b284dff9a9857","bc9c4c76b074bd70bf02cf4d5a0e4b68b93850493e2e52019fa17ae4bd4bdeff","b1faf4b871a960dd2e14f9bb24ce18129bf16767","True","2.8.0+cu128","12.8","3.4.0","0","Not Active","NVIDIA GeForce RTX 3050 Ti Laptop GPU","610.47","P0","1942","6001","63.65","72","Not Active","NVIDIA GeForce RTX 3050 Ti Laptop GPU","610.47","P0","1942","6001","64.01","73"
"20261006T023347Z","5","512","8192","bf16","after","triton","cuda_graph","95.40414810180664","20","5","50","1","4","8192","7967b460a166cf549ef4f80a2bd03e3a71ed068fcfd6bc38351f4cd7e57a48eb","bc9c4c76b074bd70bf02cf4d5a0e4b68b93850493e2e52019fa17ae4bd4bdeff","b1faf4b871a960dd2e14f9bb24ce18129bf16767","True","2.8.0+cu128","12.8","3.4.0","0","Not Active","NVIDIA GeForce RTX 3050 Ti Laptop GPU","610.47","P0","1942","6001","63.65","72","Not Active","NVIDIA GeForce RTX 3050 Ti Laptop GPU","610.47","P0","1942","6001","64.01","73"
"20261006T023347Z","1","512","64","bf16","before","triton","cuda_graph","2.133173808873257","20","5","50","1","1","64","e6093007385fbfec41c730644131a7aa7ddbe199718163ff7b9b284dff9a9857","bc9c4c76b074bd70bf02cf4d5a0e4b68b93850493e2e52019fa17ae4bd4bdeff","b1faf4b871a960dd2e14f9bb24ce18129bf16767","True","2.8.0+cu128","12.8","3.4.0","0","Not Active","NVIDIA GeForce RTX 3050 Ti Laptop GPU","610.47","P0","1942","6001","64.01","73","Not Active","NVIDIA GeForce RTX 3050 Ti Laptop GPU","610.47","P0","1942","6001","27.12","67"
"20261006T023347Z","1","512","64","bf16","after","triton","cuda_graph","1.5208625793457031","20","5","50","2","1","64","7967b460a166cf549ef4f80a2bd03e3a71ed068fcfd6bc38351f4cd7e57a48eb","bc9c4c76b074bd70bf02cf4d5a0e4b68b93850493e2e52019fa17ae4bd4bdeff","b1faf4b871a960dd2e14f9bb24ce18129bf16767","True","2.8.0+cu128","12.8","3.4.0","0","Not Active","NVIDIA GeForce RTX 3050 Ti Laptop GPU","610.47","P0","1942","6001","64.01","73","Not Active","NVIDIA GeForce RTX 3050 Ti Laptop GPU","610.47","P0","1942","6001","27.12","67"
"20261006T023347Z","2","512","64","bf16","after","triton","cuda_graph","1.518950573009872","20","5","50","2","1","64","7967b460a166cf549ef4f80a2bd03e3a71ed068fcfd6bc38351f4cd7e57a48eb","bc9c4c76b074bd70bf02cf4d5a0e4b68b93850493e2e52019fa17ae4bd4bdeff","b1faf4b871a960dd2e14f9bb24ce18129bf16767","True","2.8.0+cu128","12.8","3.4.0","0","Not Active","NVIDIA GeForce RTX 3050 Ti Laptop GPU","610.47","P0","1942","6001","64.01","73","Not Active","NVIDIA GeForce RTX 3050 Ti Laptop GPU","610.47","P0","1942","6001","27.12","67"
"20261006T023347Z","2","512","64","bf16","before","triton","cuda_graph","2.1537494436602724","20","5","50","1","1","64","e6093007385fbfec41c730644131a7aa7ddbe199718163ff7b9b284dff9a9857","bc9c4c76b074bd70bf02cf4d5a0e4b68b93850493e2e52019fa17ae4bd4bdeff","b1faf4b871a960dd2e14f9bb24ce18129bf16767","True","2.8.0+cu128","12.8","3.4.0","0","Not Active","NVIDIA GeForce RTX 3050 Ti Laptop GPU","610.47","P0","1942","6001","64.01","73","Not Active","NVIDIA GeForce RTX 3050 Ti Laptop GPU","610.47","P0","1942","6001","27.12","67"
"20261006T023347Z","3","512","64","bf16","before","triton","cuda_graph","2.1708799997965493","20","5","50","1","1","64","e6093007385fbfec41c730644131a7aa7ddbe199718163ff7b9b284dff9a9857","bc9c4c76b074bd70bf02cf4d5a0e4b68b93850493e2e52019fa17ae4bd4bdeff","b1faf4b871a960dd2e14f9bb24ce18129bf16767","True","2.8.0+cu128","12.8","3.4.0","0","Not Active","NVIDIA GeForce RTX 3050 Ti Laptop GPU","610.47","P0","1942","6001","64.01","73","Not Active","NVIDIA GeForce RTX 3050 Ti Laptop GPU","610.47","P0","1942","6001","27.12","67"
"20261006T023347Z","3","512","64","bf16","after","triton","cuda_graph","1.5237422433275027","20","5","50","2","1","64","7967b460a166cf549ef4f80a2bd03e3a71ed068fcfd6bc38351f4cd7e57a48eb","bc9c4c76b074bd70bf02cf4d5a0e4b68b93850493e2e52019fa17ae4bd4bdeff","b1faf4b871a960dd2e14f9bb24ce18129bf16767","True","2.8.0+cu128","12.8","3.4.0","0","Not Active","NVIDIA GeForce RTX 3050 Ti Laptop GPU","610.47","P0","1942","6001","64.01","73","Not Active","NVIDIA GeForce RTX 3050 Ti Laptop GPU","610.47","P0","1942","6001","27.12","67"
"20261006T023347Z","4","512","64","bf16","after","triton","cuda_graph","1.5248116047647815","20","5","50","2","1","64","7967b460a166cf549ef4f80a2bd03e3a71ed068fcfd6bc38351f4cd7e57a48eb","bc9c4c76b074bd70bf02cf4d5a0e4b68b93850493e2e52019fa17ae4bd4bdeff","b1faf4b871a960dd2e14f9bb24ce18129bf16767","True","2.8.0+cu128","12.8","3.4.0","0","Not Active","NVIDIA GeForce RTX 3050 Ti Laptop GPU","610.47","P0","1942","6001","64.01","73","Not Active","NVIDIA GeForce RTX 3050 Ti Laptop GPU","610.47","P0","1942","6001","27.12","67"
"20261006T023347Z","4","512","64","bf16","before","triton","cuda_graph","2.182213571465131","20","5","50","1","1","64","e6093007385fbfec41c730644131a7aa7ddbe199718163ff7b9b284dff9a9857","bc9c4c76b074bd70bf02cf4d5a0e4b68b93850493e2e52019fa17ae4bd4bdeff","b1faf4b871a960dd2e14f9bb24ce18129bf16767","True","2.8.0+cu128","12.8","3.4.0","0","Not Active","NVIDIA GeForce RTX 3050 Ti Laptop GPU","610.47","P0","1942","6001","64.01","73","Not Active","NVIDIA GeForce RTX 3050 Ti Laptop GPU","610.47","P0","1942","6001","27.12","67"
"20261006T023347Z","5","512","64","bf16","before","triton","cuda_graph","2.135458953088994","20","5","50","1","1","64","e6093007385fbfec41c730644131a7aa7ddbe199718163ff7b9b284dff9a9857","bc9c4c76b074bd70bf02cf4d5a0e4b68b93850493e2e52019fa17ae4bd4bdeff","b1faf4b871a960dd2e14f9bb24ce18129bf16767","True","2.8.0+cu128","12.8","3.4.0","0","Not Active","NVIDIA GeForce RTX 3050 Ti Laptop GPU","610.47","P0","1942","6001","64.01","73","Not Active","NVIDIA GeForce RTX 3050 Ti Laptop GPU","610.47","P0","1942","6001","27.12","67"
"20261006T023347Z","5","512","64","bf16","after","triton","cuda_graph","2.6673495212447977","20","5","50","2","1","64","7967b460a166cf549ef4f80a2bd03e3a71ed068fcfd6bc38351f4cd7e57a48eb","bc9c4c76b074bd70bf02cf4d5a0e4b68b93850493e2e52019fa17ae4bd4bdeff","b1faf4b871a960dd2e14f9bb24ce18129bf16767","True","2.8.0+cu128","12.8","3.4.0","0","Not Active","NVIDIA GeForce RTX 3050 Ti Laptop GPU","610.47","P0","1942","6001","64.01","73","Not Active","NVIDIA GeForce RTX 3050 Ti Laptop GPU","610.47","P0","1942","6001","27.12","67"
"20261006T023347Z","1","512","127","bf16","before","triton","cuda_graph","2.2897777850167795","20","5","50","1","1","128","e6093007385fbfec41c730644131a7aa7ddbe199718163ff7b9b284dff9a9857","bc9c4c76b074bd70bf02cf4d5a0e4b68b93850493e2e52019fa17ae4bd4bdeff","b1faf4b871a960dd2e14f9bb24ce18129bf16767","True","2.8.0+cu128","12.8","3.4.0","0","Not Active","NVIDIA GeForce RTX 3050 Ti Laptop GPU","610.47","P0","1942","6001","27.24","67","Not Active","NVIDIA GeForce RTX 3050 Ti Laptop GPU","610.47","P0","997","6001","20.98","65"
"20261006T023347Z","1","512","127","bf16","after","triton","cuda_graph","1.7579653244716813","20","5","50","2","1","128","7967b460a166cf549ef4f80a2bd03e3a71ed068fcfd6bc38351f4cd7e57a48eb","bc9c4c76b074bd70bf02cf4d5a0e4b68b93850493e2e52019fa17ae4bd4bdeff","b1faf4b871a960dd2e14f9bb24ce18129bf16767","True","2.8.0+cu128","12.8","3.4.0","0","Not Active","NVIDIA GeForce RTX 3050 Ti Laptop GPU","610.47","P0","1942","6001","27.24","67","Not Active","NVIDIA GeForce RTX 3050 Ti Laptop GPU","610.47","P0","997","6001","20.98","65"
"20261006T023347Z","2","512","127","bf16","after","triton","cuda_graph","1.721461244903974","20","5","50","2","1","128","7967b460a166cf549ef4f80a2bd03e3a71ed068fcfd6bc38351f4cd7e57a48eb","bc9c4c76b074bd70bf02cf4d5a0e4b68b93850493e2e52019fa17ae4bd4bdeff","b1faf4b871a960dd2e14f9bb24ce18129bf16767","True","2.8.0+cu128","12.8","3.4.0","0","Not Active","NVIDIA GeForce RTX 3050 Ti Laptop GPU","610.47","P0","1942","6001","27.24","67","Not Active","NVIDIA GeForce RTX 3050 Ti Laptop GPU","610.47","P0","997","6001","20.98","65"
"20261006T023347Z","2","512","127","bf16","before","triton","cuda_graph","2.8027378408650585","20","5","50","1","1","128","e6093007385fbfec41c730644131a7aa7ddbe199718163ff7b9b284dff9a9857","bc9c4c76b074bd70bf02cf4d5a0e4b68b93850493e2e52019fa17ae4bd4bdeff","b1faf4b871a960dd2e14f9bb24ce18129bf16767","True","2.8.0+cu128","12.8","3.4.0","0","Not Active","NVIDIA GeForce RTX 3050 Ti Laptop GPU","610.47","P0","1942","6001","27.24","67","Not Active","NVIDIA GeForce RTX 3050 Ti Laptop GPU","610.47","P0","997","6001","20.98","65"
"20261006T023347Z","3","512","127","bf16","before","triton","cuda_graph","4.092977983754562","20","5","50","1","1","128","e6093007385fbfec41c730644131a7aa7ddbe199718163ff7b9b284dff9a9857","bc9c4c76b074bd70bf02cf4d5a0e4b68b93850493e2e52019fa17ae4bd4bdeff","b1faf4b871a960dd2e14f9bb24ce18129bf16767","True","2.8.0+cu128","12.8","3.4.0","0","Not Active","NVIDIA GeForce RTX 3050 Ti Laptop GPU","610.47","P0","1942","6001","27.24","67","Not Active","NVIDIA GeForce RTX 3050 Ti Laptop GPU","610.47","P0","997","6001","20.98","65"
"20261006T023347Z","3","512","127","bf16","after","triton","cuda_graph","3.1351312253270214","20","5","50","2","1","128","7967b460a166cf549ef4f80a2bd03e3a71ed068fcfd6bc38351f4cd7e57a48eb","bc9c4c76b074bd70bf02cf4d5a0e4b68b93850493e2e52019fa17ae4bd4bdeff","b1faf4b871a960dd2e14f9bb24ce18129bf16767","True","2.8.0+cu128","12.8","3.4.0","0","Not Active","NVIDIA GeForce RTX 3050 Ti Laptop GPU","610.47","P0","1942","6001","27.24","67","Not Active","NVIDIA GeForce RTX 3050 Ti Laptop GPU","610.47","P0","997","6001","20.98","65"
"20261006T023347Z","4","512","127","bf16","after","triton","cuda_graph","3.210795212940997","20","5","50","2","1","128","7967b460a166cf549ef4f80a2bd03e3a71ed068fcfd6bc38351f4cd7e57a48eb","bc9c4c76b074bd70bf02cf4d5a0e4b68b93850493e2e52019fa17ae4bd4bdeff","b1faf4b871a960dd2e14f9bb24ce18129bf16767","True","2.8.0+cu128","12.8","3.4.0","0","Not Active","NVIDIA GeForce RTX 3050 Ti Laptop GPU","610.47","P0","1942","6001","27.24","67","Not Active","NVIDIA GeForce RTX 3050 Ti Laptop GPU","610.47","P0","997","6001","20.98","65"
"20261006T023347Z","4","512","127","bf16","before","triton","cuda_graph","4.329345078594917","20","5","50","1","1","128","e6093007385fbfec41c730644131a7aa7ddbe199718163ff7b9b284dff9a9857","bc9c4c76b074bd70bf02cf4d5a0e4b68b93850493e2e52019fa17ae4bd4bdeff","b1faf4b871a960dd2e14f9bb24ce18129bf16767","True","2.8.0+cu128","12.8","3.4.0","0","Not Active","NVIDIA GeForce RTX 3050 Ti Laptop GPU","610.47","P0","1942","6001","27.24","67","Not Active","NVIDIA GeForce RTX 3050 Ti Laptop GPU","610.47","P0","997","6001","20.98","65"
"20261006T023347Z","5","512","127","bf16","before","triton","cuda_graph","4.448130665993204","20","5","50","1","1","128","e6093007385fbfec41c730644131a7aa7ddbe199718163ff7b9b284dff9a9857","bc9c4c76b074bd70bf02cf4d5a0e4b68b93850493e2e52019fa17ae4bd4bdeff","b1faf4b871a960dd2e14f9bb24ce18129bf16767","True","2.8.0+cu128","12.8","3.4.0","0","Not Active","NVIDIA GeForce RTX 3050 Ti Laptop GPU","610.47","P0","1942","6001","27.24","67","Not Active","NVIDIA GeForce RTX 3050 Ti Laptop GPU","610.47","P0","997","6001","20.98","65"
"20261006T023347Z","5","512","127","bf16","after","triton","cuda_graph","3.3995647815110313","20","5","50","2","1","128","7967b460a166cf549ef4f80a2bd03e3a71ed068fcfd6bc38351f4cd7e57a48eb","bc9c4c76b074bd70bf02cf4d5a0e4b68b93850493e2e52019fa17ae4bd4bdeff","b1faf4b871a960dd2e14f9bb24ce18129bf16767","True","2.8.0+cu128","12.8","3.4.0","0","Not Active","NVIDIA GeForce RTX 3050 Ti Laptop GPU","610.47","P0","1942","6001","27.24","67","Not Active","NVIDIA GeForce RTX 3050 Ti Laptop GPU","610.47","P0","997","6001","20.98","65"
"20261006T023347Z","1","512","129","bf16","before","triton","cuda_graph","4.996390487399139","20","5","50","1","1","256","e6093007385fbfec41c730644131a7aa7ddbe199718163ff7b9b284dff9a9857","bc9c4c76b074bd70bf02cf4d5a0e4b68b93850493e2e52019fa17ae4bd4bdeff","b1faf4b871a960dd2e14f9bb24ce18129bf16767","True","2.8.0+cu128","12.8","3.4.0","0","Not Active","NVIDIA GeForce RTX 3050 Ti Laptop GPU","610.47","P0","997","6001","19.64","65","Not Active","NVIDIA GeForce RTX 3050 Ti Laptop GPU","610.47","P0","1335","6001","18.66","64"
"20261006T023347Z","1","512","129","bf16","after","triton","cuda_graph","3.8052992442684705","20","5","50","2","1","256","7967b460a166cf549ef4f80a2bd03e3a71ed068fcfd6bc38351f4cd7e57a48eb","bc9c4c76b074bd70bf02cf4d5a0e4b68b93850493e2e52019fa17ae4bd4bdeff","b1faf4b871a960dd2e14f9bb24ce18129bf16767","True","2.8.0+cu128","12.8","3.4.0","0","Not Active","NVIDIA GeForce RTX 3050 Ti Laptop GPU","610.47","P0","997","6001","19.64","65","Not Active","NVIDIA GeForce RTX 3050 Ti Laptop GPU","610.47","P0","1335","6001","18.66","64"
"20261006T023347Z","2","512","129","bf16","after","triton","cuda_graph","3.986819290820463","20","5","50","2","1","256","7967b460a166cf549ef4f80a2bd03e3a71ed068fcfd6bc38351f4cd7e57a48eb","bc9c4c76b074bd70bf02cf4d5a0e4b68b93850493e2e52019fa17ae4bd4bdeff","b1faf4b871a960dd2e14f9bb24ce18129bf16767","True","2.8.0+cu128","12.8","3.4.0","0","Not Active","NVIDIA GeForce RTX 3050 Ti Laptop GPU","610.47","P0","997","6001","19.64","65","Not Active","NVIDIA GeForce RTX 3050 Ti Laptop GPU","610.47","P0","1335","6001","18.66","64"
"20261006T023347Z","2","512","129","bf16","before","triton","cuda_graph","5.162252384482078","20","5","50","1","1","256","e6093007385fbfec41c730644131a7aa7ddbe199718163ff7b9b284dff9a9857","bc9c4c76b074bd70bf02cf4d5a0e4b68b93850493e2e52019fa17ae4bd4bdeff","b1faf4b871a960dd2e14f9bb24ce18129bf16767","True","2.8.0+cu128","12.8","3.4.0","0","Not Active","NVIDIA GeForce RTX 3050 Ti Laptop GPU","610.47","P0","997","6001","19.64","65","Not Active","NVIDIA GeForce RTX 3050 Ti Laptop GPU","610.47","P0","1335","6001","18.66","64"
"20261006T023347Z","3","512","129","bf16","before","triton","cuda_graph","5.209471669085449","20","5","50","1","1","256","e6093007385fbfec41c730644131a7aa7ddbe199718163ff7b9b284dff9a9857","bc9c4c76b074bd70bf02cf4d5a0e4b68b93850493e2e52019fa17ae4bd4bdeff","b1faf4b871a960dd2e14f9bb24ce18129bf16767","True","2.8.0+cu128","12.8","3.4.0","0","Not Active","NVIDIA GeForce RTX 3050 Ti Laptop GPU","610.47","P0","997","6001","19.64","65","Not Active","NVIDIA GeForce RTX 3050 Ti Laptop GPU","610.47","P0","1335","6001","18.66","64"
"20261006T023347Z","3","512","129","bf16","after","triton","cuda_graph","4.083909848377726","20","5","50","2","1","256","7967b460a166cf549ef4f80a2bd03e3a71ed068fcfd6bc38351f4cd7e57a48eb","bc9c4c76b074bd70bf02cf4d5a0e4b68b93850493e2e52019fa17ae4bd4bdeff","b1faf4b871a960dd2e14f9bb24ce18129bf16767","True","2.8.0+cu128","12.8","3.4.0","0","Not Active","NVIDIA GeForce RTX 3050 Ti Laptop GPU","610.47","P0","997","6001","19.64","65","Not Active","NVIDIA GeForce RTX 3050 Ti Laptop GPU","610.47","P0","1335","6001","18.66","64"
"20261006T023347Z","4","512","129","bf16","after","triton","cuda_graph","2.546780832009773","20","5","50","2","1","256","7967b460a166cf549ef4f80a2bd03e3a71ed068fcfd6bc38351f4cd7e57a48eb","bc9c4c76b074bd70bf02cf4d5a0e4b68b93850493e2e52019fa17ae4bd4bdeff","b1faf4b871a960dd2e14f9bb24ce18129bf16767","True","2.8.0+cu128","12.8","3.4.0","0","Not Active","NVIDIA GeForce RTX 3050 Ti Laptop GPU","610.47","P0","997","6001","19.64","65","Not Active","NVIDIA GeForce RTX 3050 Ti Laptop GPU","610.47","P0","1335","6001","18.66","64"
"20261006T023347Z","4","512","129","bf16","before","triton","cuda_graph","3.3093273411308664","20","5","50","1","1","256","e6093007385fbfec41c730644131a7aa7ddbe199718163ff7b9b284dff9a9857","bc9c4c76b074bd70bf02cf4d5a0e4b68b93850493e2e52019fa17ae4bd4bdeff","b1faf4b871a960dd2e14f9bb24ce18129bf16767","True","2.8.0+cu128","12.8","3.4.0","0","Not Active","NVIDIA GeForce RTX 3050 Ti Laptop GPU","610.47","P0","997","6001","19.64","65","Not Active","NVIDIA GeForce RTX 3050 Ti Laptop GPU","610.47","P0","1335","6001","18.66","64"
"20261006T023347Z","5","512","129","bf16","before","triton","cuda_graph","3.3399544813258144","20","5","50","1","1","256","e6093007385fbfec41c730644131a7aa7ddbe199718163ff7b9b284dff9a9857","bc9c4c76b074bd70bf02cf4d5a0e4b68b93850493e2e52019fa17ae4bd4bdeff","b1faf4b871a960dd2e14f9bb24ce18129bf16767","True","2.8.0+cu128","12.8","3.4.0","0","Not Active","NVIDIA GeForce RTX 3050 Ti Laptop GPU","610.47","P0","997","6001","19.64","65","Not Active","NVIDIA GeForce RTX 3050 Ti Laptop GPU","610.47","P0","1335","6001","18.66","64"
"20261006T023347Z","5","512","129","bf16","after","triton","cuda_graph","2.5665190264246953","20","5","50","2","1","256","7967b460a166cf549ef4f80a2bd03e3a71ed068fcfd6bc38351f4cd7e57a48eb","bc9c4c76b074bd70bf02cf4d5a0e4b68b93850493e2e52019fa17ae4bd4bdeff","b1faf4b871a960dd2e14f9bb24ce18129bf16767","True","2.8.0+cu128","12.8","3.4.0","0","Not Active","NVIDIA GeForce RTX 3050 Ti Laptop GPU","610.47","P0","997","6001","19.64","65","Not Active","NVIDIA GeForce RTX 3050 Ti Laptop GPU","610.47","P0","1335","6001","18.66","64"
"20261006T023347Z","1","512","255","bf16","before","triton","cuda_graph","3.488621711730957","20","5","50","1","1","256","e6093007385fbfec41c730644131a7aa7ddbe199718163ff7b9b284dff9a9857","bc9c4c76b074bd70bf02cf4d5a0e4b68b93850493e2e52019fa17ae4bd4bdeff","b1faf4b871a960dd2e14f9bb24ce18129bf16767","True","2.8.0+cu128","12.8","3.4.0","0","Not Active","NVIDIA GeForce RTX 3050 Ti Laptop GPU","610.47","P0","1335","6001","18.74","64","Not Active","NVIDIA GeForce RTX 3050 Ti Laptop GPU","610.47","P0","1200","6001","20.56","64"
"20261006T023347Z","1","512","255","bf16","after","triton","cuda_graph","3.223990672403498","20","5","50","2","1","256","7967b460a166cf549ef4f80a2bd03e3a71ed068fcfd6bc38351f4cd7e57a48eb","bc9c4c76b074bd70bf02cf4d5a0e4b68b93850493e2e52019fa17ae4bd4bdeff","b1faf4b871a960dd2e14f9bb24ce18129bf16767","True","2.8.0+cu128","12.8","3.4.0","0","Not Active","NVIDIA GeForce RTX 3050 Ti Laptop GPU","610.47","P0","1335","6001","18.74","64","Not Active","NVIDIA GeForce RTX 3050 Ti Laptop GPU","610.47","P0","1200","6001","20.56","64"
"20261006T023347Z","2","512","255","bf16","after","triton","cuda_graph","3.2039999537620685","20","5","50","2","1","256","7967b460a166cf549ef4f80a2bd03e3a71ed068fcfd6bc38351f4cd7e57a48eb","bc9c4c76b074bd70bf02cf4d5a0e4b68b93850493e2e52019fa17ae4bd4bdeff","b1faf4b871a960dd2e14f9bb24ce18129bf16767","True","2.8.0+cu128","12.8","3.4.0","0","Not Active","NVIDIA GeForce RTX 3050 Ti Laptop GPU","610.47","P0","1335","6001","18.74","64","Not Active","NVIDIA GeForce RTX 3050 Ti Laptop GPU","610.47","P0","1200","6001","20.56","64"
"20261006T023347Z","2","512","255","bf16","before","triton","cuda_graph","3.5031135722870976","20","5","50","1","1","256","e6093007385fbfec41c730644131a7aa7ddbe199718163ff7b9b284dff9a9857","bc9c4c76b074bd70bf02cf4d5a0e4b68b93850493e2e52019fa17ae4bd4bdeff","b1faf4b871a960dd2e14f9bb24ce18129bf16767","True","2.8.0+cu128","12.8","3.4.0","0","Not Active","NVIDIA GeForce RTX 3050 Ti Laptop GPU","610.47","P0","1335","6001","18.74","64","Not Active","NVIDIA GeForce RTX 3050 Ti Laptop GPU","610.47","P0","1200","6001","20.56","64"
"20261006T023347Z","3","512","255","bf16","before","triton","cuda_graph","3.4738720655441284","20","5","50","1","1","256","e6093007385fbfec41c730644131a7aa7ddbe199718163ff7b9b284dff9a9857","bc9c4c76b074bd70bf02cf4d5a0e4b68b93850493e2e52019fa17ae4bd4bdeff","b1faf4b871a960dd2e14f9bb24ce18129bf16767","True","2.8.0+cu128","12.8","3.4.0","0","Not Active","NVIDIA GeForce RTX 3050 Ti Laptop GPU","610.47","P0","1335","6001","18.74","64","Not Active","NVIDIA GeForce RTX 3050 Ti Laptop GPU","610.47","P0","1200","6001","20.56","64"
"20261006T023347Z","3","512","255","bf16","after","triton","cuda_graph","3.216267529139949","20","5","50","2","1","256","7967b460a166cf549ef4f80a2bd03e3a71ed068fcfd6bc38351f4cd7e57a48eb","bc9c4c76b074bd70bf02cf4d5a0e4b68b93850493e2e52019fa17ae4bd4bdeff","b1faf4b871a960dd2e14f9bb24ce18129bf16767","True","2.8.0+cu128","12.8","3.4.0","0","Not Active","NVIDIA GeForce RTX 3050 Ti Laptop GPU","610.47","P0","1335","6001","18.74","64","Not Active","NVIDIA GeForce RTX 3050 Ti Laptop GPU","610.47","P0","1200","6001","20.56","64"
"20261006T023347Z","4","512","255","bf16","after","triton","cuda_graph","3.2242225188009686","20","5","50","2","1","256","7967b460a166cf549ef4f80a2bd03e3a71ed068fcfd6bc38351f4cd7e57a48eb","bc9c4c76b074bd70bf02cf4d5a0e4b68b93850493e2e52019fa17ae4bd4bdeff","b1faf4b871a960dd2e14f9bb24ce18129bf16767","True","2.8.0+cu128","12.8","3.4.0","0","Not Active","NVIDIA GeForce RTX 3050 Ti Laptop GPU","610.47","P0","1335","6001","18.74","64","Not Active","NVIDIA GeForce RTX 3050 Ti Laptop GPU","610.47","P0","1200","6001","20.56","64"
"20261006T023347Z","4","512","255","bf16","before","triton","cuda_graph","3.606919428748542","20","5","50","1","1","256","e6093007385fbfec41c730644131a7aa7ddbe199718163ff7b9b284dff9a9857","bc9c4c76b074bd70bf02cf4d5a0e4b68b93850493e2e52019fa17ae4bd4bdeff","b1faf4b871a960dd2e14f9bb24ce18129bf16767","True","2.8.0+cu128","12.8","3.4.0","0","Not Active","NVIDIA GeForce RTX 3050 Ti Laptop GPU","610.47","P0","1335","6001","18.74","64","Not Active","NVIDIA GeForce RTX 3050 Ti Laptop GPU","610.47","P0","1200","6001","20.56","64"
"20261006T023347Z","5","512","255","bf16","before","triton","cuda_graph","3.8474383884006076","20","5","50","1","1","256","e6093007385fbfec41c730644131a7aa7ddbe199718163ff7b9b284dff9a9857","bc9c4c76b074bd70bf02cf4d5a0e4b68b93850493e2e52019fa17ae4bd4bdeff","b1faf4b871a960dd2e14f9bb24ce18129bf16767","True","2.8.0+cu128","12.8","3.4.0","0","Not Active","NVIDIA GeForce RTX 3050 Ti Laptop GPU","610.47","P0","1335","6001","18.74","64","Not Active","NVIDIA GeForce RTX 3050 Ti Laptop GPU","610.47","P0","1200","6001","20.56","64"
"20261006T023347Z","5","512","255","bf16","after","triton","cuda_graph","3.6274589973672313","20","5","50","2","1","256","7967b460a166cf549ef4f80a2bd03e3a71ed068fcfd6bc38351f4cd7e57a48eb","bc9c4c76b074bd70bf02cf4d5a0e4b68b93850493e2e52019fa17ae4bd4bdeff","b1faf4b871a960dd2e14f9bb24ce18129bf16767","True","2.8.0+cu128","12.8","3.4.0","0","Not Active","NVIDIA GeForce RTX 3050 Ti Laptop GPU","610.47","P0","1335","6001","18.74","64","Not Active","NVIDIA GeForce RTX 3050 Ti Laptop GPU","610.47","P0","1200","6001","20.56","64"
"20261006T023347Z","1","512","256","bf16","before","triton","cuda_graph","4.192444392376476","20","5","50","1","1","256","e6093007385fbfec41c730644131a7aa7ddbe199718163ff7b9b284dff9a9857","bc9c4c76b074bd70bf02cf4d5a0e4b68b93850493e2e52019fa17ae4bd4bdeff","b1faf4b871a960dd2e14f9bb24ce18129bf16767","True","2.8.0+cu128","12.8","3.4.0","0","Not Active","NVIDIA GeForce RTX 3050 Ti Laptop GPU","610.47","P0","1200","6001","20.56","64","Not Active","NVIDIA GeForce RTX 3050 Ti Laptop GPU","610.47","P3","877","5501","17.59","63"
"20261006T023347Z","1","512","256","bf16","after","triton","cuda_graph","3.3257165914484483","20","5","50","2","1","256","7967b460a166cf549ef4f80a2bd03e3a71ed068fcfd6bc38351f4cd7e57a48eb","bc9c4c76b074bd70bf02cf4d5a0e4b68b93850493e2e52019fa17ae4bd4bdeff","b1faf4b871a960dd2e14f9bb24ce18129bf16767","True","2.8.0+cu128","12.8","3.4.0","0","Not Active","NVIDIA GeForce RTX 3050 Ti Laptop GPU","610.47","P0","1200","6001","20.56","64","Not Active","NVIDIA GeForce RTX 3050 Ti Laptop GPU","610.47","P3","877","5501","17.59","63"
"20261006T023347Z","2","512","256","bf16","after","triton","cuda_graph","3.4545508570641097","20","5","50","2","1","256","7967b460a166cf549ef4f80a2bd03e3a71ed068fcfd6bc38351f4cd7e57a48eb","bc9c4c76b074bd70bf02cf4d5a0e4b68b93850493e2e52019fa17ae4bd4bdeff","b1faf4b871a960dd2e14f9bb24ce18129bf16767","True","2.8.0+cu128","12.8","3.4.0","0","Not Active","NVIDIA GeForce RTX 3050 Ti Laptop GPU","610.47","P0","1200","6001","20.56","64","Not Active","NVIDIA GeForce RTX 3050 Ti Laptop GPU","610.47","P3","877","5501","17.59","63"
"20261006T023347Z","2","512","256","bf16","before","triton","cuda_graph","4.529992643261763","20","5","50","1","1","256","e6093007385fbfec41c730644131a7aa7ddbe199718163ff7b9b284dff9a9857","bc9c4c76b074bd70bf02cf4d5a0e4b68b93850493e2e52019fa17ae4bd4bdeff","b1faf4b871a960dd2e14f9bb24ce18129bf16767","True","2.8.0+cu128","12.8","3.4.0","0","Not Active","NVIDIA GeForce RTX 3050 Ti Laptop GPU","610.47","P0","1200","6001","20.56","64","Not Active","NVIDIA GeForce RTX 3050 Ti Laptop GPU","610.47","P3","877","5501","17.59","63"
"20261006T023347Z","3","512","256","bf16","before","triton","cuda_graph","4.571087386670812","20","5","50","1","1","256","e6093007385fbfec41c730644131a7aa7ddbe199718163ff7b9b284dff9a9857","bc9c4c76b074bd70bf02cf4d5a0e4b68b93850493e2e52019fa17ae4bd4bdeff","b1faf4b871a960dd2e14f9bb24ce18129bf16767","True","2.8.0+cu128","12.8","3.4.0","0","Not Active","NVIDIA GeForce RTX 3050 Ti Laptop GPU","610.47","P0","1200","6001","20.56","64","Not Active","NVIDIA GeForce RTX 3050 Ti Laptop GPU","610.47","P3","877","5501","17.59","63"
"20261006T023347Z","3","512","256","bf16","after","triton","cuda_graph","3.5557756110362893","20","5","50","2","1","256","7967b460a166cf549ef4f80a2bd03e3a71ed068fcfd6bc38351f4cd7e57a48eb","bc9c4c76b074bd70bf02cf4d5a0e4b68b93850493e2e52019fa17ae4bd4bdeff","b1faf4b871a960dd2e14f9bb24ce18129bf16767","True","2.8.0+cu128","12.8","3.4.0","0","Not Active","NVIDIA GeForce RTX 3050 Ti Laptop GPU","610.47","P0","1200","6001","20.56","64","Not Active","NVIDIA GeForce RTX 3050 Ti Laptop GPU","610.47","P3","877","5501","17.59","63"
"20261006T023347Z","4","512","256","bf16","after","triton","cuda_graph","3.734776997625977","20","5","50","2","1","256","7967b460a166cf549ef4f80a2bd03e3a71ed068fcfd6bc38351f4cd7e57a48eb","bc9c4c76b074bd70bf02cf4d5a0e4b68b93850493e2e52019fa17ae4bd4bdeff","b1faf4b871a960dd2e14f9bb24ce18129bf16767","True","2.8.0+cu128","12.8","3.4.0","0","Not Active","NVIDIA GeForce RTX 3050 Ti Laptop GPU","610.47","P0","1200","6001","20.56","64","Not Active","NVIDIA GeForce RTX 3050 Ti Laptop GPU","610.47","P3","877","5501","17.59","63"
"20261006T023347Z","4","512","256","bf16","before","triton","cuda_graph","5.047578952814403","20","5","50","1","1","256","e6093007385fbfec41c730644131a7aa7ddbe199718163ff7b9b284dff9a9857","bc9c4c76b074bd70bf02cf4d5a0e4b68b93850493e2e52019fa17ae4bd4bdeff","b1faf4b871a960dd2e14f9bb24ce18129bf16767","True","2.8.0+cu128","12.8","3.4.0","0","Not Active","NVIDIA GeForce RTX 3050 Ti Laptop GPU","610.47","P0","1200","6001","20.56","64","Not Active","NVIDIA GeForce RTX 3050 Ti Laptop GPU","610.47","P3","877","5501","17.59","63"
"20261006T023347Z","5","512","256","bf16","before","triton","cuda_graph","5.078097133685255","20","5","50","1","1","256","e6093007385fbfec41c730644131a7aa7ddbe199718163ff7b9b284dff9a9857","bc9c4c76b074bd70bf02cf4d5a0e4b68b93850493e2e52019fa17ae4bd4bdeff","b1faf4b871a960dd2e14f9bb24ce18129bf16767","True","2.8.0+cu128","12.8","3.4.0","0","Not Active","NVIDIA GeForce RTX 3050 Ti Laptop GPU","610.47","P0","1200","6001","20.56","64","Not Active","NVIDIA GeForce RTX 3050 Ti Laptop GPU","610.47","P3","877","5501","17.59","63"
"20261006T023347Z","5","512","256","bf16","after","triton","cuda_graph","3.8085245206707814","20","5","50","2","1","256","7967b460a166cf549ef4f80a2bd03e3a71ed068fcfd6bc38351f4cd7e57a48eb","bc9c4c76b074bd70bf02cf4d5a0e4b68b93850493e2e52019fa17ae4bd4bdeff","b1faf4b871a960dd2e14f9bb24ce18129bf16767","True","2.8.0+cu128","12.8","3.4.0","0","Not Active","NVIDIA GeForce RTX 3050 Ti Laptop GPU","610.47","P0","1200","6001","20.56","64","Not Active","NVIDIA GeForce RTX 3050 Ti Laptop GPU","610.47","P3","877","5501","17.59","63"
"20261006T023347Z","1","512","257","bf16","before","triton","cuda_graph","10.4988371319783","20","5","50","1","4","512","e6093007385fbfec41c730644131a7aa7ddbe199718163ff7b9b284dff9a9857","bc9c4c76b074bd70bf02cf4d5a0e4b68b93850493e2e52019fa17ae4bd4bdeff","b1faf4b871a960dd2e14f9bb24ce18129bf16767","True","2.8.0+cu128","12.8","3.4.0","0","Not Active","NVIDIA GeForce RTX 3050 Ti Laptop GPU","610.47","P3","877","5501","17.46","63","Not Active","NVIDIA GeForce RTX 3050 Ti Laptop GPU","610.47","P0","1327","6001","22.80","64"
"20261006T023347Z","1","512","257","bf16","after","triton","cuda_graph","6.271446791824434","20","5","50","2","4","512","7967b460a166cf549ef4f80a2bd03e3a71ed068fcfd6bc38351f4cd7e57a48eb","bc9c4c76b074bd70bf02cf4d5a0e4b68b93850493e2e52019fa17ae4bd4bdeff","b1faf4b871a960dd2e14f9bb24ce18129bf16767","True","2.8.0+cu128","12.8","3.4.0","0","Not Active","NVIDIA GeForce RTX 3050 Ti Laptop GPU","610.47","P3","877","5501","17.46","63","Not Active","NVIDIA GeForce RTX 3050 Ti Laptop GPU","610.47","P0","1327","6001","22.80","64"
"20261006T023347Z","2","512","257","bf16","after","triton","cuda_graph","6.289275877314843","20","5","50","2","4","512","7967b460a166cf549ef4f80a2bd03e3a71ed068fcfd6bc38351f4cd7e57a48eb","bc9c4c76b074bd70bf02cf4d5a0e4b68b93850493e2e52019fa17ae4bd4bdeff","b1faf4b871a960dd2e14f9bb24ce18129bf16767","True","2.8.0+cu128","12.8","3.4.0","0","Not Active","NVIDIA GeForce RTX 3050 Ti Laptop GPU","610.47","P3","877","5501","17.46","63","Not Active","NVIDIA GeForce RTX 3050 Ti Laptop GPU","610.47","P0","1327","6001","22.80","64"
"20261006T023347Z","2","512","257","bf16","before","triton","cuda_graph","6.98260842826444","20","5","50","1","4","512","e6093007385fbfec41c730644131a7aa7ddbe199718163ff7b9b284dff9a9857","bc9c4c76b074bd70bf02cf4d5a0e4b68b93850493e2e52019fa17ae4bd4bdeff","b1faf4b871a960dd2e14f9bb24ce18129bf16767","True","2.8.0+cu128","12.8","3.4.0","0","Not Active","NVIDIA GeForce RTX 3050 Ti Laptop GPU","610.47","P3","877","5501","17.46","63","Not Active","NVIDIA GeForce RTX 3050 Ti Laptop GPU","610.47","P0","1327","6001","22.80","64"
"20261006T023347Z","3","512","257","bf16","before","triton","cuda_graph","6.146381289459938","20","5","50","1","4","512","e6093007385fbfec41c730644131a7aa7ddbe199718163ff7b9b284dff9a9857","bc9c4c76b074bd70bf02cf4d5a0e4b68b93850493e2e52019fa17ae4bd4bdeff","b1faf4b871a960dd2e14f9bb24ce18129bf16767","True","2.8.0+cu128","12.8","3.4.0","0","Not Active","NVIDIA GeForce RTX 3050 Ti Laptop GPU","610.47","P3","877","5501","17.46","63","Not Active","NVIDIA GeForce RTX 3050 Ti Laptop GPU","610.47","P0","1327","6001","22.80","64"
"20261006T023347Z","3","512","257","bf16","after","triton","cuda_graph","5.545848728622745","20","5","50","2","4","512","7967b460a166cf549ef4f80a2bd03e3a71ed068fcfd6bc38351f4cd7e57a48eb","bc9c4c76b074bd70bf02cf4d5a0e4b68b93850493e2e52019fa17ae4bd4bdeff","b1faf4b871a960dd2e14f9bb24ce18129bf16767","True","2.8.0+cu128","12.8","3.4.0","0","Not Active","NVIDIA GeForce RTX 3050 Ti Laptop GPU","610.47","P3","877","5501","17.46","63","Not Active","NVIDIA GeForce RTX 3050 Ti Laptop GPU","610.47","P0","1327","6001","22.80","64"
"20261006T023347Z","4","512","257","bf16","after","triton","cuda_graph","5.5588571817282855","20","5","50","2","4","512","7967b460a166cf549ef4f80a2bd03e3a71ed068fcfd6bc38351f4cd7e57a48eb","bc9c4c76b074bd70bf02cf4d5a0e4b68b93850493e2e52019fa17ae4bd4bdeff","b1faf4b871a960dd2e14f9bb24ce18129bf16767","True","2.8.0+cu128","12.8","3.4.0","0","Not Active","NVIDIA GeForce RTX 3050 Ti Laptop GPU","610.47","P3","877","5501","17.46","63","Not Active","NVIDIA GeForce RTX 3050 Ti Laptop GPU","610.47","P0","1327","6001","22.80","64"
"20261006T023347Z","4","512","257","bf16","before","triton","cuda_graph","5.746016782872816","20","5","50","1","4","512","e6093007385fbfec41c730644131a7aa7ddbe199718163ff7b9b284dff9a9857","bc9c4c76b074bd70bf02cf4d5a0e4b68b93850493e2e52019fa17ae4bd4bdeff","b1faf4b871a960dd2e14f9bb24ce18129bf16767","True","2.8.0+cu128","12.8","3.4.0","0","Not Active","NVIDIA GeForce RTX 3050 Ti Laptop GPU","610.47","P3","877","5501","17.46","63","Not Active","NVIDIA GeForce RTX 3050 Ti Laptop GPU","610.47","P0","1327","6001","22.80","64"
"20261006T023347Z","5","512","257","bf16","before","triton","cuda_graph","5.623453846469816","20","5","50","1","4","512","e6093007385fbfec41c730644131a7aa7ddbe199718163ff7b9b284dff9a9857","bc9c4c76b074bd70bf02cf4d5a0e4b68b93850493e2e52019fa17ae4bd4bdeff","b1faf4b871a960dd2e14f9bb24ce18129bf16767","True","2.8.0+cu128","12.8","3.4.0","0","Not Active","NVIDIA GeForce RTX 3050 Ti Laptop GPU","610.47","P3","877","5501","17.46","63","Not Active","NVIDIA GeForce RTX 3050 Ti Laptop GPU","610.47","P0","1327","6001","22.80","64"
"20261006T023347Z","5","512","257","bf16","after","triton","cuda_graph","5.105340468162949","20","5","50","2","4","512","7967b460a166cf549ef4f80a2bd03e3a71ed068fcfd6bc38351f4cd7e57a48eb","bc9c4c76b074bd70bf02cf4d5a0e4b68b93850493e2e52019fa17ae4bd4bdeff","b1faf4b871a960dd2e14f9bb24ce18129bf16767","True","2.8.0+cu128","12.8","3.4.0","0","Not Active","NVIDIA GeForce RTX 3050 Ti Laptop GPU","610.47","P3","877","5501","17.46","63","Not Active","NVIDIA GeForce RTX 3050 Ti Laptop GPU","610.47","P0","1327","6001","22.80","64"
"20261006T023347Z","1","512","512","bf16","before","triton","cuda_graph","5.374259477133279","20","5","50","1","4","512","e6093007385fbfec41c730644131a7aa7ddbe199718163ff7b9b284dff9a9857","bc9c4c76b074bd70bf02cf4d5a0e4b68b93850493e2e52019fa17ae4bd4bdeff","b1faf4b871a960dd2e14f9bb24ce18129bf16767","True","2.8.0+cu128","12.8","3.4.0","0","Not Active","NVIDIA GeForce RTX 3050 Ti Laptop GPU","610.47","P0","1327","6001","22.94","64","Not Active","NVIDIA GeForce RTX 3050 Ti Laptop GPU","610.47","P0","1935","6001","33.54","65"
"20261006T023347Z","1","512","512","bf16","after","triton","cuda_graph","4.1424663922258915","20","5","50","2","4","512","7967b460a166cf549ef4f80a2bd03e3a71ed068fcfd6bc38351f4cd7e57a48eb","bc9c4c76b074bd70bf02cf4d5a0e4b68b93850493e2e52019fa17ae4bd4bdeff","b1faf4b871a960dd2e14f9bb24ce18129bf16767","True","2.8.0+cu128","12.8","3.4.0","0","Not Active","NVIDIA GeForce RTX 3050 Ti Laptop GPU","610.47","P0","1327","6001","22.94","64","Not Active","NVIDIA GeForce RTX 3050 Ti Laptop GPU","610.47","P0","1935","6001","33.54","65"
"20261006T023347Z","2","512","512","bf16","after","triton","cuda_graph","3.8252021535972642","20","5","50","2","4","512","7967b460a166cf549ef4f80a2bd03e3a71ed068fcfd6bc38351f4cd7e57a48eb","bc9c4c76b074bd70bf02cf4d5a0e4b68b93850493e2e52019fa17ae4bd4bdeff","b1faf4b871a960dd2e14f9bb24ce18129bf16767","True","2.8.0+cu128","12.8","3.4.0","0","Not Active","NVIDIA GeForce RTX 3050 Ti Laptop GPU","610.47","P0","1327","6001","22.94","64","Not Active","NVIDIA GeForce RTX 3050 Ti Laptop GPU","610.47","P0","1935","6001","33.54","65"
"20261006T023347Z","2","512","512","bf16","before","triton","cuda_graph","4.636303623123925","20","5","50","1","4","512","e6093007385fbfec41c730644131a7aa7ddbe199718163ff7b9b284dff9a9857","bc9c4c76b074bd70bf02cf4d5a0e4b68b93850493e2e52019fa17ae4bd4bdeff","b1faf4b871a960dd2e14f9bb24ce18129bf16767","True","2.8.0+cu128","12.8","3.4.0","0","Not Active","NVIDIA GeForce RTX 3050 Ti Laptop GPU","610.47","P0","1327","6001","22.94","64","Not Active","NVIDIA GeForce RTX 3050 Ti Laptop GPU","610.47","P0","1935","6001","33.54","65"
"20261006T023347Z","3","512","512","bf16","before","triton","cuda_graph","4.636576702428418","20","5","50","1","4","512","e6093007385fbfec41c730644131a7aa7ddbe199718163ff7b9b284dff9a9857","bc9c4c76b074bd70bf02cf4d5a0e4b68b93850493e2e52019fa17ae4bd4bdeff","b1faf4b871a960dd2e14f9bb24ce18129bf16767","True","2.8.0+cu128","12.8","3.4.0","0","Not Active","NVIDIA GeForce RTX 3050 Ti Laptop GPU","610.47","P0","1327","6001","22.94","64","Not Active","NVIDIA GeForce RTX 3050 Ti Laptop GPU","610.47","P0","1935","6001","33.54","65"
"20261006T023347Z","3","512","512","bf16","after","triton","cuda_graph","3.9772501215338707","20","5","50","2","4","512","7967b460a166cf549ef4f80a2bd03e3a71ed068fcfd6bc38351f4cd7e57a48eb","bc9c4c76b074bd70bf02cf4d5a0e4b68b93850493e2e52019fa17ae4bd4bdeff","b1faf4b871a960dd2e14f9bb24ce18129bf16767","True","2.8.0+cu128","12.8","3.4.0","0","Not Active","NVIDIA GeForce RTX 3050 Ti Laptop GPU","610.47","P0","1327","6001","22.94","64","Not Active","NVIDIA GeForce RTX 3050 Ti Laptop GPU","610.47","P0","1935","6001","33.54","65"
"20261006T023347Z","4","512","512","bf16","after","triton","cuda_graph","3.500493095345693","20","5","50","2","4","512","7967b460a166cf549ef4f80a2bd03e3a71ed068fcfd6bc38351f4cd7e57a48eb","bc9c4c76b074bd70bf02cf4d5a0e4b68b93850493e2e52019fa17ae4bd4bdeff","b1faf4b871a960dd2e14f9bb24ce18129bf16767","True","2.8.0+cu128","12.8","3.4.0","0","Not Active","NVIDIA GeForce RTX 3050 Ti Laptop GPU","610.47","P0","1327","6001","22.94","64","Not Active","NVIDIA GeForce RTX 3050 Ti Laptop GPU","610.47","P0","1935","6001","33.54","65"
"20261006T023347Z","4","512","512","bf16","before","triton","cuda_graph","4.060573397201211","20","5","50","1","4","512","e6093007385fbfec41c730644131a7aa7ddbe199718163ff7b9b284dff9a9857","bc9c4c76b074bd70bf02cf4d5a0e4b68b93850493e2e52019fa17ae4bd4bdeff","b1faf4b871a960dd2e14f9bb24ce18129bf16767","True","2.8.0+cu128","12.8","3.4.0","0","Not Active","NVIDIA GeForce RTX 3050 Ti Laptop GPU","610.47","P0","1327","6001","22.94","64","Not Active","NVIDIA GeForce RTX 3050 Ti Laptop GPU","610.47","P0","1935","6001","33.54","65"
"20261006T023347Z","5","512","512","bf16","before","triton","cuda_graph","4.059030383413289","20","5","50","1","4","512","e6093007385fbfec41c730644131a7aa7ddbe199718163ff7b9b284dff9a9857","bc9c4c76b074bd70bf02cf4d5a0e4b68b93850493e2e52019fa17ae4bd4bdeff","b1faf4b871a960dd2e14f9bb24ce18129bf16767","True","2.8.0+cu128","12.8","3.4.0","0","Not Active","NVIDIA GeForce RTX 3050 Ti Laptop GPU","610.47","P0","1327","6001","22.94","64","Not Active","NVIDIA GeForce RTX 3050 Ti Laptop GPU","610.47","P0","1935","6001","33.54","65"
"20261006T023347Z","5","512","512","bf16","after","triton","cuda_graph","3.5136892325382996","20","5","50","2","4","512","7967b460a166cf549ef4f80a2bd03e3a71ed068fcfd6bc38351f4cd7e57a48eb","bc9c4c76b074bd70bf02cf4d5a0e4b68b93850493e2e52019fa17ae4bd4bdeff","b1faf4b871a960dd2e14f9bb24ce18129bf16767","True","2.8.0+cu128","12.8","3.4.0","0","Not Active","NVIDIA GeForce RTX 3050 Ti Laptop GPU","610.47","P0","1327","6001","22.94","64","Not Active","NVIDIA GeForce RTX 3050 Ti Laptop GPU","610.47","P0","1935","6001","33.54","65"
"20261006T023347Z","1","512","513","bf16","before","triton","cuda_graph","4.804273724850798","20","5","50","1","4","1024","e6093007385fbfec41c730644131a7aa7ddbe199718163ff7b9b284dff9a9857","bc9c4c76b074bd70bf02cf4d5a0e4b68b93850493e2e52019fa17ae4bd4bdeff","b1faf4b871a960dd2e14f9bb24ce18129bf16767","True","2.8.0+cu128","12.8","3.4.0","0","Not Active","NVIDIA GeForce RTX 3050 Ti Laptop GPU","610.47","P0","1935","6001","34.99","65","Not Active","NVIDIA GeForce RTX 3050 Ti Laptop GPU","610.47","P0","1935","6001","43.54","67"
"20261006T023347Z","1","512","513","bf16","after","triton","cuda_graph","4.544400065033524","20","5","50","2","4","1024","7967b460a166cf549ef4f80a2bd03e3a71ed068fcfd6bc38351f4cd7e57a48eb","bc9c4c76b074bd70bf02cf4d5a0e4b68b93850493e2e52019fa17ae4bd4bdeff","b1faf4b871a960dd2e14f9bb24ce18129bf16767","True","2.8.0+cu128","12.8","3.4.0","0","Not Active","NVIDIA GeForce RTX 3050 Ti Laptop GPU","610.47","P0","1935","6001","34.99","65","Not Active","NVIDIA GeForce RTX 3050 Ti Laptop GPU","610.47","P0","1935","6001","43.54","67"
"20261006T023347Z","2","512","513","bf16","after","triton","cuda_graph","4.468474123213027","20","5","50","2","4","1024","7967b460a166cf549ef4f80a2bd03e3a71ed068fcfd6bc38351f4cd7e57a48eb","bc9c4c76b074bd70bf02cf4d5a0e4b68b93850493e2e52019fa17ae4bd4bdeff","b1faf4b871a960dd2e14f9bb24ce18129bf16767","True","2.8.0+cu128","12.8","3.4.0","0","Not Active","NVIDIA GeForce RTX 3050 Ti Laptop GPU","610.47","P0","1935","6001","34.99","65","Not Active","NVIDIA GeForce RTX 3050 Ti Laptop GPU","610.47","P0","1935","6001","43.54","67"
"20261006T023347Z","2","512","513","bf16","before","triton","cuda_graph","4.836255371326163","20","5","50","1","4","1024","e6093007385fbfec41c730644131a7aa7ddbe199718163ff7b9b284dff9a9857","bc9c4c76b074bd70bf02cf4d5a0e4b68b93850493e2e52019fa17ae4bd4bdeff","b1faf4b871a960dd2e14f9bb24ce18129bf16767","True","2.8.0+cu128","12.8","3.4.0","0","Not Active","NVIDIA GeForce RTX 3050 Ti Laptop GPU","610.47","P0","1935","6001","34.99","65","Not Active","NVIDIA GeForce RTX 3050 Ti Laptop GPU","610.47","P0","1935","6001","43.54","67"
"20261006T023347Z","3","512","513","bf16","before","triton","cuda_graph","4.78074951472508","20","5","50","1","4","1024","e6093007385fbfec41c730644131a7aa7ddbe199718163ff7b9b284dff9a9857","bc9c4c76b074bd70bf02cf4d5a0e4b68b93850493e2e52019fa17ae4bd4bdeff","b1faf4b871a960dd2e14f9bb24ce18129bf16767","True","2.8.0+cu128","12.8","3.4.0","0","Not Active","NVIDIA GeForce RTX 3050 Ti Laptop GPU","610.47","P0","1935","6001","34.99","65","Not Active","NVIDIA GeForce RTX 3050 Ti Laptop GPU","610.47","P0","1935","6001","43.54","67"
"20261006T023347Z","3","512","513","bf16","after","triton","cuda_graph","4.535188493521317","20","5","50","2","4","1024","7967b460a166cf549ef4f80a2bd03e3a71ed068fcfd6bc38351f4cd7e57a48eb","bc9c4c76b074bd70bf02cf4d5a0e4b68b93850493e2e52019fa17ae4bd4bdeff","b1faf4b871a960dd2e14f9bb24ce18129bf16767","True","2.8.0+cu128","12.8","3.4.0","0","Not Active","NVIDIA GeForce RTX 3050 Ti Laptop GPU","610.47","P0","1935","6001","34.99","65","Not Active","NVIDIA GeForce RTX 3050 Ti Laptop GPU","610.47","P0","1935","6001","43.54","67"
"20261006T023347Z","4","512","513","bf16","after","triton","cuda_graph","4.4835934327839","20","5","50","2","4","1024","7967b460a166cf549ef4f80a2bd03e3a71ed068fcfd6bc38351f4cd7e57a48eb","bc9c4c76b074bd70bf02cf4d5a0e4b68b93850493e2e52019fa17ae4bd4bdeff","b1faf4b871a960dd2e14f9bb24ce18129bf16767","True","2.8.0+cu128","12.8","3.4.0","0","Not Active","NVIDIA GeForce RTX 3050 Ti Laptop GPU","610.47","P0","1935","6001","34.99","65","Not Active","NVIDIA GeForce RTX 3050 Ti Laptop GPU","610.47","P0","1935","6001","43.54","67"
"20261006T023347Z","4","512","513","bf16","before","triton","cuda_graph","4.7841099424099705","20","5","50","1","4","1024","e6093007385fbfec41c730644131a7aa7ddbe199718163ff7b9b284dff9a9857","bc9c4c76b074bd70bf02cf4d5a0e4b68b93850493e2e52019fa17ae4bd4bdeff","b1faf4b871a960dd2e14f9bb24ce18129bf16767","True","2.8.0+cu128","12.8","3.4.0","0","Not Active","NVIDIA GeForce RTX 3050 Ti Laptop GPU","610.47","P0","1935","6001","34.99","65","Not Active","NVIDIA GeForce RTX 3050 Ti Laptop GPU","610.47","P0","1935","6001","43.54","67"
"20261006T023347Z","5","512","513","bf16","before","triton","cuda_graph","4.780693949209026","20","5","50","1","4","1024","e6093007385fbfec41c730644131a7aa7ddbe199718163ff7b9b284dff9a9857","bc9c4c76b074bd70bf02cf4d5a0e4b68b93850493e2e52019fa17ae4bd4bdeff","b1faf4b871a960dd2e14f9bb24ce18129bf16767","True","2.8.0+cu128","12.8","3.4.0","0","Not Active","NVIDIA GeForce RTX 3050 Ti Laptop GPU","610.47","P0","1935","6001","34.99","65","Not Active","NVIDIA GeForce RTX 3050 Ti Laptop GPU","610.47","P0","1935","6001","43.54","67"
"20261006T023347Z","5","512","513","bf16","after","triton","cuda_graph","4.558308265014846","20","5","50","2","4","1024","7967b460a166cf549ef4f80a2bd03e3a71ed068fcfd6bc38351f4cd7e57a48eb","bc9c4c76b074bd70bf02cf4d5a0e4b68b93850493e2e52019fa17ae4bd4bdeff","b1faf4b871a960dd2e14f9bb24ce18129bf16767","True","2.8.0+cu128","12.8","3.4.0","0","Not Active","NVIDIA GeForce RTX 3050 Ti Laptop GPU","610.47","P0","1935","6001","34.99","65","Not Active","NVIDIA GeForce RTX 3050 Ti Laptop GPU","610.47","P0","1935","6001","43.54","67"
"20261006T023347Z","1","511","128","bf16","before","triton","cuda_graph","2.2156122102388953","20","5","50","1","1","128","e6093007385fbfec41c730644131a7aa7ddbe199718163ff7b9b284dff9a9857","bc9c4c76b074bd70bf02cf4d5a0e4b68b93850493e2e52019fa17ae4bd4bdeff","b1faf4b871a960dd2e14f9bb24ce18129bf16767","True","2.8.0+cu128","12.8","3.4.0","0","Not Active","NVIDIA GeForce RTX 3050 Ti Laptop GPU","610.47","P0","1935","6001","44.38","67","Not Active","NVIDIA GeForce RTX 3050 Ti Laptop GPU","610.47","P0","1935","6001","27.61","66"
"20261006T023347Z","1","511","128","bf16","after","triton","cuda_graph","2.2311241087252207","20","5","50","1","1","128","7967b460a166cf549ef4f80a2bd03e3a71ed068fcfd6bc38351f4cd7e57a48eb","bc9c4c76b074bd70bf02cf4d5a0e4b68b93850493e2e52019fa17ae4bd4bdeff","b1faf4b871a960dd2e14f9bb24ce18129bf16767","True","2.8.0+cu128","12.8","3.4.0","0","Not Active","NVIDIA GeForce RTX 3050 Ti Laptop GPU","610.47","P0","1935","6001","44.38","67","Not Active","NVIDIA GeForce RTX 3050 Ti Laptop GPU","610.47","P0","1935","6001","27.61","66"
"20261006T023347Z","2","511","128","bf16","after","triton","cuda_graph","2.2155027704666583","20","5","50","1","1","128","7967b460a166cf549ef4f80a2bd03e3a71ed068fcfd6bc38351f4cd7e57a48eb","bc9c4c76b074bd70bf02cf4d5a0e4b68b93850493e2e52019fa17ae4bd4bdeff","b1faf4b871a960dd2e14f9bb24ce18129bf16767","True","2.8.0+cu128","12.8","3.4.0","0","Not Active","NVIDIA GeForce RTX 3050 Ti Laptop GPU","610.47","P0","1935","6001","44.38","67","Not Active","NVIDIA GeForce RTX 3050 Ti Laptop GPU","610.47","P0","1935","6001","27.61","66"
"20261006T023347Z","2","511","128","bf16","before","triton","cuda_graph","2.2245676979571716","20","5","50","1","1","128","e6093007385fbfec41c730644131a7aa7ddbe199718163ff7b9b284dff9a9857","bc9c4c76b074bd70bf02cf4d5a0e4b68b93850493e2e52019fa17ae4bd4bdeff","b1faf4b871a960dd2e14f9bb24ce18129bf16767","True","2.8.0+cu128","12.8","3.4.0","0","Not Active","NVIDIA GeForce RTX 3050 Ti Laptop GPU","610.47","P0","1935","6001","44.38","67","Not Active","NVIDIA GeForce RTX 3050 Ti Laptop GPU","610.47","P0","1935","6001","27.61","66"
"20261006T023347Z","3","511","128","bf16","before","triton","cuda_graph","2.2212923921610974","20","5","50","1","1","128","e6093007385fbfec41c730644131a7aa7ddbe199718163ff7b9b284dff9a9857","bc9c4c76b074bd70bf02cf4d5a0e4b68b93850493e2e52019fa17ae4bd4bdeff","b1faf4b871a960dd2e14f9bb24ce18129bf16767","True","2.8.0+cu128","12.8","3.4.0","0","Not Active","NVIDIA GeForce RTX 3050 Ti Laptop GPU","610.47","P0","1935","6001","44.38","67","Not Active","NVIDIA GeForce RTX 3050 Ti Laptop GPU","610.47","P0","1935","6001","27.61","66"
"20261006T023347Z","3","511","128","bf16","after","triton","cuda_graph","2.213148367887287","20","5","50","1","1","128","7967b460a166cf549ef4f80a2bd03e3a71ed068fcfd6bc38351f4cd7e57a48eb","bc9c4c76b074bd70bf02cf4d5a0e4b68b93850493e2e52019fa17ae4bd4bdeff","b1faf4b871a960dd2e14f9bb24ce18129bf16767","True","2.8.0+cu128","12.8","3.4.0","0","Not Active","NVIDIA GeForce RTX 3050 Ti Laptop GPU","610.47","P0","1935","6001","44.38","67","Not Active","NVIDIA GeForce RTX 3050 Ti Laptop GPU","610.47","P0","1935","6001","27.61","66"
"20261006T023347Z","4","511","128","bf16","after","triton","cuda_graph","2.2332843428268516","20","5","50","1","1","128","7967b460a166cf549ef4f80a2bd03e3a71ed068fcfd6bc38351f4cd7e57a48eb","bc9c4c76b074bd70bf02cf4d5a0e4b68b93850493e2e52019fa17ae4bd4bdeff","b1faf4b871a960dd2e14f9bb24ce18129bf16767","True","2.8.0+cu128","12.8","3.4.0","0","Not Active","NVIDIA GeForce RTX 3050 Ti Laptop GPU","610.47","P0","1935","6001","44.38","67","Not Active","NVIDIA GeForce RTX 3050 Ti Laptop GPU","610.47","P0","1935","6001","27.61","66"
"20261006T023347Z","4","511","128","bf16","before","triton","cuda_graph","2.2131875435017654","20","5","50","1","1","128","e6093007385fbfec41c730644131a7aa7ddbe199718163ff7b9b284dff9a9857","bc9c4c76b074bd70bf02cf4d5a0e4b68b93850493e2e52019fa17ae4bd4bdeff","b1faf4b871a960dd2e14f9bb24ce18129bf16767","True","2.8.0+cu128","12.8","3.4.0","0","Not Active","NVIDIA GeForce RTX 3050 Ti Laptop GPU","610.47","P0","1935","6001","44.38","67","Not Active","NVIDIA GeForce RTX 3050 Ti Laptop GPU","610.47","P0","1935","6001","27.61","66"
"20261006T023347Z","5","511","128","bf16","before","triton","cuda_graph","3.2857935674752587","20","5","50","1","1","128","e6093007385fbfec41c730644131a7aa7ddbe199718163ff7b9b284dff9a9857","bc9c4c76b074bd70bf02cf4d5a0e4b68b93850493e2e52019fa17ae4bd4bdeff","b1faf4b871a960dd2e14f9bb24ce18129bf16767","True","2.8.0+cu128","12.8","3.4.0","0","Not Active","NVIDIA GeForce RTX 3050 Ti Laptop GPU","610.47","P0","1935","6001","44.38","67","Not Active","NVIDIA GeForce RTX 3050 Ti Laptop GPU","610.47","P0","1935","6001","27.61","66"
"20261006T023347Z","5","511","128","bf16","after","triton","cuda_graph","3.259320753925252","20","5","50","1","1","128","7967b460a166cf549ef4f80a2bd03e3a71ed068fcfd6bc38351f4cd7e57a48eb","bc9c4c76b074bd70bf02cf4d5a0e4b68b93850493e2e52019fa17ae4bd4bdeff","b1faf4b871a960dd2e14f9bb24ce18129bf16767","True","2.8.0+cu128","12.8","3.4.0","0","Not Active","NVIDIA GeForce RTX 3050 Ti Laptop GPU","610.47","P0","1935","6001","44.38","67","Not Active","NVIDIA GeForce RTX 3050 Ti Laptop GPU","610.47","P0","1935","6001","27.61","66"
"20261006T023347Z","1","511","1024","bf16","before","triton","cuda_graph","8.183606726224307","20","5","50","1","4","1024","e6093007385fbfec41c730644131a7aa7ddbe199718163ff7b9b284dff9a9857","bc9c4c76b074bd70bf02cf4d5a0e4b68b93850493e2e52019fa17ae4bd4bdeff","b1faf4b871a960dd2e14f9bb24ce18129bf16767","True","2.8.0+cu128","12.8","3.4.0","0","Not Active","NVIDIA GeForce RTX 3050 Ti Laptop GPU","610.47","P0","1935","6001","26.23","66","Not Active","NVIDIA GeForce RTX 3050 Ti Laptop GPU","610.47","P0","1500","6001","28.33","65"
"20261006T023347Z","1","511","1024","bf16","after","triton","cuda_graph","7.529411779340271","20","5","50","1","4","1024","7967b460a166cf549ef4f80a2bd03e3a71ed068fcfd6bc38351f4cd7e57a48eb","bc9c4c76b074bd70bf02cf4d5a0e4b68b93850493e2e52019fa17ae4bd4bdeff","b1faf4b871a960dd2e14f9bb24ce18129bf16767","True","2.8.0+cu128","12.8","3.4.0","0","Not Active","NVIDIA GeForce RTX 3050 Ti Laptop GPU","610.47","P0","1935","6001","26.23","66","Not Active","NVIDIA GeForce RTX 3050 Ti Laptop GPU","610.47","P0","1500","6001","28.33","65"
"20261006T023347Z","2","511","1024","bf16","after","triton","cuda_graph","7.464212231931434","20","5","50","1","4","1024","7967b460a166cf549ef4f80a2bd03e3a71ed068fcfd6bc38351f4cd7e57a48eb","bc9c4c76b074bd70bf02cf4d5a0e4b68b93850493e2e52019fa17ae4bd4bdeff","b1faf4b871a960dd2e14f9bb24ce18129bf16767","True","2.8.0+cu128","12.8","3.4.0","0","Not Active","NVIDIA GeForce RTX 3050 Ti Laptop GPU","610.47","P0","1935","6001","26.23","66","Not Active","NVIDIA GeForce RTX 3050 Ti Laptop GPU","610.47","P0","1500","6001","28.33","65"
"20261006T023347Z","2","511","1024","bf16","before","triton","cuda_graph","7.2488940979474314","20","5","50","1","4","1024","e6093007385fbfec41c730644131a7aa7ddbe199718163ff7b9b284dff9a9857","bc9c4c76b074bd70bf02cf4d5a0e4b68b93850493e2e52019fa17ae4bd4bdeff","b1faf4b871a960dd2e14f9bb24ce18129bf16767","True","2.8.0+cu128","12.8","3.4.0","0","Not Active","NVIDIA GeForce RTX 3050 Ti Laptop GPU","610.47","P0","1935","6001","26.23","66","Not Active","NVIDIA GeForce RTX 3050 Ti Laptop GPU","610.47","P0","1500","6001","28.33","65"
"20261006T023347Z","3","511","1024","bf16","before","triton","cuda_graph","7.263052164829403","20","5","50","1","4","1024","e6093007385fbfec41c730644131a7aa7ddbe199718163ff7b9b284dff9a9857","bc9c4c76b074bd70bf02cf4d5a0e4b68b93850493e2e52019fa17ae4bd4bdeff","b1faf4b871a960dd2e14f9bb24ce18129bf16767","True","2.8.0+cu128","12.8","3.4.0","0","Not Active","NVIDIA GeForce RTX 3050 Ti Laptop GPU","610.47","P0","1935","6001","26.23","66","Not Active","NVIDIA GeForce RTX 3050 Ti Laptop GPU","610.47","P0","1500","6001","28.33","65"
"20261006T023347Z","3","511","1024","bf16","after","triton","cuda_graph","7.313860248225604","20","5","50","1","4","1024","7967b460a166cf549ef4f80a2bd03e3a71ed068fcfd6bc38351f4cd7e57a48eb","bc9c4c76b074bd70bf02cf4d5a0e4b68b93850493e2e52019fa17ae4bd4bdeff","b1faf4b871a960dd2e14f9bb24ce18129bf16767","True","2.8.0+cu128","12.8","3.4.0","0","Not Active","NVIDIA GeForce RTX 3050 Ti Laptop GPU","610.47","P0","1935","6001","26.23","66","Not Active","NVIDIA GeForce RTX 3050 Ti Laptop GPU","610.47","P0","1500","6001","28.33","65"
"20261006T023347Z","4","511","1024","bf16","after","triton","cuda_graph","7.262503469227166","20","5","50","1","4","1024","7967b460a166cf549ef4f80a2bd03e3a71ed068fcfd6bc38351f4cd7e57a48eb","bc9c4c76b074bd70bf02cf4d5a0e4b68b93850493e2e52019fa17ae4bd4bdeff","b1faf4b871a960dd2e14f9bb24ce18129bf16767","True","2.8.0+cu128","12.8","3.4.0","0","Not Active","NVIDIA GeForce RTX 3050 Ti Laptop GPU","610.47","P0","1935","6001","26.23","66","Not Active","NVIDIA GeForce RTX 3050 Ti Laptop GPU","610.47","P0","1500","6001","28.33","65"
"20261006T023347Z","4","511","1024","bf16","before","triton","cuda_graph","7.06811071733275","20","5","50","1","4","1024","e6093007385fbfec41c730644131a7aa7ddbe199718163ff7b9b284dff9a9857","bc9c4c76b074bd70bf02cf4d5a0e4b68b93850493e2e52019fa17ae4bd4bdeff","b1faf4b871a960dd2e14f9bb24ce18129bf16767","True","2.8.0+cu128","12.8","3.4.0","0","Not Active","NVIDIA GeForce RTX 3050 Ti Laptop GPU","610.47","P0","1935","6001","26.23","66","Not Active","NVIDIA GeForce RTX 3050 Ti Laptop GPU","610.47","P0","1500","6001","28.33","65"
"20261006T023347Z","5","511","1024","bf16","before","triton","cuda_graph","7.042789382257223","20","5","50","1","4","1024","e6093007385fbfec41c730644131a7aa7ddbe199718163ff7b9b284dff9a9857","bc9c4c76b074bd70bf02cf4d5a0e4b68b93850493e2e52019fa17ae4bd4bdeff","b1faf4b871a960dd2e14f9bb24ce18129bf16767","True","2.8.0+cu128","12.8","3.4.0","0","Not Active","NVIDIA GeForce RTX 3050 Ti Laptop GPU","610.47","P0","1935","6001","26.23","66","Not Active","NVIDIA GeForce RTX 3050 Ti Laptop GPU","610.47","P0","1500","6001","28.33","65"
"20261006T023347Z","5","511","1024","bf16","after","triton","cuda_graph","6.6914014648972895","20","5","50","1","4","1024","7967b460a166cf549ef4f80a2bd03e3a71ed068fcfd6bc38351f4cd7e57a48eb","bc9c4c76b074bd70bf02cf4d5a0e4b68b93850493e2e52019fa17ae4bd4bdeff","b1faf4b871a960dd2e14f9bb24ce18129bf16767","True","2.8.0+cu128","12.8","3.4.0","0","Not Active","NVIDIA GeForce RTX 3050 Ti Laptop GPU","610.47","P0","1935","6001","26.23","66","Not Active","NVIDIA GeForce RTX 3050 Ti Laptop GPU","610.47","P0","1500","6001","28.33","65"
"20261006T023347Z","1","512","1023","bf16","before","triton","cuda_graph","7.545707824078392","20","5","50","1","4","1024","e6093007385fbfec41c730644131a7aa7ddbe199718163ff7b9b284dff9a9857","bc9c4c76b074bd70bf02cf4d5a0e4b68b93850493e2e52019fa17ae4bd4bdeff","b1faf4b871a960dd2e14f9bb24ce18129bf16767","True","2.8.0+cu128","12.8","3.4.0","0","Not Active","NVIDIA GeForce RTX 3050 Ti Laptop GPU","610.47","P0","1500","6001","29.06","65","Not Active","NVIDIA GeForce RTX 3050 Ti Laptop GPU","610.47","P0","1875","6001","48.62","71"
"20261006T023347Z","1","512","1023","bf16","after","triton","cuda_graph","7.534315711573551","20","5","50","1","4","1024","7967b460a166cf549ef4f80a2bd03e3a71ed068fcfd6bc38351f4cd7e57a48eb","bc9c4c76b074bd70bf02cf4d5a0e4b68b93850493e2e52019fa17ae4bd4bdeff","b1faf4b871a960dd2e14f9bb24ce18129bf16767","True","2.8.0+cu128","12.8","3.4.0","0","Not Active","NVIDIA GeForce RTX 3050 Ti Laptop GPU","610.47","P0","1500","6001","29.06","65","Not Active","NVIDIA GeForce RTX 3050 Ti Laptop GPU","610.47","P0","1875","6001","48.62","71"
"20261006T023347Z","2","512","1023","bf16","after","triton","cuda_graph","7.040754848758117","20","5","50","1","4","1024","7967b460a166cf549ef4f80a2bd03e3a71ed068fcfd6bc38351f4cd7e57a48eb","bc9c4c76b074bd70bf02cf4d5a0e4b68b93850493e2e52019fa17ae4bd4bdeff","b1faf4b871a960dd2e14f9bb24ce18129bf16767","True","2.8.0+cu128","12.8","3.4.0","0","Not Active","NVIDIA GeForce RTX 3050 Ti Laptop GPU","610.47","P0","1500","6001","29.06","65","Not Active","NVIDIA GeForce RTX 3050 Ti Laptop GPU","610.47","P0","1875","6001","48.62","71"
"20261006T023347Z","2","512","1023","bf16","before","triton","cuda_graph","7.050579973980865","20","5","50","1","4","1024","e6093007385fbfec41c730644131a7aa7ddbe199718163ff7b9b284dff9a9857","bc9c4c76b074bd70bf02cf4d5a0e4b68b93850493e2e52019fa17ae4bd4bdeff","b1faf4b871a960dd2e14f9bb24ce18129bf16767","True","2.8.0+cu128","12.8","3.4.0","0","Not Active","NVIDIA GeForce RTX 3050 Ti Laptop GPU","610.47","P0","1500","6001","29.06","65","Not Active","NVIDIA GeForce RTX 3050 Ti Laptop GPU","610.47","P0","1875","6001","48.62","71"
"20261006T023347Z","3","512","1023","bf16","before","triton","cuda_graph","6.979941273015266","20","5","50","1","4","1024","e6093007385fbfec41c730644131a7aa7ddbe199718163ff7b9b284dff9a9857","bc9c4c76b074bd70bf02cf4d5a0e4b68b93850493e2e52019fa17ae4bd4bdeff","b1faf4b871a960dd2e14f9bb24ce18129bf16767","True","2.8.0+cu128","12.8","3.4.0","0","Not Active","NVIDIA GeForce RTX 3050 Ti Laptop GPU","610.47","P0","1500","6001","29.06","65","Not Active","NVIDIA GeForce RTX 3050 Ti Laptop GPU","610.47","P0","1875","6001","48.62","71"
"20261006T023347Z","3","512","1023","bf16","after","triton","cuda_graph","6.976491045159147","20","5","50","1","4","1024","7967b460a166cf549ef4f80a2bd03e3a71ed068fcfd6bc38351f4cd7e57a48eb","bc9c4c76b074bd70bf02cf4d5a0e4b68b93850493e2e52019fa17ae4bd4bdeff","b1faf4b871a960dd2e14f9bb24ce18129bf16767","True","2.8.0+cu128","12.8","3.4.0","0","Not Active","NVIDIA GeForce RTX 3050 Ti Laptop GPU","610.47","P0","1500","6001","29.06","65","Not Active","NVIDIA GeForce RTX 3050 Ti Laptop GPU","610.47","P0","1875","6001","48.62","71"
"20261006T023347Z","4","512","1023","bf16","after","triton","cuda_graph","7.034732481089149","20","5","50","1","4","1024","7967b460a166cf549ef4f80a2bd03e3a71ed068fcfd6bc38351f4cd7e57a48eb","bc9c4c76b074bd70bf02cf4d5a0e4b68b93850493e2e52019fa17ae4bd4bdeff","b1faf4b871a960dd2e14f9bb24ce18129bf16767","True","2.8.0+cu128","12.8","3.4.0","0","Not Active","NVIDIA GeForce RTX 3050 Ti Laptop GPU","610.47","P0","1500","6001","29.06","65","Not Active","NVIDIA GeForce RTX 3050 Ti Laptop GPU","610.47","P0","1875","6001","48.62","71"
"20261006T023347Z","4","512","1023","bf16","before","triton","cuda_graph","7.045140467494367","20","5","50","1","4","1024","e6093007385fbfec41c730644131a7aa7ddbe199718163ff7b9b284dff9a9857","bc9c4c76b074bd70bf02cf4d5a0e4b68b93850493e2e52019fa17ae4bd4bdeff","b1faf4b871a960dd2e14f9bb24ce18129bf16767","True","2.8.0+cu128","12.8","3.4.0","0","Not Active","NVIDIA GeForce RTX 3050 Ti Laptop GPU","610.47","P0","1500","6001","29.06","65","Not Active","NVIDIA GeForce RTX 3050 Ti Laptop GPU","610.47","P0","1875","6001","48.62","71"
"20261006T023347Z","5","512","1023","bf16","before","triton","cuda_graph","7.011346592761503","20","5","50","1","4","1024","e6093007385fbfec41c730644131a7aa7ddbe199718163ff7b9b284dff9a9857","bc9c4c76b074bd70bf02cf4d5a0e4b68b93850493e2e52019fa17ae4bd4bdeff","b1faf4b871a960dd2e14f9bb24ce18129bf16767","True","2.8.0+cu128","12.8","3.4.0","0","Not Active","NVIDIA GeForce RTX 3050 Ti Laptop GPU","610.47","P0","1500","6001","29.06","65","Not Active","NVIDIA GeForce RTX 3050 Ti Laptop GPU","610.47","P0","1875","6001","48.62","71"
"20261006T023347Z","5","512","1023","bf16","after","triton","cuda_graph","7.053473957797937","20","5","50","1","4","1024","7967b460a166cf549ef4f80a2bd03e3a71ed068fcfd6bc38351f4cd7e57a48eb","bc9c4c76b074bd70bf02cf4d5a0e4b68b93850493e2e52019fa17ae4bd4bdeff","b1faf4b871a960dd2e14f9bb24ce18129bf16767","True","2.8.0+cu128","12.8","3.4.0","0","Not Active","NVIDIA GeForce RTX 3050 Ti Laptop GPU","610.47","P0","1500","6001","29.06","65","Not Active","NVIDIA GeForce RTX 3050 Ti Laptop GPU","610.47","P0","1875","6001","48.62","71"
"20261006T023347Z","1","512","1025","bf16","before","triton","cuda_graph","7.260011833788046","20","5","50","1","4","2048","e6093007385fbfec41c730644131a7aa7ddbe199718163ff7b9b284dff9a9857","bc9c4c76b074bd70bf02cf4d5a0e4b68b93850493e2e52019fa17ae4bd4bdeff","b1faf4b871a960dd2e14f9bb24ce18129bf16767","True","2.8.0+cu128","12.8","3.4.0","0","Not Active","NVIDIA GeForce RTX 3050 Ti Laptop GPU","610.47","P0","1875","6001","48.62","71","Not Active","NVIDIA GeForce RTX 3050 Ti Laptop GPU","610.47","P0","1845","6001","64.18","74"
"20261006T023347Z","1","512","1025","bf16","after","triton","cuda_graph","7.268000918582351","20","5","50","1","4","2048","7967b460a166cf549ef4f80a2bd03e3a71ed068fcfd6bc38351f4cd7e57a48eb","bc9c4c76b074bd70bf02cf4d5a0e4b68b93850493e2e52019fa17ae4bd4bdeff","b1faf4b871a960dd2e14f9bb24ce18129bf16767","True","2.8.0+cu128","12.8","3.4.0","0","Not Active","NVIDIA GeForce RTX 3050 Ti Laptop GPU","610.47","P0","1875","6001","48.62","71","Not Active","NVIDIA GeForce RTX 3050 Ti Laptop GPU","610.47","P0","1845","6001","64.18","74"
"20261006T023347Z","2","512","1025","bf16","after","triton","cuda_graph","7.264013874555405","20","5","50","1","4","2048","7967b460a166cf549ef4f80a2bd03e3a71ed068fcfd6bc38351f4cd7e57a48eb","bc9c4c76b074bd70bf02cf4d5a0e4b68b93850493e2e52019fa17ae4bd4bdeff","b1faf4b871a960dd2e14f9bb24ce18129bf16767","True","2.8.0+cu128","12.8","3.4.0","0","Not Active","NVIDIA GeForce RTX 3050 Ti Laptop GPU","610.47","P0","1875","6001","48.62","71","Not Active","NVIDIA GeForce RTX 3050 Ti Laptop GPU","610.47","P0","1845","6001","64.18","74"
"20261006T023347Z","2","512","1025","bf16","before","triton","cuda_graph","7.263228881793931","20","5","50","1","4","2048","e6093007385fbfec41c730644131a7aa7ddbe199718163ff7b9b284dff9a9857","bc9c4c76b074bd70bf02cf4d5a0e4b68b93850493e2e52019fa17ae4bd4bdeff","b1faf4b871a960dd2e14f9bb24ce18129bf16767","True","2.8.0+cu128","12.8","3.4.0","0","Not Active","NVIDIA GeForce RTX 3050 Ti Laptop GPU","610.47","P0","1875","6001","48.62","71","Not Active","NVIDIA GeForce RTX 3050 Ti Laptop GPU","610.47","P0","1845","6001","64.18","74"
"20261006T023347Z","3","512","1025","bf16","before","triton","cuda_graph","7.263229209968162","20","5","50","1","4","2048","e6093007385fbfec41c730644131a7aa7ddbe199718163ff7b9b284dff9a9857","bc9c4c76b074bd70bf02cf4d5a0e4b68b93850493e2e52019fa17ae4bd4bdeff","b1faf4b871a960dd2e14f9bb24ce18129bf16767","True","2.8.0+cu128","12.8","3.4.0","0","Not Active","NVIDIA GeForce RTX 3050 Ti Laptop GPU","610.47","P0","1875","6001","48.62","71","Not Active","NVIDIA GeForce RTX 3050 Ti Laptop GPU","610.47","P0","1845","6001","64.18","74"
"20261006T023347Z","3","512","1025","bf16","after","triton","cuda_graph","7.265680902015229","20","5","50","1","4","2048","7967b460a166cf549ef4f80a2bd03e3a71ed068fcfd6bc38351f4cd7e57a48eb","bc9c4c76b074bd70bf02cf4d5a0e4b68b93850493e2e52019fa17ae4bd4bdeff","b1faf4b871a960dd2e14f9bb24ce18129bf16767","True","2.8.0+cu128","12.8","3.4.0","0","Not Active","NVIDIA GeForce RTX 3050 Ti Laptop GPU","610.47","P0","1875","6001","48.62","71","Not Active","NVIDIA GeForce RTX 3050 Ti Laptop GPU","610.47","P0","1845","6001","64.18","74"
"20261006T023347Z","4","512","1025","bf16","after","triton","cuda_graph","7.268406799910476","20","5","50","1","4","2048","7967b460a166cf549ef4f80a2bd03e3a71ed068fcfd6bc38351f4cd7e57a48eb","bc9c4c76b074bd70bf02cf4d5a0e4b68b93850493e2e52019fa17ae4bd4bdeff","b1faf4b871a960dd2e14f9bb24ce18129bf16767","True","2.8.0+cu128","12.8","3.4.0","0","Not Active","NVIDIA GeForce RTX 3050 Ti Laptop GPU","610.47","P0","1875","6001","48.62","71","Not Active","NVIDIA GeForce RTX 3050 Ti Laptop GPU","610.47","P0","1845","6001","64.18","74"
"20261006T023347Z","4","512","1025","bf16","before","triton","cuda_graph","7.274845063486884","20","5","50","1","4","2048","e6093007385fbfec41c730644131a7aa7ddbe199718163ff7b9b284dff9a9857","bc9c4c76b074bd70bf02cf4d5a0e4b68b93850493e2e52019fa17ae4bd4bdeff","b1faf4b871a960dd2e14f9bb24ce18129bf16767","True","2.8.0+cu128","12.8","3.4.0","0","Not Active","NVIDIA GeForce RTX 3050 Ti Laptop GPU","610.47","P0","1875","6001","48.62","71","Not Active","NVIDIA GeForce RTX 3050 Ti Laptop GPU","610.47","P0","1845","6001","64.18","74"
"20261006T023347Z","5","512","1025","bf16","before","triton","cuda_graph","7.276833655603531","20","5","50","1","4","2048","e6093007385fbfec41c730644131a7aa7ddbe199718163ff7b9b284dff9a9857","bc9c4c76b074bd70bf02cf4d5a0e4b68b93850493e2e52019fa17ae4bd4bdeff","b1faf4b871a960dd2e14f9bb24ce18129bf16767","True","2.8.0+cu128","12.8","3.4.0","0","Not Active","NVIDIA GeForce RTX 3050 Ti Laptop GPU","610.47","P0","1875","6001","48.62","71","Not Active","NVIDIA GeForce RTX 3050 Ti Laptop GPU","610.47","P0","1845","6001","64.18","74"
"20261006T023347Z","5","512","1025","bf16","after","triton","cuda_graph","7.279882992879216","20","5","50","1","4","2048","7967b460a166cf549ef4f80a2bd03e3a71ed068fcfd6bc38351f4cd7e57a48eb","bc9c4c76b074bd70bf02cf4d5a0e4b68b93850493e2e52019fa17ae4bd4bdeff","b1faf4b871a960dd2e14f9bb24ce18129bf16767","True","2.8.0+cu128","12.8","3.4.0","0","Not Active","NVIDIA GeForce RTX 3050 Ti Laptop GPU","610.47","P0","1875","6001","48.62","71","Not Active","NVIDIA GeForce RTX 3050 Ti Laptop GPU","610.47","P0","1845","6001","64.18","74"
"20261006T023347Z","1","513","128","bf16","before","triton","cuda_graph","2.2093875735413793","20","5","50","1","1","128","e6093007385fbfec41c730644131a7aa7ddbe199718163ff7b9b284dff9a9857","bc9c4c76b074bd70bf02cf4d5a0e4b68b93850493e2e52019fa17ae4bd4bdeff","b1faf4b871a960dd2e14f9bb24ce18129bf16767","True","2.8.0+cu128","12.8","3.4.0","0","Not Active","NVIDIA GeForce RTX 3050 Ti Laptop GPU","610.47","P0","1845","6001","64.16","74","Not Active","NVIDIA GeForce RTX 3050 Ti Laptop GPU","610.47","P0","1935","6001","29.51","68"
"20261006T023347Z","1","513","128","bf16","after","triton","cuda_graph","1.5975673587954775","20","5","50","2","1","128","7967b460a166cf549ef4f80a2bd03e3a71ed068fcfd6bc38351f4cd7e57a48eb","bc9c4c76b074bd70bf02cf4d5a0e4b68b93850493e2e52019fa17ae4bd4bdeff","b1faf4b871a960dd2e14f9bb24ce18129bf16767","True","2.8.0+cu128","12.8","3.4.0","0","Not Active","NVIDIA GeForce RTX 3050 Ti Laptop GPU","610.47","P0","1845","6001","64.16","74","Not Active","NVIDIA GeForce RTX 3050 Ti Laptop GPU","610.47","P0","1935","6001","29.51","68"
"20261006T023347Z","2","513","128","bf16","after","triton","cuda_graph","1.5974399520129694","20","5","50","2","1","128","7967b460a166cf549ef4f80a2bd03e3a71ed068fcfd6bc38351f4cd7e57a48eb","bc9c4c76b074bd70bf02cf4d5a0e4b68b93850493e2e52019fa17ae4bd4bdeff","b1faf4b871a960dd2e14f9bb24ce18129bf16767","True","2.8.0+cu128","12.8","3.4.0","0","Not Active","NVIDIA GeForce RTX 3050 Ti Laptop GPU","610.47","P0","1845","6001","64.16","74","Not Active","NVIDIA GeForce RTX 3050 Ti Laptop GPU","610.47","P0","1935","6001","29.51","68"
"20261006T023347Z","2","513","128","bf16","before","triton","cuda_graph","2.2187933695217796","20","5","50","1","1","128","e6093007385fbfec41c730644131a7aa7ddbe199718163ff7b9b284dff9a9857","bc9c4c76b074bd70bf02cf4d5a0e4b68b93850493e2e52019fa17ae4bd4bdeff","b1faf4b871a960dd2e14f9bb24ce18129bf16767","True","2.8.0+cu128","12.8","3.4.0","0","Not Active","NVIDIA GeForce RTX 3050 Ti Laptop GPU","610.47","P0","1845","6001","64.16","74","Not Active","NVIDIA GeForce RTX 3050 Ti Laptop GPU","610.47","P0","1935","6001","29.51","68"
"20261006T023347Z","3","513","128","bf16","before","triton","cuda_graph","2.209087602453294","20","5","50","1","1","128","e6093007385fbfec41c730644131a7aa7ddbe199718163ff7b9b284dff9a9857","bc9c4c76b074bd70bf02cf4d5a0e4b68b93850493e2e52019fa17ae4bd4bdeff","b1faf4b871a960dd2e14f9bb24ce18129bf16767","True","2.8.0+cu128","12.8","3.4.0","0","Not Active","NVIDIA GeForce RTX 3050 Ti Laptop GPU","610.47","P0","1845","6001","64.16","74","Not Active","NVIDIA GeForce RTX 3050 Ti Laptop GPU","610.47","P0","1935","6001","29.51","68"
"20261006T023347Z","3","513","128","bf16","after","triton","cuda_graph","1.6030047048052338","20","5","50","2","1","128","7967b460a166cf549ef4f80a2bd03e3a71ed068fcfd6bc38351f4cd7e57a48eb","bc9c4c76b074bd70bf02cf4d5a0e4b68b93850493e2e52019fa17ae4bd4bdeff","b1faf4b871a960dd2e14f9bb24ce18129bf16767","True","2.8.0+cu128","12.8","3.4.0","0","Not Active","NVIDIA GeForce RTX 3050 Ti Laptop GPU","610.47","P0","1845","6001","64.16","74","Not Active","NVIDIA GeForce RTX 3050 Ti Laptop GPU","610.47","P0","1935","6001","29.51","68"
"20261006T023347Z","4","513","128","bf16","after","triton","cuda_graph","1.5996525694799095","20","5","50","2","1","128","7967b460a166cf549ef4f80a2bd03e3a71ed068fcfd6bc38351f4cd7e57a48eb","bc9c4c76b074bd70bf02cf4d5a0e4b68b93850493e2e52019fa17ae4bd4bdeff","b1faf4b871a960dd2e14f9bb24ce18129bf16767","True","2.8.0+cu128","12.8","3.4.0","0","Not Active","NVIDIA GeForce RTX 3050 Ti Laptop GPU","610.47","P0","1845","6001","64.16","74","Not Active","NVIDIA GeForce RTX 3050 Ti Laptop GPU","610.47","P0","1935","6001","29.51","68"
"20261006T023347Z","4","513","128","bf16","before","triton","cuda_graph","2.213084066396933","20","5","50","1","1","128","e6093007385fbfec41c730644131a7aa7ddbe199718163ff7b9b284dff9a9857","bc9c4c76b074bd70bf02cf4d5a0e4b68b93850493e2e52019fa17ae4bd4bdeff","b1faf4b871a960dd2e14f9bb24ce18129bf16767","True","2.8.0+cu128","12.8","3.4.0","0","Not Active","NVIDIA GeForce RTX 3050 Ti Laptop GPU","610.47","P0","1845","6001","64.16","74","Not Active","NVIDIA GeForce RTX 3050 Ti Laptop GPU","610.47","P0","1935","6001","29.51","68"
"20261006T023347Z","5","513","128","bf16","before","triton","cuda_graph","2.6113510329202314","20","5","50","1","1","128","e6093007385fbfec41c730644131a7aa7ddbe199718163ff7b9b284dff9a9857","bc9c4c76b074bd70bf02cf4d5a0e4b68b93850493e2e52019fa17ae4bd4bdeff","b1faf4b871a960dd2e14f9bb24ce18129bf16767","True","2.8.0+cu128","12.8","3.4.0","0","Not Active","NVIDIA GeForce RTX 3050 Ti Laptop GPU","610.47","P0","1845","6001","64.16","74","Not Active","NVIDIA GeForce RTX 3050 Ti Laptop GPU","610.47","P0","1935","6001","29.51","68"
"20261006T023347Z","5","513","128","bf16","after","triton","cuda_graph","1.6082959213146184","20","5","50","2","1","128","7967b460a166cf549ef4f80a2bd03e3a71ed068fcfd6bc38351f4cd7e57a48eb","bc9c4c76b074bd70bf02cf4d5a0e4b68b93850493e2e52019fa17ae4bd4bdeff","b1faf4b871a960dd2e14f9bb24ce18129bf16767","True","2.8.0+cu128","12.8","3.4.0","0","Not Active","NVIDIA GeForce RTX 3050 Ti Laptop GPU","610.47","P0","1845","6001","64.16","74","Not Active","NVIDIA GeForce RTX 3050 Ti Laptop GPU","610.47","P0","1935","6001","29.51","68"
"20261006T023347Z","1","513","129","bf16","before","triton","cuda_graph","2.321114794152682","20","5","50","1","1","256","e6093007385fbfec41c730644131a7aa7ddbe199718163ff7b9b284dff9a9857","bc9c4c76b074bd70bf02cf4d5a0e4b68b93850493e2e52019fa17ae4bd4bdeff","b1faf4b871a960dd2e14f9bb24ce18129bf16767","True","2.8.0+cu128","12.8","3.4.0","0","Not Active","NVIDIA GeForce RTX 3050 Ti Laptop GPU","610.47","P0","1935","6001","29.27","68","Not Active","NVIDIA GeForce RTX 3050 Ti Laptop GPU","610.47","P0","1125","6001","22.55","66"
"20261006T023347Z","1","513","129","bf16","after","triton","cuda_graph","1.7849670100249526","20","5","50","2","1","256","7967b460a166cf549ef4f80a2bd03e3a71ed068fcfd6bc38351f4cd7e57a48eb","bc9c4c76b074bd70bf02cf4d5a0e4b68b93850493e2e52019fa17ae4bd4bdeff","b1faf4b871a960dd2e14f9bb24ce18129bf16767","True","2.8.0+cu128","12.8","3.4.0","0","Not Active","NVIDIA GeForce RTX 3050 Ti Laptop GPU","610.47","P0","1935","6001","29.27","68","Not Active","NVIDIA GeForce RTX 3050 Ti Laptop GPU","610.47","P0","1125","6001","22.55","66"
"20261006T023347Z","2","513","129","bf16","after","triton","cuda_graph","1.771853077699355","20","5","50","2","1","256","7967b460a166cf549ef4f80a2bd03e3a71ed068fcfd6bc38351f4cd7e57a48eb","bc9c4c76b074bd70bf02cf4d5a0e4b68b93850493e2e52019fa17ae4bd4bdeff","b1faf4b871a960dd2e14f9bb24ce18129bf16767","True","2.8.0+cu128","12.8","3.4.0","0","Not Active","NVIDIA GeForce RTX 3050 Ti Laptop GPU","610.47","P0","1935","6001","29.27","68","Not Active","NVIDIA GeForce RTX 3050 Ti Laptop GPU","610.47","P0","1125","6001","22.55","66"
"20261006T023347Z","2","513","129","bf16","before","triton","cuda_graph","2.3224858702625504","20","5","50","1","1","256","e6093007385fbfec41c730644131a7aa7ddbe199718163ff7b9b284dff9a9857","bc9c4c76b074bd70bf02cf4d5a0e4b68b93850493e2e52019fa17ae4bd4bdeff","b1faf4b871a960dd2e14f9bb24ce18129bf16767","True","2.8.0+cu128","12.8","3.4.0","0","Not Active","NVIDIA GeForce RTX 3050 Ti Laptop GPU","610.47","P0","1935","6001","29.27","68","Not Active","NVIDIA GeForce RTX 3050 Ti Laptop GPU","610.47","P0","1125","6001","22.55","66"
"20261006T023347Z","3","513","129","bf16","before","triton","cuda_graph","3.8081022878043567","20","5","50","1","1","256","e6093007385fbfec41c730644131a7aa7ddbe199718163ff7b9b284dff9a9857","bc9c4c76b074bd70bf02cf4d5a0e4b68b93850493e2e52019fa17ae4bd4bdeff","b1faf4b871a960dd2e14f9bb24ce18129bf16767","True","2.8.0+cu128","12.8","3.4.0","0","Not Active","NVIDIA GeForce RTX 3050 Ti Laptop GPU","610.47","P0","1935","6001","29.27","68","Not Active","NVIDIA GeForce RTX 3050 Ti Laptop GPU","610.47","P0","1125","6001","22.55","66"
"20261006T023347Z","3","513","129","bf16","after","triton","cuda_graph","3.0476479978255226","20","5","50","2","1","256","7967b460a166cf549ef4f80a2bd03e3a71ed068fcfd6bc38351f4cd7e57a48eb","bc9c4c76b074bd70bf02cf4d5a0e4b68b93850493e2e52019fa17ae4bd4bdeff","b1faf4b871a960dd2e14f9bb24ce18129bf16767","True","2.8.0+cu128","12.8","3.4.0","0","Not Active","NVIDIA GeForce RTX 3050 Ti Laptop GPU","610.47","P0","1935","6001","29.27","68","Not Active","NVIDIA GeForce RTX 3050 Ti Laptop GPU","610.47","P0","1125","6001","22.55","66"
"20261006T023347Z","4","513","129","bf16","after","triton","cuda_graph","3.119109146600106","20","5","50","2","1","256","7967b460a166cf549ef4f80a2bd03e3a71ed068fcfd6bc38351f4cd7e57a48eb","bc9c4c76b074bd70bf02cf4d5a0e4b68b93850493e2e52019fa17ae4bd4bdeff","b1faf4b871a960dd2e14f9bb24ce18129bf16767","True","2.8.0+cu128","12.8","3.4.0","0","Not Active","NVIDIA GeForce RTX 3050 Ti Laptop GPU","610.47","P0","1935","6001","29.27","68","Not Active","NVIDIA GeForce RTX 3050 Ti Laptop GPU","610.47","P0","1125","6001","22.55","66"
"20261006T023347Z","4","513","129","bf16","before","triton","cuda_graph","4.226634923484275","20","5","50","1","1","256","e6093007385fbfec41c730644131a7aa7ddbe199718163ff7b9b284dff9a9857","bc9c4c76b074bd70bf02cf4d5a0e4b68b93850493e2e52019fa17ae4bd4bdeff","b1faf4b871a960dd2e14f9bb24ce18129bf16767","True","2.8.0+cu128","12.8","3.4.0","0","Not Active","NVIDIA GeForce RTX 3050 Ti Laptop GPU","610.47","P0","1935","6001","29.27","68","Not Active","NVIDIA GeForce RTX 3050 Ti Laptop GPU","610.47","P0","1125","6001","22.55","66"
"20261006T023347Z","5","513","129","bf16","before","triton","cuda_graph","4.38195093451144","20","5","50","1","1","256","e6093007385fbfec41c730644131a7aa7ddbe199718163ff7b9b284dff9a9857","bc9c4c76b074bd70bf02cf4d5a0e4b68b93850493e2e52019fa17ae4bd4bdeff","b1faf4b871a960dd2e14f9bb24ce18129bf16767","True","2.8.0+cu128","12.8","3.4.0","0","Not Active","NVIDIA GeForce RTX 3050 Ti Laptop GPU","610.47","P0","1935","6001","29.27","68","Not Active","NVIDIA GeForce RTX 3050 Ti Laptop GPU","610.47","P0","1125","6001","22.55","66"
"20261006T023347Z","5","513","129","bf16","after","triton","cuda_graph","3.3634828966717385","20","5","50","2","1","256","7967b460a166cf549ef4f80a2bd03e3a71ed068fcfd6bc38351f4cd7e57a48eb","bc9c4c76b074bd70bf02cf4d5a0e4b68b93850493e2e52019fa17ae4bd4bdeff","b1faf4b871a960dd2e14f9bb24ce18129bf16767","True","2.8.0+cu128","12.8","3.4.0","0","Not Active","NVIDIA GeForce RTX 3050 Ti Laptop GPU","610.47","P0","1935","6001","29.27","68","Not Active","NVIDIA GeForce RTX 3050 Ti Laptop GPU","610.47","P0","1125","6001","22.55","66"
"20261006T023347Z","1","513","1023","bf16","before","triton","cuda_graph","10.166290738297494","20","5","50","1","4","1024","e6093007385fbfec41c730644131a7aa7ddbe199718163ff7b9b284dff9a9857","bc9c4c76b074bd70bf02cf4d5a0e4b68b93850493e2e52019fa17ae4bd4bdeff","b1faf4b871a960dd2e14f9bb24ce18129bf16767","True","2.8.0+cu128","12.8","3.4.0","0","Not Active","NVIDIA GeForce RTX 3050 Ti Laptop GPU","610.47","P0","982","6001","21.18","66","Not Active","NVIDIA GeForce RTX 3050 Ti Laptop GPU","610.47","P0","1852","6001","69.09","76"
"20261006T023347Z","1","513","1023","bf16","after","triton","cuda_graph","7.106656417209126","20","5","50","1","4","1024","7967b460a166cf549ef4f80a2bd03e3a71ed068fcfd6bc38351f4cd7e57a48eb","bc9c4c76b074bd70bf02cf4d5a0e4b68b93850493e2e52019fa17ae4bd4bdeff","b1faf4b871a960dd2e14f9bb24ce18129bf16767","True","2.8.0+cu128","12.8","3.4.0","0","Not Active","NVIDIA GeForce RTX 3050 Ti Laptop GPU","610.47","P0","982","6001","21.18","66","Not Active","NVIDIA GeForce RTX 3050 Ti Laptop GPU","610.47","P0","1852","6001","69.09","76"
"20261006T023347Z","2","513","1023","bf16","after","triton","cuda_graph","7.108598346888345","20","5","50","1","4","1024","7967b460a166cf549ef4f80a2bd03e3a71ed068fcfd6bc38351f4cd7e57a48eb","bc9c4c76b074bd70bf02cf4d5a0e4b68b93850493e2e52019fa17ae4bd4bdeff","b1faf4b871a960dd2e14f9bb24ce18129bf16767","True","2.8.0+cu128","12.8","3.4.0","0","Not Active","NVIDIA GeForce RTX 3050 Ti Laptop GPU","610.47","P0","982","6001","21.18","66","Not Active","NVIDIA GeForce RTX 3050 Ti Laptop GPU","610.47","P0","1852","6001","69.09","76"
"20261006T023347Z","2","513","1023","bf16","before","triton","cuda_graph","7.1058916203307","20","5","50","1","4","1024","e6093007385fbfec41c730644131a7aa7ddbe199718163ff7b9b284dff9a9857","bc9c4c76b074bd70bf02cf4d5a0e4b68b93850493e2e52019fa17ae4bd4bdeff","b1faf4b871a960dd2e14f9bb24ce18129bf16767","True","2.8.0+cu128","12.8","3.4.0","0","Not Active","NVIDIA GeForce RTX 3050 Ti Laptop GPU","610.47","P0","982","6001","21.18","66","Not Active","NVIDIA GeForce RTX 3050 Ti Laptop GPU","610.47","P0","1852","6001","69.09","76"
"20261006T023347Z","3","513","1023","bf16","before","triton","cuda_graph","7.110362558428936","20","5","50","1","4","1024","e6093007385fbfec41c730644131a7aa7ddbe199718163ff7b9b284dff9a9857","bc9c4c76b074bd70bf02cf4d5a0e4b68b93850493e2e52019fa17ae4bd4bdeff","b1faf4b871a960dd2e14f9bb24ce18129bf16767","True","2.8.0+cu128","12.8","3.4.0","0","Not Active","NVIDIA GeForce RTX 3050 Ti Laptop GPU","610.47","P0","982","6001","21.18","66","Not Active","NVIDIA GeForce RTX 3050 Ti Laptop GPU","610.47","P0","1852","6001","69.09","76"
"20261006T023347Z","3","513","1023","bf16","after","triton","cuda_graph","7.115286550627565","20","5","50","1","4","1024","7967b460a166cf549ef4f80a2bd03e3a71ed068fcfd6bc38351f4cd7e57a48eb","bc9c4c76b074bd70bf02cf4d5a0e4b68b93850493e2e52019fa17ae4bd4bdeff","b1faf4b871a960dd2e14f9bb24ce18129bf16767","True","2.8.0+cu128","12.8","3.4.0","0","Not Active","NVIDIA GeForce RTX 3050 Ti Laptop GPU","610.47","P0","982","6001","21.18","66","Not Active","NVIDIA GeForce RTX 3050 Ti Laptop GPU","610.47","P0","1852","6001","69.09","76"
"20261006T023347Z","4","513","1023","bf16","after","triton","cuda_graph","7.109930334414651","20","5","50","1","4","1024","7967b460a166cf549ef4f80a2bd03e3a71ed068fcfd6bc38351f4cd7e57a48eb","bc9c4c76b074bd70bf02cf4d5a0e4b68b93850493e2e52019fa17ae4bd4bdeff","b1faf4b871a960dd2e14f9bb24ce18129bf16767","True","2.8.0+cu128","12.8","3.4.0","0","Not Active","NVIDIA GeForce RTX 3050 Ti Laptop GPU","610.47","P0","982","6001","21.18","66","Not Active","NVIDIA GeForce RTX 3050 Ti Laptop GPU","610.47","P0","1852","6001","69.09","76"
"20261006T023347Z","4","513","1023","bf16","before","triton","cuda_graph","7.110358166488854","20","5","50","1","4","1024","e6093007385fbfec41c730644131a7aa7ddbe199718163ff7b9b284dff9a9857","bc9c4c76b074bd70bf02cf4d5a0e4b68b93850493e2e52019fa17ae4bd4bdeff","b1faf4b871a960dd2e14f9bb24ce18129bf16767","True","2.8.0+cu128","12.8","3.4.0","0","Not Active","NVIDIA GeForce RTX 3050 Ti Laptop GPU","610.47","P0","982","6001","21.18","66","Not Active","NVIDIA GeForce RTX 3050 Ti Laptop GPU","610.47","P0","1852","6001","69.09","76"
"20261006T023347Z","5","513","1023","bf16","before","triton","cuda_graph","7.111153428010745","20","5","50","1","4","1024","e6093007385fbfec41c730644131a7aa7ddbe199718163ff7b9b284dff9a9857","bc9c4c76b074bd70bf02cf4d5a0e4b68b93850493e2e52019fa17ae4bd4bdeff","b1faf4b871a960dd2e14f9bb24ce18129bf16767","True","2.8.0+cu128","12.8","3.4.0","0","Not Active","NVIDIA GeForce RTX 3050 Ti Laptop GPU","610.47","P0","982","6001","21.18","66","Not Active","NVIDIA GeForce RTX 3050 Ti Laptop GPU","610.47","P0","1852","6001","69.09","76"
"20261006T023347Z","5","513","1023","bf16","after","triton","cuda_graph","7.112220165570358","20","5","50","1","4","1024","7967b460a166cf549ef4f80a2bd03e3a71ed068fcfd6bc38351f4cd7e57a48eb","bc9c4c76b074bd70bf02cf4d5a0e4b68b93850493e2e52019fa17ae4bd4bdeff","b1faf4b871a960dd2e14f9bb24ce18129bf16767","True","2.8.0+cu128","12.8","3.4.0","0","Not Active","NVIDIA GeForce RTX 3050 Ti Laptop GPU","610.47","P0","982","6001","21.18","66","Not Active","NVIDIA GeForce RTX 3050 Ti Laptop GPU","610.47","P0","1852","6001","69.09","76"
"20261006T023347Z","1","513","1024","bf16","before","triton","cuda_graph","6.42456056937727","20","5","50","1","4","1024","e6093007385fbfec41c730644131a7aa7ddbe199718163ff7b9b284dff9a9857","bc9c4c76b074bd70bf02cf4d5a0e4b68b93850493e2e52019fa17ae4bd4bdeff","b1faf4b871a960dd2e14f9bb24ce18129bf16767","True","2.8.0+cu128","12.8","3.4.0","0","Not Active","NVIDIA GeForce RTX 3050 Ti Laptop GPU","610.47","P0","1852","6001","66.31","76","Not Active","NVIDIA GeForce RTX 3050 Ti Laptop GPU","610.47","P0","1935","6001","67.80","70"
"20261006T023347Z","1","513","1024","bf16","after","triton","cuda_graph","5.891024513083671","20","5","50","2","4","1024","7967b460a166cf549ef4f80a2bd03e3a71ed068fcfd6bc38351f4cd7e57a48eb","bc9c4c76b074bd70bf02cf4d5a0e4b68b93850493e2e52019fa17ae4bd4bdeff","b1faf4b871a960dd2e14f9bb24ce18129bf16767","True","2.8.0+cu128","12.8","3.4.0","0","Not Active","NVIDIA GeForce RTX 3050 Ti Laptop GPU","610.47","P0","1852","6001","66.31","76","Not Active","NVIDIA GeForce RTX 3050 Ti Laptop GPU","610.47","P0","1935","6001","67.80","70"
"20261006T023347Z","2","513","1024","bf16","after","triton","cuda_graph","5.866678710767485","20","5","50","2","4","1024","7967b460a166cf549ef4f80a2bd03e3a71ed068fcfd6bc38351f4cd7e57a48eb","bc9c4c76b074bd70bf02cf4d5a0e4b68b93850493e2e52019fa17ae4bd4bdeff","b1faf4b871a960dd2e14f9bb24ce18129bf16767","True","2.8.0+cu128","12.8","3.4.0","0","Not Active","NVIDIA GeForce RTX 3050 Ti Laptop GPU","610.47","P0","1852","6001","66.31","76","Not Active","NVIDIA GeForce RTX 3050 Ti Laptop GPU","610.47","P0","1935","6001","67.80","70"
"20261006T023347Z","2","513","1024","bf16","before","triton","cuda_graph","6.426044015464042","20","5","50","1","4","1024","e6093007385fbfec41c730644131a7aa7ddbe199718163ff7b9b284dff9a9857","bc9c4c76b074bd70bf02cf4d5a0e4b68b93850493e2e52019fa17ae4bd4bdeff","b1faf4b871a960dd2e14f9bb24ce18129bf16767","True","2.8.0+cu128","12.8","3.4.0","0","Not Active","NVIDIA GeForce RTX 3050 Ti Laptop GPU","610.47","P0","1852","6001","66.31","76","Not Active","NVIDIA GeForce RTX 3050 Ti Laptop GPU","610.47","P0","1935","6001","67.80","70"
"20261006T023347Z","3","513","1024","bf16","before","triton","cuda_graph","6.436917921754068","20","5","50","1","4","1024","e6093007385fbfec41c730644131a7aa7ddbe199718163ff7b9b284dff9a9857","bc9c4c76b074bd70bf02cf4d5a0e4b68b93850493e2e52019fa17ae4bd4bdeff","b1faf4b871a960dd2e14f9bb24ce18129bf16767","True","2.8.0+cu128","12.8","3.4.0","0","Not Active","NVIDIA GeForce RTX 3050 Ti Laptop GPU","610.47","P0","1852","6001","66.31","76","Not Active","NVIDIA GeForce RTX 3050 Ti Laptop GPU","610.47","P0","1935","6001","67.80","70"
"20261006T023347Z","3","513","1024","bf16","after","triton","cuda_graph","5.8813991965171315","20","5","50","2","4","1024","7967b460a166cf549ef4f80a2bd03e3a71ed068fcfd6bc38351f4cd7e57a48eb","bc9c4c76b074bd70bf02cf4d5a0e4b68b93850493e2e52019fa17ae4bd4bdeff","b1faf4b871a960dd2e14f9bb24ce18129bf16767","True","2.8.0+cu128","12.8","3.4.0","0","Not Active","NVIDIA GeForce RTX 3050 Ti Laptop GPU","610.47","P0","1852","6001","66.31","76","Not Active","NVIDIA GeForce RTX 3050 Ti Laptop GPU","610.47","P0","1935","6001","67.80","70"
"20261006T023347Z","4","513","1024","bf16","after","triton","cuda_graph","5.870936371172648","20","5","50","2","4","1024","7967b460a166cf549ef4f80a2bd03e3a71ed068fcfd6bc38351f4cd7e57a48eb","bc9c4c76b074bd70bf02cf4d5a0e4b68b93850493e2e52019fa17ae4bd4bdeff","b1faf4b871a960dd2e14f9bb24ce18129bf16767","True","2.8.0+cu128","12.8","3.4.0","0","Not Active","NVIDIA GeForce RTX 3050 Ti Laptop GPU","610.47","P0","1852","6001","66.31","76","Not Active","NVIDIA GeForce RTX 3050 Ti Laptop GPU","610.47","P0","1935","6001","67.80","70"
"20261006T023347Z","4","513","1024","bf16","before","triton","cuda_graph","6.437981090606592","20","5","50","1","4","1024","e6093007385fbfec41c730644131a7aa7ddbe199718163ff7b9b284dff9a9857","bc9c4c76b074bd70bf02cf4d5a0e4b68b93850493e2e52019fa17ae4bd4bdeff","b1faf4b871a960dd2e14f9bb24ce18129bf16767","True","2.8.0+cu128","12.8","3.4.0","0","Not Active","NVIDIA GeForce RTX 3050 Ti Laptop GPU","610.47","P0","1852","6001","66.31","76","Not Active","NVIDIA GeForce RTX 3050 Ti Laptop GPU","610.47","P0","1935","6001","67.80","70"
"20261006T023347Z","5","513","1024","bf16","before","triton","cuda_graph","6.429475666935352","20","5","50","1","4","1024","e6093007385fbfec41c730644131a7aa7ddbe199718163ff7b9b284dff9a9857","bc9c4c76b074bd70bf02cf4d5a0e4b68b93850493e2e52019fa17ae4bd4bdeff","b1faf4b871a960dd2e14f9bb24ce18129bf16767","True","2.8.0+cu128","12.8","3.4.0","0","Not Active","NVIDIA GeForce RTX 3050 Ti Laptop GPU","610.47","P0","1852","6001","66.31","76","Not Active","NVIDIA GeForce RTX 3050 Ti Laptop GPU","610.47","P0","1935","6001","67.80","70"
"20261006T023347Z","5","513","1024","bf16","after","triton","cuda_graph","5.8628903125986085","20","5","50","2","4","1024","7967b460a166cf549ef4f80a2bd03e3a71ed068fcfd6bc38351f4cd7e57a48eb","bc9c4c76b074bd70bf02cf4d5a0e4b68b93850493e2e52019fa17ae4bd4bdeff","b1faf4b871a960dd2e14f9bb24ce18129bf16767","True","2.8.0+cu128","12.8","3.4.0","0","Not Active","NVIDIA GeForce RTX 3050 Ti Laptop GPU","610.47","P0","1852","6001","66.31","76","Not Active","NVIDIA GeForce RTX 3050 Ti Laptop GPU","610.47","P0","1935","6001","67.80","70"
"20261006T023347Z","1","1024","128","bf16","before","triton","cuda_graph","3.548794785819486","20","5","50","1","1","128","e6093007385fbfec41c730644131a7aa7ddbe199718163ff7b9b284dff9a9857","bc9c4c76b074bd70bf02cf4d5a0e4b68b93850493e2e52019fa17ae4bd4bdeff","b1faf4b871a960dd2e14f9bb24ce18129bf16767","True","2.8.0+cu128","12.8","3.4.0","0","Not Active","NVIDIA GeForce RTX 3050 Ti Laptop GPU","610.47","P0","1927","6001","67.80","70","Not Active","NVIDIA GeForce RTX 3050 Ti Laptop GPU","610.47","P0","1942","6001","34.42","69"
"20261006T023347Z","1","1024","128","bf16","after","triton","cuda_graph","2.3291500739523143","20","5","50","2","1","128","7967b460a166cf549ef4f80a2bd03e3a71ed068fcfd6bc38351f4cd7e57a48eb","bc9c4c76b074bd70bf02cf4d5a0e4b68b93850493e2e52019fa17ae4bd4bdeff","b1faf4b871a960dd2e14f9bb24ce18129bf16767","True","2.8.0+cu128","12.8","3.4.0","0","Not Active","NVIDIA GeForce RTX 3050 Ti Laptop GPU","610.47","P0","1927","6001","67.80","70","Not Active","NVIDIA GeForce RTX 3050 Ti Laptop GPU","610.47","P0","1942","6001","34.42","69"
"20261006T023347Z","2","1024","128","bf16","after","triton","cuda_graph","2.339855113762716","20","5","50","2","1","128","7967b460a166cf549ef4f80a2bd03e3a71ed068fcfd6bc38351f4cd7e57a48eb","bc9c4c76b074bd70bf02cf4d5a0e4b68b93850493e2e52019fa17ae4bd4bdeff","b1faf4b871a960dd2e14f9bb24ce18129bf16767","True","2.8.0+cu128","12.8","3.4.0","0","Not Active","NVIDIA GeForce RTX 3050 Ti Laptop GPU","610.47","P0","1927","6001","67.80","70","Not Active","NVIDIA GeForce RTX 3050 Ti Laptop GPU","610.47","P0","1942","6001","34.42","69"
"20261006T023347Z","2","1024","128","bf16","before","triton","cuda_graph","3.553479402314717","20","5","50","1","1","128","e6093007385fbfec41c730644131a7aa7ddbe199718163ff7b9b284dff9a9857","bc9c4c76b074bd70bf02cf4d5a0e4b68b93850493e2e52019fa17ae4bd4bdeff","b1faf4b871a960dd2e14f9bb24ce18129bf16767","True","2.8.0+cu128","12.8","3.4.0","0","Not Active","NVIDIA GeForce RTX 3050 Ti Laptop GPU","610.47","P0","1927","6001","67.80","70","Not Active","NVIDIA GeForce RTX 3050 Ti Laptop GPU","610.47","P0","1942","6001","34.42","69"
"20261006T023347Z","3","1024","128","bf16","before","triton","cuda_graph","3.532165338185208","20","5","50","1","1","128","e6093007385fbfec41c730644131a7aa7ddbe199718163ff7b9b284dff9a9857","bc9c4c76b074bd70bf02cf4d5a0e4b68b93850493e2e52019fa17ae4bd4bdeff","b1faf4b871a960dd2e14f9bb24ce18129bf16767","True","2.8.0+cu128","12.8","3.4.0","0","Not Active","NVIDIA GeForce RTX 3050 Ti Laptop GPU","610.47","P0","1927","6001","67.80","70","Not Active","NVIDIA GeForce RTX 3050 Ti Laptop GPU","610.47","P0","1942","6001","34.42","69"
"20261006T023347Z","3","1024","128","bf16","after","triton","cuda_graph","2.333238110297019","20","5","50","2","1","128","7967b460a166cf549ef4f80a2bd03e3a71ed068fcfd6bc38351f4cd7e57a48eb","bc9c4c76b074bd70bf02cf4d5a0e4b68b93850493e2e52019fa17ae4bd4bdeff","b1faf4b871a960dd2e14f9bb24ce18129bf16767","True","2.8.0+cu128","12.8","3.4.0","0","Not Active","NVIDIA GeForce RTX 3050 Ti Laptop GPU","610.47","P0","1927","6001","67.80","70","Not Active","NVIDIA GeForce RTX 3050 Ti Laptop GPU","610.47","P0","1942","6001","34.42","69"
"20261006T023347Z","4","1024","128","bf16","after","triton","cuda_graph","2.3343009892913407","20","5","50","2","1","128","7967b460a166cf549ef4f80a2bd03e3a71ed068fcfd6bc38351f4cd7e57a48eb","bc9c4c76b074bd70bf02cf4d5a0e4b68b93850493e2e52019fa17ae4bd4bdeff","b1faf4b871a960dd2e14f9bb24ce18129bf16767","True","2.8.0+cu128","12.8","3.4.0","0","Not Active","NVIDIA GeForce RTX 3050 Ti Laptop GPU","610.47","P0","1927","6001","67.80","70","Not Active","NVIDIA GeForce RTX 3050 Ti Laptop GPU","610.47","P0","1942","6001","34.42","69"
"20261006T023347Z","4","1024","128","bf16","before","triton","cuda_graph","3.5688292245123403","20","5","50","1","1","128","e6093007385fbfec41c730644131a7aa7ddbe199718163ff7b9b284dff9a9857","bc9c4c76b074bd70bf02cf4d5a0e4b68b93850493e2e52019fa17ae4bd4bdeff","b1faf4b871a960dd2e14f9bb24ce18129bf16767","True","2.8.0+cu128","12.8","3.4.0","0","Not Active","NVIDIA GeForce RTX 3050 Ti Laptop GPU","610.47","P0","1927","6001","67.80","70","Not Active","NVIDIA GeForce RTX 3050 Ti Laptop GPU","610.47","P0","1942","6001","34.42","69"
"20261006T023347Z","5","1024","128","bf16","before","triton","cuda_graph","3.574780341671581","20","5","50","1","1","128","e6093007385fbfec41c730644131a7aa7ddbe199718163ff7b9b284dff9a9857","bc9c4c76b074bd70bf02cf4d5a0e4b68b93850493e2e52019fa17ae4bd4bdeff","b1faf4b871a960dd2e14f9bb24ce18129bf16767","True","2.8.0+cu128","12.8","3.4.0","0","Not Active","NVIDIA GeForce RTX 3050 Ti Laptop GPU","610.47","P0","1927","6001","67.80","70","Not Active","NVIDIA GeForce RTX 3050 Ti Laptop GPU","610.47","P0","1942","6001","34.42","69"
"20261006T023347Z","5","1024","128","bf16","after","triton","cuda_graph","2.325158894441","20","5","50","2","1","128","7967b460a166cf549ef4f80a2bd03e3a71ed068fcfd6bc38351f4cd7e57a48eb","bc9c4c76b074bd70bf02cf4d5a0e4b68b93850493e2e52019fa17ae4bd4bdeff","b1faf4b871a960dd2e14f9bb24ce18129bf16767","True","2.8.0+cu128","12.8","3.4.0","0","Not Active","NVIDIA GeForce RTX 3050 Ti Laptop GPU","610.47","P0","1927","6001","67.80","70","Not Active","NVIDIA GeForce RTX 3050 Ti Laptop GPU","610.47","P0","1942","6001","34.42","69"
"20261006T023347Z","1","1024","256","bf16","before","triton","cuda_graph","3.813989521950953","20","5","50","1","1","256","e6093007385fbfec41c730644131a7aa7ddbe199718163ff7b9b284dff9a9857","bc9c4c76b074bd70bf02cf4d5a0e4b68b93850493e2e52019fa17ae4bd4bdeff","b1faf4b871a960dd2e14f9bb24ce18129bf16767","True","2.8.0+cu128","12.8","3.4.0","0","Not Active","NVIDIA GeForce RTX 3050 Ti Laptop GPU","610.47","P0","1942","6001","33.06","69","Not Active","NVIDIA GeForce RTX 3050 Ti Laptop GPU","610.47","P0","1942","6001","38.00","70"
"20261006T023347Z","1","1024","256","bf16","after","triton","cuda_graph","3.2811314611387337","20","5","50","2","1","256","7967b460a166cf549ef4f80a2bd03e3a71ed068fcfd6bc38351f4cd7e57a48eb","bc9c4c76b074bd70bf02cf4d5a0e4b68b93850493e2e52019fa17ae4bd4bdeff","b1faf4b871a960dd2e14f9bb24ce18129bf16767","True","2.8.0+cu128","12.8","3.4.0","0","Not Active","NVIDIA GeForce RTX 3050 Ti Laptop GPU","610.47","P0","1942","6001","33.06","69","Not Active","NVIDIA GeForce RTX 3050 Ti Laptop GPU","610.47","P0","1942","6001","38.00","70"
"20261006T023347Z","2","1024","256","bf16","after","triton","cuda_graph","3.261025821895895","20","5","50","2","1","256","7967b460a166cf549ef4f80a2bd03e3a71ed068fcfd6bc38351f4cd7e57a48eb","bc9c4c76b074bd70bf02cf4d5a0e4b68b93850493e2e52019fa17ae4bd4bdeff","b1faf4b871a960dd2e14f9bb24ce18129bf16767","True","2.8.0+cu128","12.8","3.4.0","0","Not Active","NVIDIA GeForce RTX 3050 Ti Laptop GPU","610.47","P0","1942","6001","33.06","69","Not Active","NVIDIA GeForce RTX 3050 Ti Laptop GPU","610.47","P0","1942","6001","38.00","70"
"20261006T023347Z","2","1024","256","bf16","before","triton","cuda_graph","3.826834269932338","20","5","50","1","1","256","e6093007385fbfec41c730644131a7aa7ddbe199718163ff7b9b284dff9a9857","bc9c4c76b074bd70bf02cf4d5a0e4b68b93850493e2e52019fa17ae4bd4bdeff","b1faf4b871a960dd2e14f9bb24ce18129bf16767","True","2.8.0+cu128","12.8","3.4.0","0","Not Active","NVIDIA GeForce RTX 3050 Ti Laptop GPU","610.47","P0","1942","6001","33.06","69","Not Active","NVIDIA GeForce RTX 3050 Ti Laptop GPU","610.47","P0","1942","6001","38.00","70"
"20261006T023347Z","3","1024","256","bf16","before","triton","cuda_graph","3.846831935541222","20","5","50","1","1","256","e6093007385fbfec41c730644131a7aa7ddbe199718163ff7b9b284dff9a9857","bc9c4c76b074bd70bf02cf4d5a0e4b68b93850493e2e52019fa17ae4bd4bdeff","b1faf4b871a960dd2e14f9bb24ce18129bf16767","True","2.8.0+cu128","12.8","3.4.0","0","Not Active","NVIDIA GeForce RTX 3050 Ti Laptop GPU","610.47","P0","1942","6001","33.06","69","Not Active","NVIDIA GeForce RTX 3050 Ti Laptop GPU","610.47","P0","1942","6001","38.00","70"
"20261006T023347Z","3","1024","256","bf16","after","triton","cuda_graph","3.258755623732381","20","5","50","2","1","256","7967b460a166cf549ef4f80a2bd03e3a71ed068fcfd6bc38351f4cd7e57a48eb","bc9c4c76b074bd70bf02cf4d5a0e4b68b93850493e2e52019fa17ae4bd4bdeff","b1faf4b871a960dd2e14f9bb24ce18129bf16767","True","2.8.0+cu128","12.8","3.4.0","0","Not Active","NVIDIA GeForce RTX 3050 Ti Laptop GPU","610.47","P0","1942","6001","33.06","69","Not Active","NVIDIA GeForce RTX 3050 Ti Laptop GPU","610.47","P0","1942","6001","38.00","70"
"20261006T023347Z","4","1024","256","bf16","after","triton","cuda_graph","3.2670415680983975","20","5","50","2","1","256","7967b460a166cf549ef4f80a2bd03e3a71ed068fcfd6bc38351f4cd7e57a48eb","bc9c4c76b074bd70bf02cf4d5a0e4b68b93850493e2e52019fa17ae4bd4bdeff","b1faf4b871a960dd2e14f9bb24ce18129bf16767","True","2.8.0+cu128","12.8","3.4.0","0","Not Active","NVIDIA GeForce RTX 3050 Ti Laptop GPU","610.47","P0","1942","6001","33.06","69","Not Active","NVIDIA GeForce RTX 3050 Ti Laptop GPU","610.47","P0","1942","6001","38.00","70"
"20261006T023347Z","4","1024","256","bf16","before","triton","cuda_graph","3.8169612270994016","20","5","50","1","1","256","e6093007385fbfec41c730644131a7aa7ddbe199718163ff7b9b284dff9a9857","bc9c4c76b074bd70bf02cf4d5a0e4b68b93850493e2e52019fa17ae4bd4bdeff","b1faf4b871a960dd2e14f9bb24ce18129bf16767","True","2.8.0+cu128","12.8","3.4.0","0","Not Active","NVIDIA GeForce RTX 3050 Ti Laptop GPU","610.47","P0","1942","6001","33.06","69","Not Active","NVIDIA GeForce RTX 3050 Ti Laptop GPU","610.47","P0","1942","6001","38.00","70"
"20261006T023347Z","5","1024","256","bf16","before","triton","cuda_graph","3.8298694845189383","20","5","50","1","1","256","e6093007385fbfec41c730644131a7aa7ddbe199718163ff7b9b284dff9a9857","bc9c4c76b074bd70bf02cf4d5a0e4b68b93850493e2e52019fa17ae4bd4bdeff","b1faf4b871a960dd2e14f9bb24ce18129bf16767","True","2.8.0+cu128","12.8","3.4.0","0","Not Active","NVIDIA GeForce RTX 3050 Ti Laptop GPU","610.47","P0","1942","6001","33.06","69","Not Active","NVIDIA GeForce RTX 3050 Ti Laptop GPU","610.47","P0","1942","6001","38.00","70"
"20261006T023347Z","5","1024","256","bf16","after","triton","cuda_graph","3.2518815174485343","20","5","50","2","1","256","7967b460a166cf549ef4f80a2bd03e3a71ed068fcfd6bc38351f4cd7e57a48eb","bc9c4c76b074bd70bf02cf4d5a0e4b68b93850493e2e52019fa17ae4bd4bdeff","b1faf4b871a960dd2e14f9bb24ce18129bf16767","True","2.8.0+cu128","12.8","3.4.0","0","Not Active","NVIDIA GeForce RTX 3050 Ti Laptop GPU","610.47","P0","1942","6001","33.06","69","Not Active","NVIDIA GeForce RTX 3050 Ti Laptop GPU","610.47","P0","1942","6001","38.00","70"
"20261006T023347Z","1","1024","1024","bf16","before","triton","cuda_graph","23.900033321269873","20","5","50","1","4","1024","e6093007385fbfec41c730644131a7aa7ddbe199718163ff7b9b284dff9a9857","bc9c4c76b074bd70bf02cf4d5a0e4b68b93850493e2e52019fa17ae4bd4bdeff","b1faf4b871a960dd2e14f9bb24ce18129bf16767","True","2.8.0+cu128","12.8","3.4.0","0","Not Active","NVIDIA GeForce RTX 3050 Ti Laptop GPU","610.47","P0","1942","6001","37.78","70","Not Active","NVIDIA GeForce RTX 3050 Ti Laptop GPU","610.47","P0","1927","6001","60.17","73"
"20261006T023347Z","1","1024","1024","bf16","after","triton","cuda_graph","23.678064486973405","20","5","50","2","4","1024","7967b460a166cf549ef4f80a2bd03e3a71ed068fcfd6bc38351f4cd7e57a48eb","bc9c4c76b074bd70bf02cf4d5a0e4b68b93850493e2e52019fa17ae4bd4bdeff","b1faf4b871a960dd2e14f9bb24ce18129bf16767","True","2.8.0+cu128","12.8","3.4.0","0","Not Active","NVIDIA GeForce RTX 3050 Ti Laptop GPU","610.47","P0","1942","6001","37.78","70","Not Active","NVIDIA GeForce RTX 3050 Ti Laptop GPU","610.47","P0","1927","6001","60.17","73"
"20261006T023347Z","2","1024","1024","bf16","after","triton","cuda_graph","23.666591137911364","20","5","50","2","4","1024","7967b460a166cf549ef4f80a2bd03e3a71ed068fcfd6bc38351f4cd7e57a48eb","bc9c4c76b074bd70bf02cf4d5a0e4b68b93850493e2e52019fa17ae4bd4bdeff","b1faf4b871a960dd2e14f9bb24ce18129bf16767","True","2.8.0+cu128","12.8","3.4.0","0","Not Active","NVIDIA GeForce RTX 3050 Ti Laptop GPU","610.47","P0","1942","6001","37.78","70","Not Active","NVIDIA GeForce RTX 3050 Ti Laptop GPU","610.47","P0","1927","6001","60.17","73"
"20261006T023347Z","2","1024","1024","bf16","before","triton","cuda_graph","23.88570667368121","20","5","50","1","4","1024","e6093007385fbfec41c730644131a7aa7ddbe199718163ff7b9b284dff9a9857","bc9c4c76b074bd70bf02cf4d5a0e4b68b93850493e2e52019fa17ae4bd4bdeff","b1faf4b871a960dd2e14f9bb24ce18129bf16767","True","2.8.0+cu128","12.8","3.4.0","0","Not Active","NVIDIA GeForce RTX 3050 Ti Laptop GPU","610.47","P0","1942","6001","37.78","70","Not Active","NVIDIA GeForce RTX 3050 Ti Laptop GPU","610.47","P0","1927","6001","60.17","73"
"20261006T023347Z","3","1024","1024","bf16","before","triton","cuda_graph","23.912665274290912","20","5","50","1","4","1024","e6093007385fbfec41c730644131a7aa7ddbe199718163ff7b9b284dff9a9857","bc9c4c76b074bd70bf02cf4d5a0e4b68b93850493e2e52019fa17ae4bd4bdeff","b1faf4b871a960dd2e14f9bb24ce18129bf16767","True","2.8.0+cu128","12.8","3.4.0","0","Not Active","NVIDIA GeForce RTX 3050 Ti Laptop GPU","610.47","P0","1942","6001","37.78","70","Not Active","NVIDIA GeForce RTX 3050 Ti Laptop GPU","610.47","P0","1927","6001","60.17","73"
"20261006T023347Z","3","1024","1024","bf16","after","triton","cuda_graph","23.688444581366614","20","5","50","2","4","1024","7967b460a166cf549ef4f80a2bd03e3a71ed068fcfd6bc38351f4cd7e57a48eb","bc9c4c76b074bd70bf02cf4d5a0e4b68b93850493e2e52019fa17ae4bd4bdeff","b1faf4b871a960dd2e14f9bb24ce18129bf16767","True","2.8.0+cu128","12.8","3.4.0","0","Not Active","NVIDIA GeForce RTX 3050 Ti Laptop GPU","610.47","P0","1942","6001","37.78","70","Not Active","NVIDIA GeForce RTX 3050 Ti Laptop GPU","610.47","P0","1927","6001","60.17","73"
"20261006T023347Z","4","1024","1024","bf16","after","triton","cuda_graph","23.675469592609236","20","5","50","2","4","1024","7967b460a166cf549ef4f80a2bd03e3a71ed068fcfd6bc38351f4cd7e57a48eb","bc9c4c76b074bd70bf02cf4d5a0e4b68b93850493e2e52019fa17ae4bd4bdeff","b1faf4b871a960dd2e14f9bb24ce18129bf16767","True","2.8.0+cu128","12.8","3.4.0","0","Not Active","NVIDIA GeForce RTX 3050 Ti Laptop GPU","610.47","P0","1942","6001","37.78","70","Not Active","NVIDIA GeForce RTX 3050 Ti Laptop GPU","610.47","P0","1927","6001","60.17","73"
"20261006T023347Z","4","1024","1024","bf16","before","triton","cuda_graph","23.8966113384838","20","5","50","1","4","1024","e6093007385fbfec41c730644131a7aa7ddbe199718163ff7b9b284dff9a9857","bc9c4c76b074bd70bf02cf4d5a0e4b68b93850493e2e52019fa17ae4bd4bdeff","b1faf4b871a960dd2e14f9bb24ce18129bf16767","True","2.8.0+cu128","12.8","3.4.0","0","Not Active","NVIDIA GeForce RTX 3050 Ti Laptop GPU","610.47","P0","1942","6001","37.78","70","Not Active","NVIDIA GeForce RTX 3050 Ti Laptop GPU","610.47","P0","1927","6001","60.17","73"
"20261006T023347Z","5","1024","1024","bf16","before","triton","cuda_graph","23.85987982285761","20","5","50","1","4","1024","e6093007385fbfec41c730644131a7aa7ddbe199718163ff7b9b284dff9a9857","bc9c4c76b074bd70bf02cf4d5a0e4b68b93850493e2e52019fa17ae4bd4bdeff","b1faf4b871a960dd2e14f9bb24ce18129bf16767","True","2.8.0+cu128","12.8","3.4.0","0","Not Active","NVIDIA GeForce RTX 3050 Ti Laptop GPU","610.47","P0","1942","6001","37.78","70","Not Active","NVIDIA GeForce RTX 3050 Ti Laptop GPU","610.47","P0","1927","6001","60.17","73"
"20261006T023347Z","5","1024","1024","bf16","after","triton","cuda_graph","23.63673642868513","20","5","50","2","4","1024","7967b460a166cf549ef4f80a2bd03e3a71ed068fcfd6bc38351f4cd7e57a48eb","bc9c4c76b074bd70bf02cf4d5a0e4b68b93850493e2e52019fa17ae4bd4bdeff","b1faf4b871a960dd2e14f9bb24ce18129bf16767","True","2.8.0+cu128","12.8","3.4.0","0","Not Active","NVIDIA GeForce RTX 3050 Ti Laptop GPU","610.47","P0","1942","6001","37.78","70","Not Active","NVIDIA GeForce RTX 3050 Ti Laptop GPU","610.47","P0","1927","6001","60.17","73"
"20261006T023347Z","1","4096","128","bf16","before","triton","cuda_graph","10.505834850696248","20","5","50","1","1","128","e6093007385fbfec41c730644131a7aa7ddbe199718163ff7b9b284dff9a9857","bc9c4c76b074bd70bf02cf4d5a0e4b68b93850493e2e52019fa17ae4bd4bdeff","b1faf4b871a960dd2e14f9bb24ce18129bf16767","True","2.8.0+cu128","12.8","3.4.0","0","Not Active","NVIDIA GeForce RTX 3050 Ti Laptop GPU","610.47","P0","1927","6001","60.17","73","Not Active","NVIDIA GeForce RTX 3050 Ti Laptop GPU","610.47","P0","1942","6001","47.56","72"
"20261006T023347Z","1","4096","128","bf16","after","triton","cuda_graph","6.847434667310951","20","5","50","2","1","128","7967b460a166cf549ef4f80a2bd03e3a71ed068fcfd6bc38351f4cd7e57a48eb","bc9c4c76b074bd70bf02cf4d5a0e4b68b93850493e2e52019fa17ae4bd4bdeff","b1faf4b871a960dd2e14f9bb24ce18129bf16767","True","2.8.0+cu128","12.8","3.4.0","0","Not Active","NVIDIA GeForce RTX 3050 Ti Laptop GPU","610.47","P0","1927","6001","60.17","73","Not Active","NVIDIA GeForce RTX 3050 Ti Laptop GPU","610.47","P0","1942","6001","47.56","72"
"20261006T023347Z","2","4096","128","bf16","after","triton","cuda_graph","6.825173686364454","20","5","50","2","1","128","7967b460a166cf549ef4f80a2bd03e3a71ed068fcfd6bc38351f4cd7e57a48eb","bc9c4c76b074bd70bf02cf4d5a0e4b68b93850493e2e52019fa17ae4bd4bdeff","b1faf4b871a960dd2e14f9bb24ce18129bf16767","True","2.8.0+cu128","12.8","3.4.0","0","Not Active","NVIDIA GeForce RTX 3050 Ti Laptop GPU","610.47","P0","1927","6001","60.17","73","Not Active","NVIDIA GeForce RTX 3050 Ti Laptop GPU","610.47","P0","1942","6001","47.56","72"
"20261006T023347Z","2","4096","128","bf16","before","triton","cuda_graph","10.513704513835014","20","5","50","1","1","128","e6093007385fbfec41c730644131a7aa7ddbe199718163ff7b9b284dff9a9857","bc9c4c76b074bd70bf02cf4d5a0e4b68b93850493e2e52019fa17ae4bd4bdeff","b1faf4b871a960dd2e14f9bb24ce18129bf16767","True","2.8.0+cu128","12.8","3.4.0","0","Not Active","NVIDIA GeForce RTX 3050 Ti Laptop GPU","610.47","P0","1927","6001","60.17","73","Not Active","NVIDIA GeForce RTX 3050 Ti Laptop GPU","610.47","P0","1942","6001","47.56","72"
"20261006T023347Z","3","4096","128","bf16","before","triton","cuda_graph","10.507360518076863","20","5","50","1","1","128","e6093007385fbfec41c730644131a7aa7ddbe199718163ff7b9b284dff9a9857","bc9c4c76b074bd70bf02cf4d5a0e4b68b93850493e2e52019fa17ae4bd4bdeff","b1faf4b871a960dd2e14f9bb24ce18129bf16767","True","2.8.0+cu128","12.8","3.4.0","0","Not Active","NVIDIA GeForce RTX 3050 Ti Laptop GPU","610.47","P0","1927","6001","60.17","73","Not Active","NVIDIA GeForce RTX 3050 Ti Laptop GPU","610.47","P0","1942","6001","47.56","72"
"20261006T023347Z","3","4096","128","bf16","after","triton","cuda_graph","6.764807413995195","20","5","50","2","1","128","7967b460a166cf549ef4f80a2bd03e3a71ed068fcfd6bc38351f4cd7e57a48eb","bc9c4c76b074bd70bf02cf4d5a0e4b68b93850493e2e52019fa17ae4bd4bdeff","b1faf4b871a960dd2e14f9bb24ce18129bf16767","True","2.8.0+cu128","12.8","3.4.0","0","Not Active","NVIDIA GeForce RTX 3050 Ti Laptop GPU","610.47","P0","1927","6001","60.17","73","Not Active","NVIDIA GeForce RTX 3050 Ti Laptop GPU","610.47","P0","1942","6001","47.56","72"
"20261006T023347Z","4","4096","128","bf16","after","triton","cuda_graph","6.816625595092773","20","5","50","2","1","128","7967b460a166cf549ef4f80a2bd03e3a71ed068fcfd6bc38351f4cd7e57a48eb","bc9c4c76b074bd70bf02cf4d5a0e4b68b93850493e2e52019fa17ae4bd4bdeff","b1faf4b871a960dd2e14f9bb24ce18129bf16767","True","2.8.0+cu128","12.8","3.4.0","0","Not Active","NVIDIA GeForce RTX 3050 Ti Laptop GPU","610.47","P0","1927","6001","60.17","73","Not Active","NVIDIA GeForce RTX 3050 Ti Laptop GPU","610.47","P0","1942","6001","47.56","72"
"20261006T023347Z","4","4096","128","bf16","before","triton","cuda_graph","10.507877346087774","20","5","50","1","1","128","e6093007385fbfec41c730644131a7aa7ddbe199718163ff7b9b284dff9a9857","bc9c4c76b074bd70bf02cf4d5a0e4b68b93850493e2e52019fa17ae4bd4bdeff","b1faf4b871a960dd2e14f9bb24ce18129bf16767","True","2.8.0+cu128","12.8","3.4.0","0","Not Active","NVIDIA GeForce RTX 3050 Ti Laptop GPU","610.47","P0","1927","6001","60.17","73","Not Active","NVIDIA GeForce RTX 3050 Ti Laptop GPU","610.47","P0","1942","6001","47.56","72"
"20261006T023347Z","5","4096","128","bf16","before","triton","cuda_graph","10.542054238133987","20","5","50","1","1","128","e6093007385fbfec41c730644131a7aa7ddbe199718163ff7b9b284dff9a9857","bc9c4c76b074bd70bf02cf4d5a0e4b68b93850493e2e52019fa17ae4bd4bdeff","b1faf4b871a960dd2e14f9bb24ce18129bf16767","True","2.8.0+cu128","12.8","3.4.0","0","Not Active","NVIDIA GeForce RTX 3050 Ti Laptop GPU","610.47","P0","1927","6001","60.17","73","Not Active","NVIDIA GeForce RTX 3050 Ti Laptop GPU","610.47","P0","1942","6001","47.56","72"
"20261006T023347Z","5","4096","128","bf16","after","triton","cuda_graph","6.768301480231892","20","5","50","2","1","128","7967b460a166cf549ef4f80a2bd03e3a71ed068fcfd6bc38351f4cd7e57a48eb","bc9c4c76b074bd70bf02cf4d5a0e4b68b93850493e2e52019fa17ae4bd4bdeff","b1faf4b871a960dd2e14f9bb24ce18129bf16767","True","2.8.0+cu128","12.8","3.4.0","0","Not Active","NVIDIA GeForce RTX 3050 Ti Laptop GPU","610.47","P0","1927","6001","60.17","73","Not Active","NVIDIA GeForce RTX 3050 Ti Laptop GPU","610.47","P0","1942","6001","47.56","72"
"20261006T023347Z","1","4096","1024","bf16","before","triton","cuda_graph","92.92706290444175","20","5","50","1","4","1024","e6093007385fbfec41c730644131a7aa7ddbe199718163ff7b9b284dff9a9857","bc9c4c76b074bd70bf02cf4d5a0e4b68b93850493e2e52019fa17ae4bd4bdeff","b1faf4b871a960dd2e14f9bb24ce18129bf16767","True","2.8.0+cu128","12.8","3.4.0","0","Not Active","NVIDIA GeForce RTX 3050 Ti Laptop GPU","610.47","P0","1942","6001","45.96","72","Not Active","NVIDIA GeForce RTX 3050 Ti Laptop GPU","610.47","P0","1927","6001","68.61","75"
"20261006T023347Z","1","4096","1024","bf16","after","triton","cuda_graph","92.73107155509616","20","5","50","2","4","1024","7967b460a166cf549ef4f80a2bd03e3a71ed068fcfd6bc38351f4cd7e57a48eb","bc9c4c76b074bd70bf02cf4d5a0e4b68b93850493e2e52019fa17ae4bd4bdeff","b1faf4b871a960dd2e14f9bb24ce18129bf16767","True","2.8.0+cu128","12.8","3.4.0","0","Not Active","NVIDIA GeForce RTX 3050 Ti Laptop GPU","610.47","P0","1942","6001","45.96","72","Not Active","NVIDIA GeForce RTX 3050 Ti Laptop GPU","610.47","P0","1927","6001","68.61","75"
"20261006T023347Z","2","4096","1024","bf16","after","triton","cuda_graph","92.690506134646","20","5","50","2","4","1024","7967b460a166cf549ef4f80a2bd03e3a71ed068fcfd6bc38351f4cd7e57a48eb","bc9c4c76b074bd70bf02cf4d5a0e4b68b93850493e2e52019fa17ae4bd4bdeff","b1faf4b871a960dd2e14f9bb24ce18129bf16767","True","2.8.0+cu128","12.8","3.4.0","0","Not Active","NVIDIA GeForce RTX 3050 Ti Laptop GPU","610.47","P0","1942","6001","45.96","72","Not Active","NVIDIA GeForce RTX 3050 Ti Laptop GPU","610.47","P0","1927","6001","68.61","75"
"20261006T023347Z","2","4096","1024","bf16","before","triton","cuda_graph","92.82709386226905","20","5","50","1","4","1024","e6093007385fbfec41c730644131a7aa7ddbe199718163ff7b9b284dff9a9857","bc9c4c76b074bd70bf02cf4d5a0e4b68b93850493e2e52019fa17ae4bd4bdeff","b1faf4b871a960dd2e14f9bb24ce18129bf16767","True","2.8.0+cu128","12.8","3.4.0","0","Not Active","NVIDIA GeForce RTX 3050 Ti Laptop GPU","610.47","P0","1942","6001","45.96","72","Not Active","NVIDIA GeForce RTX 3050 Ti Laptop GPU","610.47","P0","1927","6001","68.61","75"
"20261006T023347Z","3","4096","1024","bf16","before","triton","cuda_graph","92.9387271512836","20","5","50","1","4","1024","e6093007385fbfec41c730644131a7aa7ddbe199718163ff7b9b284dff9a9857","bc9c4c76b074bd70bf02cf4d5a0e4b68b93850493e2e52019fa17ae4bd4bdeff","b1faf4b871a960dd2e14f9bb24ce18129bf16767","True","2.8.0+cu128","12.8","3.4.0","0","Not Active","NVIDIA GeForce RTX 3050 Ti Laptop GPU","610.47","P0","1942","6001","45.96","72","Not Active","NVIDIA GeForce RTX 3050 Ti Laptop GPU","610.47","P0","1927","6001","68.61","75"
"20261006T023347Z","3","4096","1024","bf16","after","triton","cuda_graph","92.61484962560657","20","5","50","2","4","1024","7967b460a166cf549ef4f80a2bd03e3a71ed068fcfd6bc38351f4cd7e57a48eb","bc9c4c76b074bd70bf02cf4d5a0e4b68b93850493e2e52019fa17ae4bd4bdeff","b1faf4b871a960dd2e14f9bb24ce18129bf16767","True","2.8.0+cu128","12.8","3.4.0","0","Not Active","NVIDIA GeForce RTX 3050 Ti Laptop GPU","610.47","P0","1942","6001","45.96","72","Not Active","NVIDIA GeForce RTX 3050 Ti Laptop GPU","610.47","P0","1927","6001","68.61","75"
"20261006T023347Z","4","4096","1024","bf16","after","triton","cuda_graph","92.74540882145213","20","5","50","2","4","1024","7967b460a166cf549ef4f80a2bd03e3a71ed068fcfd6bc38351f4cd7e57a48eb","bc9c4c76b074bd70bf02cf4d5a0e4b68b93850493e2e52019fa17ae4bd4bdeff","b1faf4b871a960dd2e14f9bb24ce18129bf16767","True","2.8.0+cu128","12.8","3.4.0","0","Not Active","NVIDIA GeForce RTX 3050 Ti Laptop GPU","610.47","P0","1942","6001","45.96","72","Not Active","NVIDIA GeForce RTX 3050 Ti Laptop GPU","610.47","P0","1927","6001","68.61","75"
"20261006T023347Z","4","4096","1024","bf16","before","triton","cuda_graph","92.97751684258454","20","5","50","1","4","1024","e6093007385fbfec41c730644131a7aa7ddbe199718163ff7b9b284dff9a9857","bc9c4c76b074bd70bf02cf4d5a0e4b68b93850493e2e52019fa17ae4bd4bdeff","b1faf4b871a960dd2e14f9bb24ce18129bf16767","True","2.8.0+cu128","12.8","3.4.0","0","Not Active","NVIDIA GeForce RTX 3050 Ti Laptop GPU","610.47","P0","1942","6001","45.96","72","Not Active","NVIDIA GeForce RTX 3050 Ti Laptop GPU","610.47","P0","1927","6001","68.61","75"
"20261006T023347Z","5","4096","1024","bf16","before","triton","cuda_graph","92.95401259930463","20","5","50","1","4","1024","e6093007385fbfec41c730644131a7aa7ddbe199718163ff7b9b284dff9a9857","bc9c4c76b074bd70bf02cf4d5a0e4b68b93850493e2e52019fa17ae4bd4bdeff","b1faf4b871a960dd2e14f9bb24ce18129bf16767","True","2.8.0+cu128","12.8","3.4.0","0","Not Active","NVIDIA GeForce RTX 3050 Ti Laptop GPU","610.47","P0","1942","6001","45.96","72","Not Active","NVIDIA GeForce RTX 3050 Ti Laptop GPU","610.47","P0","1927","6001","68.61","75"
"20261006T023347Z","5","4096","1024","bf16","after","triton","cuda_graph","92.85806171201047","20","5","50","2","4","1024","7967b460a166cf549ef4f80a2bd03e3a71ed068fcfd6bc38351f4cd7e57a48eb","bc9c4c76b074bd70bf02cf4d5a0e4b68b93850493e2e52019fa17ae4bd4bdeff","b1faf4b871a960dd2e14f9bb24ce18129bf16767","True","2.8.0+cu128","12.8","3.4.0","0","Not Active","NVIDIA GeForce RTX 3050 Ti Laptop GPU","610.47","P0","1942","6001","45.96","72","Not Active","NVIDIA GeForce RTX 3050 Ti Laptop GPU","610.47","P0","1927","6001","68.61","75"
