timestamp_utc,repeat,rows,hidden_size,dtype,configuration,backend,measurement,median_us,warmup,runs,rep_ms,rows_per_program,warps,block_size,kernel_source_sha256,reference_source_sha256,source_revision,dirty,torch,cuda,triton,thermal_before,gpu_before,driver_before,pstate_before,sm_clock_mhz_before,memory_clock_mhz_before,power_w_before,temperature_c_before,thermal_after,gpu_after,driver_after,pstate_after,sm_clock_mhz_after,memory_clock_mhz_after,power_w_after,temperature_c_after
20261005T124546Z,1,1,128,bf16,before,triton,cuda_graph,1.4276922895358157,20,5,50,1,4,128,71611108dd2ffe2c896d2402e035fc1614d214c7b592a247071c3286b9bdc306,bc9c4c76b074bd70bf02cf4d5a0e4b68b93850493e2e52019fa17ae4bd4bdeff,b1faf4b871a960dd2e14f9bb24ce18129bf16767,True,2.8.0+cu128,12.8,3.4.0,Not Active,NVIDIA GeForce RTX 3050 Ti Laptop GPU,610.47,P0,1695,6001,18.54,57,Not Active,NVIDIA GeForce RTX 3050 Ti Laptop GPU,610.47,P0,1695,6001,18.90,57
20261005T124546Z,1,1,128,bf16,after,triton,cuda_graph,1.2761705234402518,20,5,50,1,1,128,e6093007385fbfec41c730644131a7aa7ddbe199718163ff7b9b284dff9a9857,bc9c4c76b074bd70bf02cf4d5a0e4b68b93850493e2e52019fa17ae4bd4bdeff,b1faf4b871a960dd2e14f9bb24ce18129bf16767,True,2.8.0+cu128,12.8,3.4.0,Not Active,NVIDIA GeForce RTX 3050 Ti Laptop GPU,610.47,P0,1695,6001,18.54,57,Not Active,NVIDIA GeForce RTX 3050 Ti Laptop GPU,610.47,P0,1695,6001,18.90,57
20261005T124546Z,2,1,128,bf16,after,triton,cuda_graph,1.2558280929061005,20,5,50,1,1,128,e6093007385fbfec41c730644131a7aa7ddbe199718163ff7b9b284dff9a9857,bc9c4c76b074bd70bf02cf4d5a0e4b68b93850493e2e52019fa17ae4bd4bdeff,b1faf4b871a960dd2e14f9bb24ce18129bf16767,True,2.8.0+cu128,12.8,3.4.0,Not Active,NVIDIA GeForce RTX 3050 Ti Laptop GPU,610.47,P0,1695,6001,18.54,57,Not Active,NVIDIA GeForce RTX 3050 Ti Laptop GPU,610.47,P0,1695,6001,18.90,57
20261005T124546Z,2,1,128,bf16,before,triton,cuda_graph,1.4364835834619616,20,5,50,1,4,128,71611108dd2ffe2c896d2402e035fc1614d214c7b592a247071c3286b9bdc306,bc9c4c76b074bd70bf02cf4d5a0e4b68b93850493e2e52019fa17ae4bd4bdeff,b1faf4b871a960dd2e14f9bb24ce18129bf16767,True,2.8.0+cu128,12.8,3.4.0,Not Active,NVIDIA GeForce RTX 3050 Ti Laptop GPU,610.47,P0,1695,6001,18.54,57,Not Active,NVIDIA GeForce RTX 3050 Ti Laptop GPU,610.47,P0,1695,6001,18.90,57
20261005T124546Z,3,1,128,bf16,before,triton,cuda_graph,1.4351981313002498,20,5,50,1,4,128,71611108dd2ffe2c896d2402e035fc1614d214c7b592a247071c3286b9bdc306,bc9c4c76b074bd70bf02cf4d5a0e4b68b93850493e2e52019fa17ae4bd4bdeff,b1faf4b871a960dd2e14f9bb24ce18129bf16767,True,2.8.0+cu128,12.8,3.4.0,Not Active,NVIDIA GeForce RTX 3050 Ti Laptop GPU,610.47,P0,1695,6001,18.54,57,Not Active,NVIDIA GeForce RTX 3050 Ti Laptop GPU,610.47,P0,1695,6001,18.90,57
20261005T124546Z,3,1,128,bf16,after,triton,cuda_graph,1.251800335212747,20,5,50,1,1,128,e6093007385fbfec41c730644131a7aa7ddbe199718163ff7b9b284dff9a9857,bc9c4c76b074bd70bf02cf4d5a0e4b68b93850493e2e52019fa17ae4bd4bdeff,b1faf4b871a960dd2e14f9bb24ce18129bf16767,True,2.8.0+cu128,12.8,3.4.0,Not Active,NVIDIA GeForce RTX 3050 Ti Laptop GPU,610.47,P0,1695,6001,18.54,57,Not Active,NVIDIA GeForce RTX 3050 Ti Laptop GPU,610.47,P0,1695,6001,18.90,57
20261005T124546Z,4,1,128,bf16,after,triton,cuda_graph,1.25883130280685,20,5,50,1,1,128,e6093007385fbfec41c730644131a7aa7ddbe199718163ff7b9b284dff9a9857,bc9c4c76b074bd70bf02cf4d5a0e4b68b93850493e2e52019fa17ae4bd4bdeff,b1faf4b871a960dd2e14f9bb24ce18129bf16767,True,2.8.0+cu128,12.8,3.4.0,Not Active,NVIDIA GeForce RTX 3050 Ti Laptop GPU,610.47,P0,1695,6001,18.54,57,Not Active,NVIDIA GeForce RTX 3050 Ti Laptop GPU,610.47,P0,1695,6001,18.90,57
20261005T124546Z,4,1,128,bf16,before,triton,cuda_graph,2.784462526430365,20,5,50,1,4,128,71611108dd2ffe2c896d2402e035fc1614d214c7b592a247071c3286b9bdc306,bc9c4c76b074bd70bf02cf4d5a0e4b68b93850493e2e52019fa17ae4bd4bdeff,b1faf4b871a960dd2e14f9bb24ce18129bf16767,True,2.8.0+cu128,12.8,3.4.0,Not Active,NVIDIA GeForce RTX 3050 Ti Laptop GPU,610.47,P0,1695,6001,18.54,57,Not Active,NVIDIA GeForce RTX 3050 Ti Laptop GPU,610.47,P0,1695,6001,18.90,57
20261005T124546Z,5,1,128,bf16,before,triton,cuda_graph,1.4420684866125593,20,5,50,1,4,128,71611108dd2ffe2c896d2402e035fc1614d214c7b592a247071c3286b9bdc306,bc9c4c76b074bd70bf02cf4d5a0e4b68b93850493e2e52019fa17ae4bd4bdeff,b1faf4b871a960dd2e14f9bb24ce18129bf16767,True,2.8.0+cu128,12.8,3.4.0,Not Active,NVIDIA GeForce RTX 3050 Ti Laptop GPU,610.47,P0,1695,6001,18.54,57,Not Active,NVIDIA GeForce RTX 3050 Ti Laptop GPU,610.47,P0,1695,6001,18.90,57
20261005T124546Z,5,1,128,bf16,after,triton,cuda_graph,1.3212903227380408,20,5,50,1,1,128,e6093007385fbfec41c730644131a7aa7ddbe199718163ff7b9b284dff9a9857,bc9c4c76b074bd70bf02cf4d5a0e4b68b93850493e2e52019fa17ae4bd4bdeff,b1faf4b871a960dd2e14f9bb24ce18129bf16767,True,2.8.0+cu128,12.8,3.4.0,Not Active,NVIDIA GeForce RTX 3050 Ti Laptop GPU,610.47,P0,1695,6001,18.54,57,Not Active,NVIDIA GeForce RTX 3050 Ti Laptop GPU,610.47,P0,1695,6001,18.90,57
20261005T124546Z,1,1,1024,bf16,before,triton,cuda_graph,1.5708389824367002,20,5,50,1,4,1024,71611108dd2ffe2c896d2402e035fc1614d214c7b592a247071c3286b9bdc306,bc9c4c76b074bd70bf02cf4d5a0e4b68b93850493e2e52019fa17ae4bd4bdeff,b1faf4b871a960dd2e14f9bb24ce18129bf16767,True,2.8.0+cu128,12.8,3.4.0,Not Active,NVIDIA GeForce RTX 3050 Ti Laptop GPU,610.47,P0,1695,6001,18.94,57,Not Active,NVIDIA GeForce RTX 3050 Ti Laptop GPU,610.47,P0,1695,6001,18.95,57
20261005T124546Z,1,1,1024,bf16,after,triton,cuda_graph,1.5855213169191704,20,5,50,1,4,1024,e6093007385fbfec41c730644131a7aa7ddbe199718163ff7b9b284dff9a9857,bc9c4c76b074bd70bf02cf4d5a0e4b68b93850493e2e52019fa17ae4bd4bdeff,b1faf4b871a960dd2e14f9bb24ce18129bf16767,True,2.8.0+cu128,12.8,3.4.0,Not Active,NVIDIA GeForce RTX 3050 Ti Laptop GPU,610.47,P0,1695,6001,18.94,57,Not Active,NVIDIA GeForce RTX 3050 Ti Laptop GPU,610.47,P0,1695,6001,18.95,57
20261005T124546Z,2,1,1024,bf16,after,triton,cuda_graph,2.4698357594456257,20,5,50,1,4,1024,e6093007385fbfec41c730644131a7aa7ddbe199718163ff7b9b284dff9a9857,bc9c4c76b074bd70bf02cf4d5a0e4b68b93850493e2e52019fa17ae4bd4bdeff,b1faf4b871a960dd2e14f9bb24ce18129bf16767,True,2.8.0+cu128,12.8,3.4.0,Not Active,NVIDIA GeForce RTX 3050 Ti Laptop GPU,610.47,P0,1695,6001,18.94,57,Not Active,NVIDIA GeForce RTX 3050 Ti Laptop GPU,610.47,P0,1695,6001,18.95,57
20261005T124546Z,2,1,1024,bf16,before,triton,cuda_graph,1.5629128003731754,20,5,50,1,4,1024,71611108dd2ffe2c896d2402e035fc1614d214c7b592a247071c3286b9bdc306,bc9c4c76b074bd70bf02cf4d5a0e4b68b93850493e2e52019fa17ae4bd4bdeff,b1faf4b871a960dd2e14f9bb24ce18129bf16767,True,2.8.0+cu128,12.8,3.4.0,Not Active,NVIDIA GeForce RTX 3050 Ti Laptop GPU,610.47,P0,1695,6001,18.94,57,Not Active,NVIDIA GeForce RTX 3050 Ti Laptop GPU,610.47,P0,1695,6001,18.95,57
20261005T124546Z,3,1,1024,bf16,before,triton,cuda_graph,2.4989055374921376,20,5,50,1,4,1024,71611108dd2ffe2c896d2402e035fc1614d214c7b592a247071c3286b9bdc306,bc9c4c76b074bd70bf02cf4d5a0e4b68b93850493e2e52019fa17ae4bd4bdeff,b1faf4b871a960dd2e14f9bb24ce18129bf16767,True,2.8.0+cu128,12.8,3.4.0,Not Active,NVIDIA GeForce RTX 3050 Ti Laptop GPU,610.47,P0,1695,6001,18.94,57,Not Active,NVIDIA GeForce RTX 3050 Ti Laptop GPU,610.47,P0,1695,6001,18.95,57
20261005T124546Z,3,1,1024,bf16,after,triton,cuda_graph,1.5674209519693179,20,5,50,1,4,1024,e6093007385fbfec41c730644131a7aa7ddbe199718163ff7b9b284dff9a9857,bc9c4c76b074bd70bf02cf4d5a0e4b68b93850493e2e52019fa17ae4bd4bdeff,b1faf4b871a960dd2e14f9bb24ce18129bf16767,True,2.8.0+cu128,12.8,3.4.0,Not Active,NVIDIA GeForce RTX 3050 Ti Laptop GPU,610.47,P0,1695,6001,18.94,57,Not Active,NVIDIA GeForce RTX 3050 Ti Laptop GPU,610.47,P0,1695,6001,18.95,57
20261005T124546Z,4,1,1024,bf16,after,triton,cuda_graph,1.5628062721738434,20,5,50,1,4,1024,e6093007385fbfec41c730644131a7aa7ddbe199718163ff7b9b284dff9a9857,bc9c4c76b074bd70bf02cf4d5a0e4b68b93850493e2e52019fa17ae4bd4bdeff,b1faf4b871a960dd2e14f9bb24ce18129bf16767,True,2.8.0+cu128,12.8,3.4.0,Not Active,NVIDIA GeForce RTX 3050 Ti Laptop GPU,610.47,P0,1695,6001,18.94,57,Not Active,NVIDIA GeForce RTX 3050 Ti Laptop GPU,610.47,P0,1695,6001,18.95,57
20261005T124546Z,4,1,1024,bf16,before,triton,cuda_graph,1.5558521418661766,20,5,50,1,4,1024,71611108dd2ffe2c896d2402e035fc1614d214c7b592a247071c3286b9bdc306,bc9c4c76b074bd70bf02cf4d5a0e4b68b93850493e2e52019fa17ae4bd4bdeff,b1faf4b871a960dd2e14f9bb24ce18129bf16767,True,2.8.0+cu128,12.8,3.4.0,Not Active,NVIDIA GeForce RTX 3050 Ti Laptop GPU,610.47,P0,1695,6001,18.94,57,Not Active,NVIDIA GeForce RTX 3050 Ti Laptop GPU,610.47,P0,1695,6001,18.95,57
20261005T124546Z,5,1,1024,bf16,before,triton,cuda_graph,1.5794610884523144,20,5,50,1,4,1024,71611108dd2ffe2c896d2402e035fc1614d214c7b592a247071c3286b9bdc306,bc9c4c76b074bd70bf02cf4d5a0e4b68b93850493e2e52019fa17ae4bd4bdeff,b1faf4b871a960dd2e14f9bb24ce18129bf16767,True,2.8.0+cu128,12.8,3.4.0,Not Active,NVIDIA GeForce RTX 3050 Ti Laptop GPU,610.47,P0,1695,6001,18.94,57,Not Active,NVIDIA GeForce RTX 3050 Ti Laptop GPU,610.47,P0,1695,6001,18.95,57
20261005T124546Z,5,1,1024,bf16,after,triton,cuda_graph,1.576000001541404,20,5,50,1,4,1024,e6093007385fbfec41c730644131a7aa7ddbe199718163ff7b9b284dff9a9857,bc9c4c76b074bd70bf02cf4d5a0e4b68b93850493e2e52019fa17ae4bd4bdeff,b1faf4b871a960dd2e14f9bb24ce18129bf16767,True,2.8.0+cu128,12.8,3.4.0,Not Active,NVIDIA GeForce RTX 3050 Ti Laptop GPU,610.47,P0,1695,6001,18.94,57,Not Active,NVIDIA GeForce RTX 3050 Ti Laptop GPU,610.47,P0,1695,6001,18.95,57
20261005T124546Z,1,1,4096,bf16,before,triton,cuda_graph,2.001341985118005,20,5,50,1,4,4096,71611108dd2ffe2c896d2402e035fc1614d214c7b592a247071c3286b9bdc306,bc9c4c76b074bd70bf02cf4d5a0e4b68b93850493e2e52019fa17ae4bd4bdeff,b1faf4b871a960dd2e14f9bb24ce18129bf16767,True,2.8.0+cu128,12.8,3.4.0,Not Active,NVIDIA GeForce RTX 3050 Ti Laptop GPU,610.47,P0,1695,6001,18.92,57,Not Active,NVIDIA GeForce RTX 3050 Ti Laptop GPU,610.47,P0,1695,6001,19.18,58
20261005T124546Z,1,1,4096,bf16,after,triton,cuda_graph,1.9965291653991375,20,5,50,1,4,4096,e6093007385fbfec41c730644131a7aa7ddbe199718163ff7b9b284dff9a9857,bc9c4c76b074bd70bf02cf4d5a0e4b68b93850493e2e52019fa17ae4bd4bdeff,b1faf4b871a960dd2e14f9bb24ce18129bf16767,True,2.8.0+cu128,12.8,3.4.0,Not Active,NVIDIA GeForce RTX 3050 Ti Laptop GPU,610.47,P0,1695,6001,18.92,57,Not Active,NVIDIA GeForce RTX 3050 Ti Laptop GPU,610.47,P0,1695,6001,19.18,58
20261005T124546Z,2,1,4096,bf16,after,triton,cuda_graph,2.7288510905474257,20,5,50,1,4,4096,e6093007385fbfec41c730644131a7aa7ddbe199718163ff7b9b284dff9a9857,bc9c4c76b074bd70bf02cf4d5a0e4b68b93850493e2e52019fa17ae4bd4bdeff,b1faf4b871a960dd2e14f9bb24ce18129bf16767,True,2.8.0+cu128,12.8,3.4.0,Not Active,NVIDIA GeForce RTX 3050 Ti Laptop GPU,610.47,P0,1695,6001,18.92,57,Not Active,NVIDIA GeForce RTX 3050 Ti Laptop GPU,610.47,P0,1695,6001,19.18,58
20261005T124546Z,2,1,4096,bf16,before,triton,cuda_graph,2.0283525272951293,20,5,50,1,4,4096,71611108dd2ffe2c896d2402e035fc1614d214c7b592a247071c3286b9bdc306,bc9c4c76b074bd70bf02cf4d5a0e4b68b93850493e2e52019fa17ae4bd4bdeff,b1faf4b871a960dd2e14f9bb24ce18129bf16767,True,2.8.0+cu128,12.8,3.4.0,Not Active,NVIDIA GeForce RTX 3050 Ti Laptop GPU,610.47,P0,1695,6001,18.92,57,Not Active,NVIDIA GeForce RTX 3050 Ti Laptop GPU,610.47,P0,1695,6001,19.18,58
20261005T124546Z,3,1,4096,bf16,before,triton,cuda_graph,1.997249063692595,20,5,50,1,4,4096,71611108dd2ffe2c896d2402e035fc1614d214c7b592a247071c3286b9bdc306,bc9c4c76b074bd70bf02cf4d5a0e4b68b93850493e2e52019fa17ae4bd4bdeff,b1faf4b871a960dd2e14f9bb24ce18129bf16767,True,2.8.0+cu128,12.8,3.4.0,Not Active,NVIDIA GeForce RTX 3050 Ti Laptop GPU,610.47,P0,1695,6001,18.92,57,Not Active,NVIDIA GeForce RTX 3050 Ti Laptop GPU,610.47,P0,1695,6001,19.18,58
20261005T124546Z,3,1,4096,bf16,after,triton,cuda_graph,2.047972925847824,20,5,50,1,4,4096,e6093007385fbfec41c730644131a7aa7ddbe199718163ff7b9b284dff9a9857,bc9c4c76b074bd70bf02cf4d5a0e4b68b93850493e2e52019fa17ae4bd4bdeff,b1faf4b871a960dd2e14f9bb24ce18129bf16767,True,2.8.0+cu128,12.8,3.4.0,Not Active,NVIDIA GeForce RTX 3050 Ti Laptop GPU,610.47,P0,1695,6001,18.92,57,Not Active,NVIDIA GeForce RTX 3050 Ti Laptop GPU,610.47,P0,1695,6001,19.18,58
20261005T124546Z,4,1,4096,bf16,after,triton,cuda_graph,1.995787722263078,20,5,50,1,4,4096,e6093007385fbfec41c730644131a7aa7ddbe199718163ff7b9b284dff9a9857,bc9c4c76b074bd70bf02cf4d5a0e4b68b93850493e2e52019fa17ae4bd4bdeff,b1faf4b871a960dd2e14f9bb24ce18129bf16767,True,2.8.0+cu128,12.8,3.4.0,Not Active,NVIDIA GeForce RTX 3050 Ti Laptop GPU,610.47,P0,1695,6001,18.92,57,Not Active,NVIDIA GeForce RTX 3050 Ti Laptop GPU,610.47,P0,1695,6001,19.18,58
20261005T124546Z,4,1,4096,bf16,before,triton,cuda_graph,2.00042595116856,20,5,50,1,4,4096,71611108dd2ffe2c896d2402e035fc1614d214c7b592a247071c3286b9bdc306,bc9c4c76b074bd70bf02cf4d5a0e4b68b93850493e2e52019fa17ae4bd4bdeff,b1faf4b871a960dd2e14f9bb24ce18129bf16767,True,2.8.0+cu128,12.8,3.4.0,Not Active,NVIDIA GeForce RTX 3050 Ti Laptop GPU,610.47,P0,1695,6001,18.92,57,Not Active,NVIDIA GeForce RTX 3050 Ti Laptop GPU,610.47,P0,1695,6001,19.18,58
20261005T124546Z,5,1,4096,bf16,before,triton,cuda_graph,2.0173271680207847,20,5,50,1,4,4096,71611108dd2ffe2c896d2402e035fc1614d214c7b592a247071c3286b9bdc306,bc9c4c76b074bd70bf02cf4d5a0e4b68b93850493e2e52019fa17ae4bd4bdeff,b1faf4b871a960dd2e14f9bb24ce18129bf16767,True,2.8.0+cu128,12.8,3.4.0,Not Active,NVIDIA GeForce RTX 3050 Ti Laptop GPU,610.47,P0,1695,6001,18.92,57,Not Active,NVIDIA GeForce RTX 3050 Ti Laptop GPU,610.47,P0,1695,6001,19.18,58
20261005T124546Z,5,1,4096,bf16,after,triton,cuda_graph,2.019806186533184,20,5,50,1,4,4096,e6093007385fbfec41c730644131a7aa7ddbe199718163ff7b9b284dff9a9857,bc9c4c76b074bd70bf02cf4d5a0e4b68b93850493e2e52019fa17ae4bd4bdeff,b1faf4b871a960dd2e14f9bb24ce18129bf16767,True,2.8.0+cu128,12.8,3.4.0,Not Active,NVIDIA GeForce RTX 3050 Ti Laptop GPU,610.47,P0,1695,6001,18.92,57,Not Active,NVIDIA GeForce RTX 3050 Ti Laptop GPU,610.47,P0,1695,6001,19.18,58
20261005T124546Z,1,1,8192,bf16,before,triton,cuda_graph,2.6741022031092587,20,5,50,1,4,8192,71611108dd2ffe2c896d2402e035fc1614d214c7b592a247071c3286b9bdc306,bc9c4c76b074bd70bf02cf4d5a0e4b68b93850493e2e52019fa17ae4bd4bdeff,b1faf4b871a960dd2e14f9bb24ce18129bf16767,True,2.8.0+cu128,12.8,3.4.0,Not Active,NVIDIA GeForce RTX 3050 Ti Laptop GPU,610.47,P0,1695,6001,19.11,58,Not Active,NVIDIA GeForce RTX 3050 Ti Laptop GPU,610.47,P0,1695,6001,19.06,58
20261005T124546Z,1,1,8192,bf16,after,triton,cuda_graph,2.670933329869831,20,5,50,1,4,8192,e6093007385fbfec41c730644131a7aa7ddbe199718163ff7b9b284dff9a9857,bc9c4c76b074bd70bf02cf4d5a0e4b68b93850493e2e52019fa17ae4bd4bdeff,b1faf4b871a960dd2e14f9bb24ce18129bf16767,True,2.8.0+cu128,12.8,3.4.0,Not Active,NVIDIA GeForce RTX 3050 Ti Laptop GPU,610.47,P0,1695,6001,19.11,58,Not Active,NVIDIA GeForce RTX 3050 Ti Laptop GPU,610.47,P0,1695,6001,19.06,58
20261005T124546Z,2,1,8192,bf16,after,triton,cuda_graph,2.6992396874861284,20,5,50,1,4,8192,e6093007385fbfec41c730644131a7aa7ddbe199718163ff7b9b284dff9a9857,bc9c4c76b074bd70bf02cf4d5a0e4b68b93850493e2e52019fa17ae4bd4bdeff,b1faf4b871a960dd2e14f9bb24ce18129bf16767,True,2.8.0+cu128,12.8,3.4.0,Not Active,NVIDIA GeForce RTX 3050 Ti Laptop GPU,610.47,P0,1695,6001,19.11,58,Not Active,NVIDIA GeForce RTX 3050 Ti Laptop GPU,610.47,P0,1695,6001,19.06,58
20261005T124546Z,2,1,8192,bf16,before,triton,cuda_graph,2.9438588549109066,20,5,50,1,4,8192,71611108dd2ffe2c896d2402e035fc1614d214c7b592a247071c3286b9bdc306,bc9c4c76b074bd70bf02cf4d5a0e4b68b93850493e2e52019fa17ae4bd4bdeff,b1faf4b871a960dd2e14f9bb24ce18129bf16767,True,2.8.0+cu128,12.8,3.4.0,Not Active,NVIDIA GeForce RTX 3050 Ti Laptop GPU,610.47,P0,1695,6001,19.11,58,Not Active,NVIDIA GeForce RTX 3050 Ti Laptop GPU,610.47,P0,1695,6001,19.06,58
20261005T124546Z,3,1,8192,bf16,before,triton,cuda_graph,2.6680450186874856,20,5,50,1,4,8192,71611108dd2ffe2c896d2402e035fc1614d214c7b592a247071c3286b9bdc306,bc9c4c76b074bd70bf02cf4d5a0e4b68b93850493e2e52019fa17ae4bd4bdeff,b1faf4b871a960dd2e14f9bb24ce18129bf16767,True,2.8.0+cu128,12.8,3.4.0,Not Active,NVIDIA GeForce RTX 3050 Ti Laptop GPU,610.47,P0,1695,6001,19.11,58,Not Active,NVIDIA GeForce RTX 3050 Ti Laptop GPU,610.47,P0,1695,6001,19.06,58
20261005T124546Z,3,1,8192,bf16,after,triton,cuda_graph,2.6748661372972573,20,5,50,1,4,8192,e6093007385fbfec41c730644131a7aa7ddbe199718163ff7b9b284dff9a9857,bc9c4c76b074bd70bf02cf4d5a0e4b68b93850493e2e52019fa17ae4bd4bdeff,b1faf4b871a960dd2e14f9bb24ce18129bf16767,True,2.8.0+cu128,12.8,3.4.0,Not Active,NVIDIA GeForce RTX 3050 Ti Laptop GPU,610.47,P0,1695,6001,19.11,58,Not Active,NVIDIA GeForce RTX 3050 Ti Laptop GPU,610.47,P0,1695,6001,19.06,58
20261005T124546Z,4,1,8192,bf16,after,triton,cuda_graph,2.6778229924499013,20,5,50,1,4,8192,e6093007385fbfec41c730644131a7aa7ddbe199718163ff7b9b284dff9a9857,bc9c4c76b074bd70bf02cf4d5a0e4b68b93850493e2e52019fa17ae4bd4bdeff,b1faf4b871a960dd2e14f9bb24ce18129bf16767,True,2.8.0+cu128,12.8,3.4.0,Not Active,NVIDIA GeForce RTX 3050 Ti Laptop GPU,610.47,P0,1695,6001,19.11,58,Not Active,NVIDIA GeForce RTX 3050 Ti Laptop GPU,610.47,P0,1695,6001,19.06,58
20261005T124546Z,4,1,8192,bf16,before,triton,cuda_graph,2.6282371268442026,20,5,50,1,4,8192,71611108dd2ffe2c896d2402e035fc1614d214c7b592a247071c3286b9bdc306,bc9c4c76b074bd70bf02cf4d5a0e4b68b93850493e2e52019fa17ae4bd4bdeff,b1faf4b871a960dd2e14f9bb24ce18129bf16767,True,2.8.0+cu128,12.8,3.4.0,Not Active,NVIDIA GeForce RTX 3050 Ti Laptop GPU,610.47,P0,1695,6001,19.11,58,Not Active,NVIDIA GeForce RTX 3050 Ti Laptop GPU,610.47,P0,1695,6001,19.06,58
20261005T124546Z,5,1,8192,bf16,before,triton,cuda_graph,2.6988474662694553,20,5,50,1,4,8192,71611108dd2ffe2c896d2402e035fc1614d214c7b592a247071c3286b9bdc306,bc9c4c76b074bd70bf02cf4d5a0e4b68b93850493e2e52019fa17ae4bd4bdeff,b1faf4b871a960dd2e14f9bb24ce18129bf16767,True,2.8.0+cu128,12.8,3.4.0,Not Active,NVIDIA GeForce RTX 3050 Ti Laptop GPU,610.47,P0,1695,6001,19.11,58,Not Active,NVIDIA GeForce RTX 3050 Ti Laptop GPU,610.47,P0,1695,6001,19.06,58
20261005T124546Z,5,1,8192,bf16,after,triton,cuda_graph,2.680850391015572,20,5,50,1,4,8192,e6093007385fbfec41c730644131a7aa7ddbe199718163ff7b9b284dff9a9857,bc9c4c76b074bd70bf02cf4d5a0e4b68b93850493e2e52019fa17ae4bd4bdeff,b1faf4b871a960dd2e14f9bb24ce18129bf16767,True,2.8.0+cu128,12.8,3.4.0,Not Active,NVIDIA GeForce RTX 3050 Ti Laptop GPU,610.47,P0,1695,6001,19.11,58,Not Active,NVIDIA GeForce RTX 3050 Ti Laptop GPU,610.47,P0,1695,6001,19.06,58
20261005T124546Z,1,16,128,bf16,before,triton,cuda_graph,1.5041839117291331,20,5,50,1,4,128,71611108dd2ffe2c896d2402e035fc1614d214c7b592a247071c3286b9bdc306,bc9c4c76b074bd70bf02cf4d5a0e4b68b93850493e2e52019fa17ae4bd4bdeff,b1faf4b871a960dd2e14f9bb24ce18129bf16767,True,2.8.0+cu128,12.8,3.4.0,Not Active,NVIDIA GeForce RTX 3050 Ti Laptop GPU,610.47,P0,1695,6001,19.09,58,Not Active,NVIDIA GeForce RTX 3050 Ti Laptop GPU,610.47,P0,1695,6001,19.01,58
20261005T124546Z,1,16,128,bf16,after,triton,cuda_graph,2.490949646547555,20,5,50,1,1,128,e6093007385fbfec41c730644131a7aa7ddbe199718163ff7b9b284dff9a9857,bc9c4c76b074bd70bf02cf4d5a0e4b68b93850493e2e52019fa17ae4bd4bdeff,b1faf4b871a960dd2e14f9bb24ce18129bf16767,True,2.8.0+cu128,12.8,3.4.0,Not Active,NVIDIA GeForce RTX 3050 Ti Laptop GPU,610.47,P0,1695,6001,19.09,58,Not Active,NVIDIA GeForce RTX 3050 Ti Laptop GPU,610.47,P0,1695,6001,19.01,58
20261005T124546Z,2,16,128,bf16,after,triton,cuda_graph,2.162621415564229,20,5,50,1,1,128,e6093007385fbfec41c730644131a7aa7ddbe199718163ff7b9b284dff9a9857,bc9c4c76b074bd70bf02cf4d5a0e4b68b93850493e2e52019fa17ae4bd4bdeff,b1faf4b871a960dd2e14f9bb24ce18129bf16767,True,2.8.0+cu128,12.8,3.4.0,Not Active,NVIDIA GeForce RTX 3050 Ti Laptop GPU,610.47,P0,1695,6001,19.09,58,Not Active,NVIDIA GeForce RTX 3050 Ti Laptop GPU,610.47,P0,1695,6001,19.01,58
20261005T124546Z,2,16,128,bf16,before,triton,cuda_graph,1.475196981295227,20,5,50,1,4,128,71611108dd2ffe2c896d2402e035fc1614d214c7b592a247071c3286b9bdc306,bc9c4c76b074bd70bf02cf4d5a0e4b68b93850493e2e52019fa17ae4bd4bdeff,b1faf4b871a960dd2e14f9bb24ce18129bf16767,True,2.8.0+cu128,12.8,3.4.0,Not Active,NVIDIA GeForce RTX 3050 Ti Laptop GPU,610.47,P0,1695,6001,19.09,58,Not Active,NVIDIA GeForce RTX 3050 Ti Laptop GPU,610.47,P0,1695,6001,19.01,58
20261005T124546Z,3,16,128,bf16,before,triton,cuda_graph,1.474706759162274,20,5,50,1,4,128,71611108dd2ffe2c896d2402e035fc1614d214c7b592a247071c3286b9bdc306,bc9c4c76b074bd70bf02cf4d5a0e4b68b93850493e2e52019fa17ae4bd4bdeff,b1faf4b871a960dd2e14f9bb24ce18129bf16767,True,2.8.0+cu128,12.8,3.4.0,Not Active,NVIDIA GeForce RTX 3050 Ti Laptop GPU,610.47,P0,1695,6001,19.09,58,Not Active,NVIDIA GeForce RTX 3050 Ti Laptop GPU,610.47,P0,1695,6001,19.01,58
20261005T124546Z,3,16,128,bf16,after,triton,cuda_graph,1.2769973225530549,20,5,50,1,1,128,e6093007385fbfec41c730644131a7aa7ddbe199718163ff7b9b284dff9a9857,bc9c4c76b074bd70bf02cf4d5a0e4b68b93850493e2e52019fa17ae4bd4bdeff,b1faf4b871a960dd2e14f9bb24ce18129bf16767,True,2.8.0+cu128,12.8,3.4.0,Not Active,NVIDIA GeForce RTX 3050 Ti Laptop GPU,610.47,P0,1695,6001,19.09,58,Not Active,NVIDIA GeForce RTX 3050 Ti Laptop GPU,610.47,P0,1695,6001,19.01,58
20261005T124546Z,4,16,128,bf16,after,triton,cuda_graph,1.3053514425036976,20,5,50,1,1,128,e6093007385fbfec41c730644131a7aa7ddbe199718163ff7b9b284dff9a9857,bc9c4c76b074bd70bf02cf4d5a0e4b68b93850493e2e52019fa17ae4bd4bdeff,b1faf4b871a960dd2e14f9bb24ce18129bf16767,True,2.8.0+cu128,12.8,3.4.0,Not Active,NVIDIA GeForce RTX 3050 Ti Laptop GPU,610.47,P0,1695,6001,19.09,58,Not Active,NVIDIA GeForce RTX 3050 Ti Laptop GPU,610.47,P0,1695,6001,19.01,58
20261005T124546Z,4,16,128,bf16,before,triton,cuda_graph,1.4849405172394543,20,5,50,1,4,128,71611108dd2ffe2c896d2402e035fc1614d214c7b592a247071c3286b9bdc306,bc9c4c76b074bd70bf02cf4d5a0e4b68b93850493e2e52019fa17ae4bd4bdeff,b1faf4b871a960dd2e14f9bb24ce18129bf16767,True,2.8.0+cu128,12.8,3.4.0,Not Active,NVIDIA GeForce RTX 3050 Ti Laptop GPU,610.47,P0,1695,6001,19.09,58,Not Active,NVIDIA GeForce RTX 3050 Ti Laptop GPU,610.47,P0,1695,6001,19.01,58
20261005T124546Z,5,16,128,bf16,before,triton,cuda_graph,1.4721124697797978,20,5,50,1,4,128,71611108dd2ffe2c896d2402e035fc1614d214c7b592a247071c3286b9bdc306,bc9c4c76b074bd70bf02cf4d5a0e4b68b93850493e2e52019fa17ae4bd4bdeff,b1faf4b871a960dd2e14f9bb24ce18129bf16767,True,2.8.0+cu128,12.8,3.4.0,Not Active,NVIDIA GeForce RTX 3050 Ti Laptop GPU,610.47,P0,1695,6001,19.09,58,Not Active,NVIDIA GeForce RTX 3050 Ti Laptop GPU,610.47,P0,1695,6001,19.01,58
20261005T124546Z,5,16,128,bf16,after,triton,cuda_graph,1.3016637447661001,20,5,50,1,1,128,e6093007385fbfec41c730644131a7aa7ddbe199718163ff7b9b284dff9a9857,bc9c4c76b074bd70bf02cf4d5a0e4b68b93850493e2e52019fa17ae4bd4bdeff,b1faf4b871a960dd2e14f9bb24ce18129bf16767,True,2.8.0+cu128,12.8,3.4.0,Not Active,NVIDIA GeForce RTX 3050 Ti Laptop GPU,610.47,P0,1695,6001,19.09,58,Not Active,NVIDIA GeForce RTX 3050 Ti Laptop GPU,610.47,P0,1695,6001,19.01,58
20261005T124546Z,1,16,1024,bf16,before,triton,cuda_graph,1.6033051998962258,20,5,50,1,4,1024,71611108dd2ffe2c896d2402e035fc1614d214c7b592a247071c3286b9bdc306,bc9c4c76b074bd70bf02cf4d5a0e4b68b93850493e2e52019fa17ae4bd4bdeff,b1faf4b871a960dd2e14f9bb24ce18129bf16767,True,2.8.0+cu128,12.8,3.4.0,Not Active,NVIDIA GeForce RTX 3050 Ti Laptop GPU,610.47,P0,1695,6001,19.05,58,Not Active,NVIDIA GeForce RTX 3050 Ti Laptop GPU,610.47,P0,1695,6001,19.61,58
20261005T124546Z,1,16,1024,bf16,after,triton,cuda_graph,1.611003973876616,20,5,50,1,4,1024,e6093007385fbfec41c730644131a7aa7ddbe199718163ff7b9b284dff9a9857,bc9c4c76b074bd70bf02cf4d5a0e4b68b93850493e2e52019fa17ae4bd4bdeff,b1faf4b871a960dd2e14f9bb24ce18129bf16767,True,2.8.0+cu128,12.8,3.4.0,Not Active,NVIDIA GeForce RTX 3050 Ti Laptop GPU,610.47,P0,1695,6001,19.05,58,Not Active,NVIDIA GeForce RTX 3050 Ti Laptop GPU,610.47,P0,1695,6001,19.61,58
20261005T124546Z,2,16,1024,bf16,after,triton,cuda_graph,1.6011910387164348,20,5,50,1,4,1024,e6093007385fbfec41c730644131a7aa7ddbe199718163ff7b9b284dff9a9857,bc9c4c76b074bd70bf02cf4d5a0e4b68b93850493e2e52019fa17ae4bd4bdeff,b1faf4b871a960dd2e14f9bb24ce18129bf16767,True,2.8.0+cu128,12.8,3.4.0,Not Active,NVIDIA GeForce RTX 3050 Ti Laptop GPU,610.47,P0,1695,6001,19.05,58,Not Active,NVIDIA GeForce RTX 3050 Ti Laptop GPU,610.47,P0,1695,6001,19.61,58
20261005T124546Z,2,16,1024,bf16,before,triton,cuda_graph,1.6053498898497307,20,5,50,1,4,1024,71611108dd2ffe2c896d2402e035fc1614d214c7b592a247071c3286b9bdc306,bc9c4c76b074bd70bf02cf4d5a0e4b68b93850493e2e52019fa17ae4bd4bdeff,b1faf4b871a960dd2e14f9bb24ce18129bf16767,True,2.8.0+cu128,12.8,3.4.0,Not Active,NVIDIA GeForce RTX 3050 Ti Laptop GPU,610.47,P0,1695,6001,19.05,58,Not Active,NVIDIA GeForce RTX 3050 Ti Laptop GPU,610.47,P0,1695,6001,19.61,58
20261005T124546Z,3,16,1024,bf16,before,triton,cuda_graph,1.6137242421221774,20,5,50,1,4,1024,71611108dd2ffe2c896d2402e035fc1614d214c7b592a247071c3286b9bdc306,bc9c4c76b074bd70bf02cf4d5a0e4b68b93850493e2e52019fa17ae4bd4bdeff,b1faf4b871a960dd2e14f9bb24ce18129bf16767,True,2.8.0+cu128,12.8,3.4.0,Not Active,NVIDIA GeForce RTX 3050 Ti Laptop GPU,610.47,P0,1695,6001,19.05,58,Not Active,NVIDIA GeForce RTX 3050 Ti Laptop GPU,610.47,P0,1695,6001,19.61,58
20261005T124546Z,3,16,1024,bf16,after,triton,cuda_graph,1.6015317760074548,20,5,50,1,4,1024,e6093007385fbfec41c730644131a7aa7ddbe199718163ff7b9b284dff9a9857,bc9c4c76b074bd70bf02cf4d5a0e4b68b93850493e2e52019fa17ae4bd4bdeff,b1faf4b871a960dd2e14f9bb24ce18129bf16767,True,2.8.0+cu128,12.8,3.4.0,Not Active,NVIDIA GeForce RTX 3050 Ti Laptop GPU,610.47,P0,1695,6001,19.05,58,Not Active,NVIDIA GeForce RTX 3050 Ti Laptop GPU,610.47,P0,1695,6001,19.61,58
20261005T124546Z,4,16,1024,bf16,after,triton,cuda_graph,2.9076213680733503,20,5,50,1,4,1024,e6093007385fbfec41c730644131a7aa7ddbe199718163ff7b9b284dff9a9857,bc9c4c76b074bd70bf02cf4d5a0e4b68b93850493e2e52019fa17ae4bd4bdeff,b1faf4b871a960dd2e14f9bb24ce18129bf16767,True,2.8.0+cu128,12.8,3.4.0,Not Active,NVIDIA GeForce RTX 3050 Ti Laptop GPU,610.47,P0,1695,6001,19.05,58,Not Active,NVIDIA GeForce RTX 3050 Ti Laptop GPU,610.47,P0,1695,6001,19.61,58
20261005T124546Z,4,16,1024,bf16,before,triton,cuda_graph,1.6288351226638964,20,5,50,1,4,1024,71611108dd2ffe2c896d2402e035fc1614d214c7b592a247071c3286b9bdc306,bc9c4c76b074bd70bf02cf4d5a0e4b68b93850493e2e52019fa17ae4bd4bdeff,b1faf4b871a960dd2e14f9bb24ce18129bf16767,True,2.8.0+cu128,12.8,3.4.0,Not Active,NVIDIA GeForce RTX 3050 Ti Laptop GPU,610.47,P0,1695,6001,19.05,58,Not Active,NVIDIA GeForce RTX 3050 Ti Laptop GPU,610.47,P0,1695,6001,19.61,58
20261005T124546Z,5,16,1024,bf16,before,triton,cuda_graph,1.6025454421673924,20,5,50,1,4,1024,71611108dd2ffe2c896d2402e035fc1614d214c7b592a247071c3286b9bdc306,bc9c4c76b074bd70bf02cf4d5a0e4b68b93850493e2e52019fa17ae4bd4bdeff,b1faf4b871a960dd2e14f9bb24ce18129bf16767,True,2.8.0+cu128,12.8,3.4.0,Not Active,NVIDIA GeForce RTX 3050 Ti Laptop GPU,610.47,P0,1695,6001,19.05,58,Not Active,NVIDIA GeForce RTX 3050 Ti Laptop GPU,610.47,P0,1695,6001,19.61,58
20261005T124546Z,5,16,1024,bf16,after,triton,cuda_graph,1.6145369179012032,20,5,50,1,4,1024,e6093007385fbfec41c730644131a7aa7ddbe199718163ff7b9b284dff9a9857,bc9c4c76b074bd70bf02cf4d5a0e4b68b93850493e2e52019fa17ae4bd4bdeff,b1faf4b871a960dd2e14f9bb24ce18129bf16767,True,2.8.0+cu128,12.8,3.4.0,Not Active,NVIDIA GeForce RTX 3050 Ti Laptop GPU,610.47,P0,1695,6001,19.05,58,Not Active,NVIDIA GeForce RTX 3050 Ti Laptop GPU,610.47,P0,1695,6001,19.61,58
20261005T124546Z,1,16,4096,bf16,before,triton,cuda_graph,2.2009350843243785,20,5,50,1,4,4096,71611108dd2ffe2c896d2402e035fc1614d214c7b592a247071c3286b9bdc306,bc9c4c76b074bd70bf02cf4d5a0e4b68b93850493e2e52019fa17ae4bd4bdeff,b1faf4b871a960dd2e14f9bb24ce18129bf16767,True,2.8.0+cu128,12.8,3.4.0,Not Active,NVIDIA GeForce RTX 3050 Ti Laptop GPU,610.47,P0,1695,6001,19.71,58,Not Active,NVIDIA GeForce RTX 3050 Ti Laptop GPU,610.47,P0,1695,6001,21.02,58
20261005T124546Z,1,16,4096,bf16,after,triton,cuda_graph,2.1842127674622156,20,5,50,1,4,4096,e6093007385fbfec41c730644131a7aa7ddbe199718163ff7b9b284dff9a9857,bc9c4c76b074bd70bf02cf4d5a0e4b68b93850493e2e52019fa17ae4bd4bdeff,b1faf4b871a960dd2e14f9bb24ce18129bf16767,True,2.8.0+cu128,12.8,3.4.0,Not Active,NVIDIA GeForce RTX 3050 Ti Laptop GPU,610.47,P0,1695,6001,19.71,58,Not Active,NVIDIA GeForce RTX 3050 Ti Laptop GPU,610.47,P0,1695,6001,21.02,58
20261005T124546Z,2,16,4096,bf16,after,triton,cuda_graph,2.1734141340159407,20,5,50,1,4,4096,e6093007385fbfec41c730644131a7aa7ddbe199718163ff7b9b284dff9a9857,bc9c4c76b074bd70bf02cf4d5a0e4b68b93850493e2e52019fa17ae4bd4bdeff,b1faf4b871a960dd2e14f9bb24ce18129bf16767,True,2.8.0+cu128,12.8,3.4.0,Not Active,NVIDIA GeForce RTX 3050 Ti Laptop GPU,610.47,P0,1695,6001,19.71,58,Not Active,NVIDIA GeForce RTX 3050 Ti Laptop GPU,610.47,P0,1695,6001,21.02,58
20261005T124546Z,2,16,4096,bf16,before,triton,cuda_graph,2.18702892924464,20,5,50,1,4,4096,71611108dd2ffe2c896d2402e035fc1614d214c7b592a247071c3286b9bdc306,bc9c4c76b074bd70bf02cf4d5a0e4b68b93850493e2e52019fa17ae4bd4bdeff,b1faf4b871a960dd2e14f9bb24ce18129bf16767,True,2.8.0+cu128,12.8,3.4.0,Not Active,NVIDIA GeForce RTX 3050 Ti Laptop GPU,610.47,P0,1695,6001,19.71,58,Not Active,NVIDIA GeForce RTX 3050 Ti Laptop GPU,610.47,P0,1695,6001,21.02,58
20261005T124546Z,3,16,4096,bf16,before,triton,cuda_graph,2.169491513668113,20,5,50,1,4,4096,71611108dd2ffe2c896d2402e035fc1614d214c7b592a247071c3286b9bdc306,bc9c4c76b074bd70bf02cf4d5a0e4b68b93850493e2e52019fa17ae4bd4bdeff,b1faf4b871a960dd2e14f9bb24ce18129bf16767,True,2.8.0+cu128,12.8,3.4.0,Not Active,NVIDIA GeForce RTX 3050 Ti Laptop GPU,610.47,P0,1695,6001,19.71,58,Not Active,NVIDIA GeForce RTX 3050 Ti Laptop GPU,610.47,P0,1695,6001,21.02,58
20261005T124546Z,3,16,4096,bf16,after,triton,cuda_graph,2.177406619716953,20,5,50,1,4,4096,e6093007385fbfec41c730644131a7aa7ddbe199718163ff7b9b284dff9a9857,bc9c4c76b074bd70bf02cf4d5a0e4b68b93850493e2e52019fa17ae4bd4bdeff,b1faf4b871a960dd2e14f9bb24ce18129bf16767,True,2.8.0+cu128,12.8,3.4.0,Not Active,NVIDIA GeForce RTX 3050 Ti Laptop GPU,610.47,P0,1695,6001,19.71,58,Not Active,NVIDIA GeForce RTX 3050 Ti Laptop GPU,610.47,P0,1695,6001,21.02,58
20261005T124546Z,4,16,4096,bf16,after,triton,cuda_graph,2.178078280706688,20,5,50,1,4,4096,e6093007385fbfec41c730644131a7aa7ddbe199718163ff7b9b284dff9a9857,bc9c4c76b074bd70bf02cf4d5a0e4b68b93850493e2e52019fa17ae4bd4bdeff,b1faf4b871a960dd2e14f9bb24ce18129bf16767,True,2.8.0+cu128,12.8,3.4.0,Not Active,NVIDIA GeForce RTX 3050 Ti Laptop GPU,610.47,P0,1695,6001,19.71,58,Not Active,NVIDIA GeForce RTX 3050 Ti Laptop GPU,610.47,P0,1695,6001,21.02,58
20261005T124546Z,4,16,4096,bf16,before,triton,cuda_graph,2.1734400987625127,20,5,50,1,4,4096,71611108dd2ffe2c896d2402e035fc1614d214c7b592a247071c3286b9bdc306,bc9c4c76b074bd70bf02cf4d5a0e4b68b93850493e2e52019fa17ae4bd4bdeff,b1faf4b871a960dd2e14f9bb24ce18129bf16767,True,2.8.0+cu128,12.8,3.4.0,Not Active,NVIDIA GeForce RTX 3050 Ti Laptop GPU,610.47,P0,1695,6001,19.71,58,Not Active,NVIDIA GeForce RTX 3050 Ti Laptop GPU,610.47,P0,1695,6001,21.02,58
20261005T124546Z,5,16,4096,bf16,before,triton,cuda_graph,2.178580069461835,20,5,50,1,4,4096,71611108dd2ffe2c896d2402e035fc1614d214c7b592a247071c3286b9bdc306,bc9c4c76b074bd70bf02cf4d5a0e4b68b93850493e2e52019fa17ae4bd4bdeff,b1faf4b871a960dd2e14f9bb24ce18129bf16767,True,2.8.0+cu128,12.8,3.4.0,Not Active,NVIDIA GeForce RTX 3050 Ti Laptop GPU,610.47,P0,1695,6001,19.71,58,Not Active,NVIDIA GeForce RTX 3050 Ti Laptop GPU,610.47,P0,1695,6001,21.02,58
20261005T124546Z,5,16,4096,bf16,after,triton,cuda_graph,2.2113470241265256,20,5,50,1,4,4096,e6093007385fbfec41c730644131a7aa7ddbe199718163ff7b9b284dff9a9857,bc9c4c76b074bd70bf02cf4d5a0e4b68b93850493e2e52019fa17ae4bd4bdeff,b1faf4b871a960dd2e14f9bb24ce18129bf16767,True,2.8.0+cu128,12.8,3.4.0,Not Active,NVIDIA GeForce RTX 3050 Ti Laptop GPU,610.47,P0,1695,6001,19.71,58,Not Active,NVIDIA GeForce RTX 3050 Ti Laptop GPU,610.47,P0,1695,6001,21.02,58
20261005T124546Z,1,16,8192,bf16,before,triton,cuda_graph,3.048285107616225,20,5,50,1,4,8192,71611108dd2ffe2c896d2402e035fc1614d214c7b592a247071c3286b9bdc306,bc9c4c76b074bd70bf02cf4d5a0e4b68b93850493e2e52019fa17ae4bd4bdeff,b1faf4b871a960dd2e14f9bb24ce18129bf16767,True,2.8.0+cu128,12.8,3.4.0,Not Active,NVIDIA GeForce RTX 3050 Ti Laptop GPU,610.47,P0,1695,6001,21.25,58,Not Active,NVIDIA GeForce RTX 3050 Ti Laptop GPU,610.47,P0,1432,6001,22.13,58
20261005T124546Z,1,16,8192,bf16,after,triton,cuda_graph,3.0713398474694333,20,5,50,1,4,8192,e6093007385fbfec41c730644131a7aa7ddbe199718163ff7b9b284dff9a9857,bc9c4c76b074bd70bf02cf4d5a0e4b68b93850493e2e52019fa17ae4bd4bdeff,b1faf4b871a960dd2e14f9bb24ce18129bf16767,True,2.8.0+cu128,12.8,3.4.0,Not Active,NVIDIA GeForce RTX 3050 Ti Laptop GPU,610.47,P0,1695,6001,21.25,58,Not Active,NVIDIA GeForce RTX 3050 Ti Laptop GPU,610.47,P0,1432,6001,22.13,58
20261005T124546Z,2,16,8192,bf16,after,triton,cuda_graph,3.0574835123230213,20,5,50,1,4,8192,e6093007385fbfec41c730644131a7aa7ddbe199718163ff7b9b284dff9a9857,bc9c4c76b074bd70bf02cf4d5a0e4b68b93850493e2e52019fa17ae4bd4bdeff,b1faf4b871a960dd2e14f9bb24ce18129bf16767,True,2.8.0+cu128,12.8,3.4.0,Not Active,NVIDIA GeForce RTX 3050 Ti Laptop GPU,610.47,P0,1695,6001,21.25,58,Not Active,NVIDIA GeForce RTX 3050 Ti Laptop GPU,610.47,P0,1432,6001,22.13,58
20261005T124546Z,2,16,8192,bf16,before,triton,cuda_graph,3.089916642336922,20,5,50,1,4,8192,71611108dd2ffe2c896d2402e035fc1614d214c7b592a247071c3286b9bdc306,bc9c4c76b074bd70bf02cf4d5a0e4b68b93850493e2e52019fa17ae4bd4bdeff,b1faf4b871a960dd2e14f9bb24ce18129bf16767,True,2.8.0+cu128,12.8,3.4.0,Not Active,NVIDIA GeForce RTX 3050 Ti Laptop GPU,610.47,P0,1695,6001,21.25,58,Not Active,NVIDIA GeForce RTX 3050 Ti Laptop GPU,610.47,P0,1432,6001,22.13,58
20261005T124546Z,3,16,8192,bf16,before,triton,cuda_graph,3.3506666289435496,20,5,50,1,4,8192,71611108dd2ffe2c896d2402e035fc1614d214c7b592a247071c3286b9bdc306,bc9c4c76b074bd70bf02cf4d5a0e4b68b93850493e2e52019fa17ae4bd4bdeff,b1faf4b871a960dd2e14f9bb24ce18129bf16767,True,2.8.0+cu128,12.8,3.4.0,Not Active,NVIDIA GeForce RTX 3050 Ti Laptop GPU,610.47,P0,1695,6001,21.25,58,Not Active,NVIDIA GeForce RTX 3050 Ti Laptop GPU,610.47,P0,1432,6001,22.13,58
20261005T124546Z,3,16,8192,bf16,after,triton,cuda_graph,3.6428108945623174,20,5,50,1,4,8192,e6093007385fbfec41c730644131a7aa7ddbe199718163ff7b9b284dff9a9857,bc9c4c76b074bd70bf02cf4d5a0e4b68b93850493e2e52019fa17ae4bd4bdeff,b1faf4b871a960dd2e14f9bb24ce18129bf16767,True,2.8.0+cu128,12.8,3.4.0,Not Active,NVIDIA GeForce RTX 3050 Ti Laptop GPU,610.47,P0,1695,6001,21.25,58,Not Active,NVIDIA GeForce RTX 3050 Ti Laptop GPU,610.47,P0,1432,6001,22.13,58
20261005T124546Z,4,16,8192,bf16,after,triton,cuda_graph,3.5658532557105214,20,5,50,1,4,8192,e6093007385fbfec41c730644131a7aa7ddbe199718163ff7b9b284dff9a9857,bc9c4c76b074bd70bf02cf4d5a0e4b68b93850493e2e52019fa17ae4bd4bdeff,b1faf4b871a960dd2e14f9bb24ce18129bf16767,True,2.8.0+cu128,12.8,3.4.0,Not Active,NVIDIA GeForce RTX 3050 Ti Laptop GPU,610.47,P0,1695,6001,21.25,58,Not Active,NVIDIA GeForce RTX 3050 Ti Laptop GPU,610.47,P0,1432,6001,22.13,58
20261005T124546Z,4,16,8192,bf16,before,triton,cuda_graph,3.6674175835862948,20,5,50,1,4,8192,71611108dd2ffe2c896d2402e035fc1614d214c7b592a247071c3286b9bdc306,bc9c4c76b074bd70bf02cf4d5a0e4b68b93850493e2e52019fa17ae4bd4bdeff,b1faf4b871a960dd2e14f9bb24ce18129bf16767,True,2.8.0+cu128,12.8,3.4.0,Not Active,NVIDIA GeForce RTX 3050 Ti Laptop GPU,610.47,P0,1695,6001,21.25,58,Not Active,NVIDIA GeForce RTX 3050 Ti Laptop GPU,610.47,P0,1432,6001,22.13,58
20261005T124546Z,5,16,8192,bf16,before,triton,cuda_graph,3.800677156996453,20,5,50,1,4,8192,71611108dd2ffe2c896d2402e035fc1614d214c7b592a247071c3286b9bdc306,bc9c4c76b074bd70bf02cf4d5a0e4b68b93850493e2e52019fa17ae4bd4bdeff,b1faf4b871a960dd2e14f9bb24ce18129bf16767,True,2.8.0+cu128,12.8,3.4.0,Not Active,NVIDIA GeForce RTX 3050 Ti Laptop GPU,610.47,P0,1695,6001,21.25,58,Not Active,NVIDIA GeForce RTX 3050 Ti Laptop GPU,610.47,P0,1432,6001,22.13,58
20261005T124546Z,5,16,8192,bf16,after,triton,cuda_graph,3.787968134365883,20,5,50,1,4,8192,e6093007385fbfec41c730644131a7aa7ddbe199718163ff7b9b284dff9a9857,bc9c4c76b074bd70bf02cf4d5a0e4b68b93850493e2e52019fa17ae4bd4bdeff,b1faf4b871a960dd2e14f9bb24ce18129bf16767,True,2.8.0+cu128,12.8,3.4.0,Not Active,NVIDIA GeForce RTX 3050 Ti Laptop GPU,610.47,P0,1695,6001,21.25,58,Not Active,NVIDIA GeForce RTX 3050 Ti Laptop GPU,610.47,P0,1432,6001,22.13,58
20261005T124546Z,1,128,128,bf16,before,triton,cuda_graph,2.667213607038188,20,5,50,1,4,128,71611108dd2ffe2c896d2402e035fc1614d214c7b592a247071c3286b9bdc306,bc9c4c76b074bd70bf02cf4d5a0e4b68b93850493e2e52019fa17ae4bd4bdeff,b1faf4b871a960dd2e14f9bb24ce18129bf16767,True,2.8.0+cu128,12.8,3.4.0,Not Active,NVIDIA GeForce RTX 3050 Ti Laptop GPU,610.47,P0,1335,6001,21.56,58,Not Active,NVIDIA GeForce RTX 3050 Ti Laptop GPU,610.47,P0,1005,6001,16.15,57
20261005T124546Z,1,128,128,bf16,after,triton,cuda_graph,2.0967619050116766,20,5,50,1,1,128,e6093007385fbfec41c730644131a7aa7ddbe199718163ff7b9b284dff9a9857,bc9c4c76b074bd70bf02cf4d5a0e4b68b93850493e2e52019fa17ae4bd4bdeff,b1faf4b871a960dd2e14f9bb24ce18129bf16767,True,2.8.0+cu128,12.8,3.4.0,Not Active,NVIDIA GeForce RTX 3050 Ti Laptop GPU,610.47,P0,1335,6001,21.56,58,Not Active,NVIDIA GeForce RTX 3050 Ti Laptop GPU,610.47,P0,1005,6001,16.15,57
20261005T124546Z,2,128,128,bf16,after,triton,cuda_graph,2.161071998605657,20,5,50,1,1,128,e6093007385fbfec41c730644131a7aa7ddbe199718163ff7b9b284dff9a9857,bc9c4c76b074bd70bf02cf4d5a0e4b68b93850493e2e52019fa17ae4bd4bdeff,b1faf4b871a960dd2e14f9bb24ce18129bf16767,True,2.8.0+cu128,12.8,3.4.0,Not Active,NVIDIA GeForce RTX 3050 Ti Laptop GPU,610.47,P0,1335,6001,21.56,58,Not Active,NVIDIA GeForce RTX 3050 Ti Laptop GPU,610.47,P0,1005,6001,16.15,57
20261005T124546Z,2,128,128,bf16,before,triton,cuda_graph,2.825701763616741,20,5,50,1,4,128,71611108dd2ffe2c896d2402e035fc1614d214c7b592a247071c3286b9bdc306,bc9c4c76b074bd70bf02cf4d5a0e4b68b93850493e2e52019fa17ae4bd4bdeff,b1faf4b871a960dd2e14f9bb24ce18129bf16767,True,2.8.0+cu128,12.8,3.4.0,Not Active,NVIDIA GeForce RTX 3050 Ti Laptop GPU,610.47,P0,1335,6001,21.56,58,Not Active,NVIDIA GeForce RTX 3050 Ti Laptop GPU,610.47,P0,1005,6001,16.15,57
20261005T124546Z,3,128,128,bf16,before,triton,cuda_graph,2.9623643577248986,20,5,50,1,4,128,71611108dd2ffe2c896d2402e035fc1614d214c7b592a247071c3286b9bdc306,bc9c4c76b074bd70bf02cf4d5a0e4b68b93850493e2e52019fa17ae4bd4bdeff,b1faf4b871a960dd2e14f9bb24ce18129bf16767,True,2.8.0+cu128,12.8,3.4.0,Not Active,NVIDIA GeForce RTX 3050 Ti Laptop GPU,610.47,P0,1335,6001,21.56,58,Not Active,NVIDIA GeForce RTX 3050 Ti Laptop GPU,610.47,P0,1005,6001,16.15,57
20261005T124546Z,3,128,128,bf16,after,triton,cuda_graph,2.2986666514323306,20,5,50,1,1,128,e6093007385fbfec41c730644131a7aa7ddbe199718163ff7b9b284dff9a9857,bc9c4c76b074bd70bf02cf4d5a0e4b68b93850493e2e52019fa17ae4bd4bdeff,b1faf4b871a960dd2e14f9bb24ce18129bf16767,True,2.8.0+cu128,12.8,3.4.0,Not Active,NVIDIA GeForce RTX 3050 Ti Laptop GPU,610.47,P0,1335,6001,21.56,58,Not Active,NVIDIA GeForce RTX 3050 Ti Laptop GPU,610.47,P0,1005,6001,16.15,57
20261005T124546Z,4,128,128,bf16,after,triton,cuda_graph,2.663343732807494,20,5,50,1,1,128,e6093007385fbfec41c730644131a7aa7ddbe199718163ff7b9b284dff9a9857,bc9c4c76b074bd70bf02cf4d5a0e4b68b93850493e2e52019fa17ae4bd4bdeff,b1faf4b871a960dd2e14f9bb24ce18129bf16767,True,2.8.0+cu128,12.8,3.4.0,Not Active,NVIDIA GeForce RTX 3050 Ti Laptop GPU,610.47,P0,1335,6001,21.56,58,Not Active,NVIDIA GeForce RTX 3050 Ti Laptop GPU,610.47,P0,1005,6001,16.15,57
20261005T124546Z,4,128,128,bf16,before,triton,cuda_graph,3.2027348542746643,20,5,50,1,4,128,71611108dd2ffe2c896d2402e035fc1614d214c7b592a247071c3286b9bdc306,bc9c4c76b074bd70bf02cf4d5a0e4b68b93850493e2e52019fa17ae4bd4bdeff,b1faf4b871a960dd2e14f9bb24ce18129bf16767,True,2.8.0+cu128,12.8,3.4.0,Not Active,NVIDIA GeForce RTX 3050 Ti Laptop GPU,610.47,P0,1335,6001,21.56,58,Not Active,NVIDIA GeForce RTX 3050 Ti Laptop GPU,610.47,P0,1005,6001,16.15,57
20261005T124546Z,5,128,128,bf16,before,triton,cuda_graph,3.2139832900017917,20,5,50,1,4,128,71611108dd2ffe2c896d2402e035fc1614d214c7b592a247071c3286b9bdc306,bc9c4c76b074bd70bf02cf4d5a0e4b68b93850493e2e52019fa17ae4bd4bdeff,b1faf4b871a960dd2e14f9bb24ce18129bf16767,True,2.8.0+cu128,12.8,3.4.0,Not Active,NVIDIA GeForce RTX 3050 Ti Laptop GPU,610.47,P0,1335,6001,21.56,58,Not Active,NVIDIA GeForce RTX 3050 Ti Laptop GPU,610.47,P0,1005,6001,16.15,57
20261005T124546Z,5,128,128,bf16,after,triton,cuda_graph,2.6137561875117856,20,5,50,1,1,128,e6093007385fbfec41c730644131a7aa7ddbe199718163ff7b9b284dff9a9857,bc9c4c76b074bd70bf02cf4d5a0e4b68b93850493e2e52019fa17ae4bd4bdeff,b1faf4b871a960dd2e14f9bb24ce18129bf16767,True,2.8.0+cu128,12.8,3.4.0,Not Active,NVIDIA GeForce RTX 3050 Ti Laptop GPU,610.47,P0,1335,6001,21.56,58,Not Active,NVIDIA GeForce RTX 3050 Ti Laptop GPU,610.47,P0,1005,6001,16.15,57
20261005T124546Z,1,128,1024,bf16,before,triton,cuda_graph,4.316918717490303,20,5,50,1,4,1024,71611108dd2ffe2c896d2402e035fc1614d214c7b592a247071c3286b9bdc306,bc9c4c76b074bd70bf02cf4d5a0e4b68b93850493e2e52019fa17ae4bd4bdeff,b1faf4b871a960dd2e14f9bb24ce18129bf16767,True,2.8.0+cu128,12.8,3.4.0,Not Active,NVIDIA GeForce RTX 3050 Ti Laptop GPU,610.47,P0,1005,6001,16.10,57,Not Active,NVIDIA GeForce RTX 3050 Ti Laptop GPU,610.47,P3,780,5501,16.87,58
20261005T124546Z,1,128,1024,bf16,after,triton,cuda_graph,4.4685031125645445,20,5,50,1,4,1024,e6093007385fbfec41c730644131a7aa7ddbe199718163ff7b9b284dff9a9857,bc9c4c76b074bd70bf02cf4d5a0e4b68b93850493e2e52019fa17ae4bd4bdeff,b1faf4b871a960dd2e14f9bb24ce18129bf16767,True,2.8.0+cu128,12.8,3.4.0,Not Active,NVIDIA GeForce RTX 3050 Ti Laptop GPU,610.47,P0,1005,6001,16.10,57,Not Active,NVIDIA GeForce RTX 3050 Ti Laptop GPU,610.47,P3,780,5501,16.87,58
20261005T124546Z,2,128,1024,bf16,after,triton,cuda_graph,4.652265169435001,20,5,50,1,4,1024,e6093007385fbfec41c730644131a7aa7ddbe199718163ff7b9b284dff9a9857,bc9c4c76b074bd70bf02cf4d5a0e4b68b93850493e2e52019fa17ae4bd4bdeff,b1faf4b871a960dd2e14f9bb24ce18129bf16767,True,2.8.0+cu128,12.8,3.4.0,Not Active,NVIDIA GeForce RTX 3050 Ti Laptop GPU,610.47,P0,1005,6001,16.10,57,Not Active,NVIDIA GeForce RTX 3050 Ti Laptop GPU,610.47,P3,780,5501,16.87,58
20261005T124546Z,2,128,1024,bf16,before,triton,cuda_graph,4.572444491916232,20,5,50,1,4,1024,71611108dd2ffe2c896d2402e035fc1614d214c7b592a247071c3286b9bdc306,bc9c4c76b074bd70bf02cf4d5a0e4b68b93850493e2e52019fa17ae4bd4bdeff,b1faf4b871a960dd2e14f9bb24ce18129bf16767,True,2.8.0+cu128,12.8,3.4.0,Not Active,NVIDIA GeForce RTX 3050 Ti Laptop GPU,610.47,P0,1005,6001,16.10,57,Not Active,NVIDIA GeForce RTX 3050 Ti Laptop GPU,610.47,P3,780,5501,16.87,58
20261005T124546Z,3,128,1024,bf16,before,triton,cuda_graph,4.762533439004057,20,5,50,1,4,1024,71611108dd2ffe2c896d2402e035fc1614d214c7b592a247071c3286b9bdc306,bc9c4c76b074bd70bf02cf4d5a0e4b68b93850493e2e52019fa17ae4bd4bdeff,b1faf4b871a960dd2e14f9bb24ce18129bf16767,True,2.8.0+cu128,12.8,3.4.0,Not Active,NVIDIA GeForce RTX 3050 Ti Laptop GPU,610.47,P0,1005,6001,16.10,57,Not Active,NVIDIA GeForce RTX 3050 Ti Laptop GPU,610.47,P3,780,5501,16.87,58
20261005T124546Z,3,128,1024,bf16,after,triton,cuda_graph,4.737686796732912,20,5,50,1,4,1024,e6093007385fbfec41c730644131a7aa7ddbe199718163ff7b9b284dff9a9857,bc9c4c76b074bd70bf02cf4d5a0e4b68b93850493e2e52019fa17ae4bd4bdeff,b1faf4b871a960dd2e14f9bb24ce18129bf16767,True,2.8.0+cu128,12.8,3.4.0,Not Active,NVIDIA GeForce RTX 3050 Ti Laptop GPU,610.47,P0,1005,6001,16.10,57,Not Active,NVIDIA GeForce RTX 3050 Ti Laptop GPU,610.47,P3,780,5501,16.87,58
20261005T124546Z,4,128,1024,bf16,after,triton,cuda_graph,4.785548535085494,20,5,50,1,4,1024,e6093007385fbfec41c730644131a7aa7ddbe199718163ff7b9b284dff9a9857,bc9c4c76b074bd70bf02cf4d5a0e4b68b93850493e2e52019fa17ae4bd4bdeff,b1faf4b871a960dd2e14f9bb24ce18129bf16767,True,2.8.0+cu128,12.8,3.4.0,Not Active,NVIDIA GeForce RTX 3050 Ti Laptop GPU,610.47,P0,1005,6001,16.10,57,Not Active,NVIDIA GeForce RTX 3050 Ti Laptop GPU,610.47,P3,780,5501,16.87,58
20261005T124546Z,4,128,1024,bf16,before,triton,cuda_graph,4.9003520011901855,20,5,50,1,4,1024,71611108dd2ffe2c896d2402e035fc1614d214c7b592a247071c3286b9bdc306,bc9c4c76b074bd70bf02cf4d5a0e4b68b93850493e2e52019fa17ae4bd4bdeff,b1faf4b871a960dd2e14f9bb24ce18129bf16767,True,2.8.0+cu128,12.8,3.4.0,Not Active,NVIDIA GeForce RTX 3050 Ti Laptop GPU,610.47,P0,1005,6001,16.10,57,Not Active,NVIDIA GeForce RTX 3050 Ti Laptop GPU,610.47,P3,780,5501,16.87,58
20261005T124546Z,5,128,1024,bf16,before,triton,cuda_graph,5.027813460542748,20,5,50,1,4,1024,71611108dd2ffe2c896d2402e035fc1614d214c7b592a247071c3286b9bdc306,bc9c4c76b074bd70bf02cf4d5a0e4b68b93850493e2e52019fa17ae4bd4bdeff,b1faf4b871a960dd2e14f9bb24ce18129bf16767,True,2.8.0+cu128,12.8,3.4.0,Not Active,NVIDIA GeForce RTX 3050 Ti Laptop GPU,610.47,P0,1005,6001,16.10,57,Not Active,NVIDIA GeForce RTX 3050 Ti Laptop GPU,610.47,P3,780,5501,16.87,58
20261005T124546Z,5,128,1024,bf16,after,triton,cuda_graph,5.032814802828933,20,5,50,1,4,1024,e6093007385fbfec41c730644131a7aa7ddbe199718163ff7b9b284dff9a9857,bc9c4c76b074bd70bf02cf4d5a0e4b68b93850493e2e52019fa17ae4bd4bdeff,b1faf4b871a960dd2e14f9bb24ce18129bf16767,True,2.8.0+cu128,12.8,3.4.0,Not Active,NVIDIA GeForce RTX 3050 Ti Laptop GPU,610.47,P0,1005,6001,16.10,57,Not Active,NVIDIA GeForce RTX 3050 Ti Laptop GPU,610.47,P3,780,5501,16.87,58
20261005T124546Z,1,128,4096,bf16,before,triton,cuda_graph,9.692118266108958,20,5,50,1,4,4096,71611108dd2ffe2c896d2402e035fc1614d214c7b592a247071c3286b9bdc306,bc9c4c76b074bd70bf02cf4d5a0e4b68b93850493e2e52019fa17ae4bd4bdeff,b1faf4b871a960dd2e14f9bb24ce18129bf16767,True,2.8.0+cu128,12.8,3.4.0,Not Active,NVIDIA GeForce RTX 3050 Ti Laptop GPU,610.47,P3,780,5501,16.84,58,Not Active,NVIDIA GeForce RTX 3050 Ti Laptop GPU,610.47,P0,1957,6001,41.32,63
20261005T124546Z,1,128,4096,bf16,after,triton,cuda_graph,6.969113180166695,20,5,50,1,4,4096,e6093007385fbfec41c730644131a7aa7ddbe199718163ff7b9b284dff9a9857,bc9c4c76b074bd70bf02cf4d5a0e4b68b93850493e2e52019fa17ae4bd4bdeff,b1faf4b871a960dd2e14f9bb24ce18129bf16767,True,2.8.0+cu128,12.8,3.4.0,Not Active,NVIDIA GeForce RTX 3050 Ti Laptop GPU,610.47,P3,780,5501,16.84,58,Not Active,NVIDIA GeForce RTX 3050 Ti Laptop GPU,610.47,P0,1957,6001,41.32,63
20261005T124546Z,2,128,4096,bf16,after,triton,cuda_graph,5.213297737969292,20,5,50,1,4,4096,e6093007385fbfec41c730644131a7aa7ddbe199718163ff7b9b284dff9a9857,bc9c4c76b074bd70bf02cf4d5a0e4b68b93850493e2e52019fa17ae4bd4bdeff,b1faf4b871a960dd2e14f9bb24ce18129bf16767,True,2.8.0+cu128,12.8,3.4.0,Not Active,NVIDIA GeForce RTX 3050 Ti Laptop GPU,610.47,P3,780,5501,16.84,58,Not Active,NVIDIA GeForce RTX 3050 Ti Laptop GPU,610.47,P0,1957,6001,41.32,63
20261005T124546Z,2,128,4096,bf16,before,triton,cuda_graph,5.217659252661246,20,5,50,1,4,4096,71611108dd2ffe2c896d2402e035fc1614d214c7b592a247071c3286b9bdc306,bc9c4c76b074bd70bf02cf4d5a0e4b68b93850493e2e52019fa17ae4bd4bdeff,b1faf4b871a960dd2e14f9bb24ce18129bf16767,True,2.8.0+cu128,12.8,3.4.0,Not Active,NVIDIA GeForce RTX 3050 Ti Laptop GPU,610.47,P3,780,5501,16.84,58,Not Active,NVIDIA GeForce RTX 3050 Ti Laptop GPU,610.47,P0,1957,6001,41.32,63
20261005T124546Z,3,128,4096,bf16,before,triton,cuda_graph,5.233822974698474,20,5,50,1,4,4096,71611108dd2ffe2c896d2402e035fc1614d214c7b592a247071c3286b9bdc306,bc9c4c76b074bd70bf02cf4d5a0e4b68b93850493e2e52019fa17ae4bd4bdeff,b1faf4b871a960dd2e14f9bb24ce18129bf16767,True,2.8.0+cu128,12.8,3.4.0,Not Active,NVIDIA GeForce RTX 3050 Ti Laptop GPU,610.47,P3,780,5501,16.84,58,Not Active,NVIDIA GeForce RTX 3050 Ti Laptop GPU,610.47,P0,1957,6001,41.32,63
20261005T124546Z,3,128,4096,bf16,after,triton,cuda_graph,5.219272250039961,20,5,50,1,4,4096,e6093007385fbfec41c730644131a7aa7ddbe199718163ff7b9b284dff9a9857,bc9c4c76b074bd70bf02cf4d5a0e4b68b93850493e2e52019fa17ae4bd4bdeff,b1faf4b871a960dd2e14f9bb24ce18129bf16767,True,2.8.0+cu128,12.8,3.4.0,Not Active,NVIDIA GeForce RTX 3050 Ti Laptop GPU,610.47,P3,780,5501,16.84,58,Not Active,NVIDIA GeForce RTX 3050 Ti Laptop GPU,610.47,P0,1957,6001,41.32,63
20261005T124546Z,4,128,4096,bf16,after,triton,cuda_graph,5.256226376170128,20,5,50,1,4,4096,e6093007385fbfec41c730644131a7aa7ddbe199718163ff7b9b284dff9a9857,bc9c4c76b074bd70bf02cf4d5a0e4b68b93850493e2e52019fa17ae4bd4bdeff,b1faf4b871a960dd2e14f9bb24ce18129bf16767,True,2.8.0+cu128,12.8,3.4.0,Not Active,NVIDIA GeForce RTX 3050 Ti Laptop GPU,610.47,P3,780,5501,16.84,58,Not Active,NVIDIA GeForce RTX 3050 Ti Laptop GPU,610.47,P0,1957,6001,41.32,63
20261005T124546Z,4,128,4096,bf16,before,triton,cuda_graph,5.2916217799210425,20,5,50,1,4,4096,71611108dd2ffe2c896d2402e035fc1614d214c7b592a247071c3286b9bdc306,bc9c4c76b074bd70bf02cf4d5a0e4b68b93850493e2e52019fa17ae4bd4bdeff,b1faf4b871a960dd2e14f9bb24ce18129bf16767,True,2.8.0+cu128,12.8,3.4.0,Not Active,NVIDIA GeForce RTX 3050 Ti Laptop GPU,610.47,P3,780,5501,16.84,58,Not Active,NVIDIA GeForce RTX 3050 Ti Laptop GPU,610.47,P0,1957,6001,41.32,63
20261005T124546Z,5,128,4096,bf16,before,triton,cuda_graph,5.213887592399616,20,5,50,1,4,4096,71611108dd2ffe2c896d2402e035fc1614d214c7b592a247071c3286b9bdc306,bc9c4c76b074bd70bf02cf4d5a0e4b68b93850493e2e52019fa17ae4bd4bdeff,b1faf4b871a960dd2e14f9bb24ce18129bf16767,True,2.8.0+cu128,12.8,3.4.0,Not Active,NVIDIA GeForce RTX 3050 Ti Laptop GPU,610.47,P3,780,5501,16.84,58,Not Active,NVIDIA GeForce RTX 3050 Ti Laptop GPU,610.47,P0,1957,6001,41.32,63
20261005T124546Z,5,128,4096,bf16,after,triton,cuda_graph,5.226614141347074,20,5,50,1,4,4096,e6093007385fbfec41c730644131a7aa7ddbe199718163ff7b9b284dff9a9857,bc9c4c76b074bd70bf02cf4d5a0e4b68b93850493e2e52019fa17ae4bd4bdeff,b1faf4b871a960dd2e14f9bb24ce18129bf16767,True,2.8.0+cu128,12.8,3.4.0,Not Active,NVIDIA GeForce RTX 3050 Ti Laptop GPU,610.47,P3,780,5501,16.84,58,Not Active,NVIDIA GeForce RTX 3050 Ti Laptop GPU,610.47,P0,1957,6001,41.32,63
20261005T124546Z,1,128,8192,bf16,before,triton,cuda_graph,22.63543626218833,20,5,50,1,4,8192,71611108dd2ffe2c896d2402e035fc1614d214c7b592a247071c3286b9bdc306,bc9c4c76b074bd70bf02cf4d5a0e4b68b93850493e2e52019fa17ae4bd4bdeff,b1faf4b871a960dd2e14f9bb24ce18129bf16767,True,2.8.0+cu128,12.8,3.4.0,Not Active,NVIDIA GeForce RTX 3050 Ti Laptop GPU,610.47,P0,1957,6001,41.32,63,Not Active,NVIDIA GeForce RTX 3050 Ti Laptop GPU,610.47,P0,1942,6001,57.53,66
20261005T124546Z,1,128,8192,bf16,after,triton,cuda_graph,22.628264905903645,20,5,50,1,4,8192,e6093007385fbfec41c730644131a7aa7ddbe199718163ff7b9b284dff9a9857,bc9c4c76b074bd70bf02cf4d5a0e4b68b93850493e2e52019fa17ae4bd4bdeff,b1faf4b871a960dd2e14f9bb24ce18129bf16767,True,2.8.0+cu128,12.8,3.4.0,Not Active,NVIDIA GeForce RTX 3050 Ti Laptop GPU,610.47,P0,1957,6001,41.32,63,Not Active,NVIDIA GeForce RTX 3050 Ti Laptop GPU,610.47,P0,1942,6001,57.53,66
20261005T124546Z,2,128,8192,bf16,after,triton,cuda_graph,22.627701446274234,20,5,50,1,4,8192,e6093007385fbfec41c730644131a7aa7ddbe199718163ff7b9b284dff9a9857,bc9c4c76b074bd70bf02cf4d5a0e4b68b93850493e2e52019fa17ae4bd4bdeff,b1faf4b871a960dd2e14f9bb24ce18129bf16767,True,2.8.0+cu128,12.8,3.4.0,Not Active,NVIDIA GeForce RTX 3050 Ti Laptop GPU,610.47,P0,1957,6001,41.32,63,Not Active,NVIDIA GeForce RTX 3050 Ti Laptop GPU,610.47,P0,1942,6001,57.53,66
20261005T124546Z,2,128,8192,bf16,before,triton,cuda_graph,22.634333294914896,20,5,50,1,4,8192,71611108dd2ffe2c896d2402e035fc1614d214c7b592a247071c3286b9bdc306,bc9c4c76b074bd70bf02cf4d5a0e4b68b93850493e2e52019fa17ae4bd4bdeff,b1faf4b871a960dd2e14f9bb24ce18129bf16767,True,2.8.0+cu128,12.8,3.4.0,Not Active,NVIDIA GeForce RTX 3050 Ti Laptop GPU,610.47,P0,1957,6001,41.32,63,Not Active,NVIDIA GeForce RTX 3050 Ti Laptop GPU,610.47,P0,1942,6001,57.53,66
20261005T124546Z,3,128,8192,bf16,before,triton,cuda_graph,22.63844188913377,20,5,50,1,4,8192,71611108dd2ffe2c896d2402e035fc1614d214c7b592a247071c3286b9bdc306,bc9c4c76b074bd70bf02cf4d5a0e4b68b93850493e2e52019fa17ae4bd4bdeff,b1faf4b871a960dd2e14f9bb24ce18129bf16767,True,2.8.0+cu128,12.8,3.4.0,Not Active,NVIDIA GeForce RTX 3050 Ti Laptop GPU,610.47,P0,1957,6001,41.32,63,Not Active,NVIDIA GeForce RTX 3050 Ti Laptop GPU,610.47,P0,1942,6001,57.53,66
20261005T124546Z,3,128,8192,bf16,after,triton,cuda_graph,22.63333142905961,20,5,50,1,4,8192,e6093007385fbfec41c730644131a7aa7ddbe199718163ff7b9b284dff9a9857,bc9c4c76b074bd70bf02cf4d5a0e4b68b93850493e2e52019fa17ae4bd4bdeff,b1faf4b871a960dd2e14f9bb24ce18129bf16767,True,2.8.0+cu128,12.8,3.4.0,Not Active,NVIDIA GeForce RTX 3050 Ti Laptop GPU,610.47,P0,1957,6001,41.32,63,Not Active,NVIDIA GeForce RTX 3050 Ti Laptop GPU,610.47,P0,1942,6001,57.53,66
20261005T124546Z,4,128,8192,bf16,after,triton,cuda_graph,22.62998497555953,20,5,50,1,4,8192,e6093007385fbfec41c730644131a7aa7ddbe199718163ff7b9b284dff9a9857,bc9c4c76b074bd70bf02cf4d5a0e4b68b93850493e2e52019fa17ae4bd4bdeff,b1faf4b871a960dd2e14f9bb24ce18129bf16767,True,2.8.0+cu128,12.8,3.4.0,Not Active,NVIDIA GeForce RTX 3050 Ti Laptop GPU,610.47,P0,1957,6001,41.32,63,Not Active,NVIDIA GeForce RTX 3050 Ti Laptop GPU,610.47,P0,1942,6001,57.53,66
20261005T124546Z,4,128,8192,bf16,before,triton,cuda_graph,22.639304451320484,20,5,50,1,4,8192,71611108dd2ffe2c896d2402e035fc1614d214c7b592a247071c3286b9bdc306,bc9c4c76b074bd70bf02cf4d5a0e4b68b93850493e2e52019fa17ae4bd4bdeff,b1faf4b871a960dd2e14f9bb24ce18129bf16767,True,2.8.0+cu128,12.8,3.4.0,Not Active,NVIDIA GeForce RTX 3050 Ti Laptop GPU,610.47,P0,1957,6001,41.32,63,Not Active,NVIDIA GeForce RTX 3050 Ti Laptop GPU,610.47,P0,1942,6001,57.53,66
20261005T124546Z,5,128,8192,bf16,before,triton,cuda_graph,22.62975957682219,20,5,50,1,4,8192,71611108dd2ffe2c896d2402e035fc1614d214c7b592a247071c3286b9bdc306,bc9c4c76b074bd70bf02cf4d5a0e4b68b93850493e2e52019fa17ae4bd4bdeff,b1faf4b871a960dd2e14f9bb24ce18129bf16767,True,2.8.0+cu128,12.8,3.4.0,Not Active,NVIDIA GeForce RTX 3050 Ti Laptop GPU,610.47,P0,1957,6001,41.32,63,Not Active,NVIDIA GeForce RTX 3050 Ti Laptop GPU,610.47,P0,1942,6001,57.53,66
20261005T124546Z,5,128,8192,bf16,after,triton,cuda_graph,22.637749780851486,20,5,50,1,4,8192,e6093007385fbfec41c730644131a7aa7ddbe199718163ff7b9b284dff9a9857,bc9c4c76b074bd70bf02cf4d5a0e4b68b93850493e2e52019fa17ae4bd4bdeff,b1faf4b871a960dd2e14f9bb24ce18129bf16767,True,2.8.0+cu128,12.8,3.4.0,Not Active,NVIDIA GeForce RTX 3050 Ti Laptop GPU,610.47,P0,1957,6001,41.32,63,Not Active,NVIDIA GeForce RTX 3050 Ti Laptop GPU,610.47,P0,1942,6001,57.53,66
20261005T124546Z,1,512,128,bf16,before,triton,cuda_graph,3.8838087325077133,20,5,50,1,4,128,71611108dd2ffe2c896d2402e035fc1614d214c7b592a247071c3286b9bdc306,bc9c4c76b074bd70bf02cf4d5a0e4b68b93850493e2e52019fa17ae4bd4bdeff,b1faf4b871a960dd2e14f9bb24ce18129bf16767,True,2.8.0+cu128,12.8,3.4.0,Not Active,NVIDIA GeForce RTX 3050 Ti Laptop GPU,610.47,P0,1942,6001,56.22,66,Not Active,NVIDIA GeForce RTX 3050 Ti Laptop GPU,610.47,P0,1942,6001,32.76,62
20261005T124546Z,1,512,128,bf16,after,triton,cuda_graph,2.232984341764343,20,5,50,1,1,128,e6093007385fbfec41c730644131a7aa7ddbe199718163ff7b9b284dff9a9857,bc9c4c76b074bd70bf02cf4d5a0e4b68b93850493e2e52019fa17ae4bd4bdeff,b1faf4b871a960dd2e14f9bb24ce18129bf16767,True,2.8.0+cu128,12.8,3.4.0,Not Active,NVIDIA GeForce RTX 3050 Ti Laptop GPU,610.47,P0,1942,6001,56.22,66,Not Active,NVIDIA GeForce RTX 3050 Ti Laptop GPU,610.47,P0,1942,6001,32.76,62
20261005T124546Z,2,512,128,bf16,after,triton,cuda_graph,2.594277052020937,20,5,50,1,1,128,e6093007385fbfec41c730644131a7aa7ddbe199718163ff7b9b284dff9a9857,bc9c4c76b074bd70bf02cf4d5a0e4b68b93850493e2e52019fa17ae4bd4bdeff,b1faf4b871a960dd2e14f9bb24ce18129bf16767,True,2.8.0+cu128,12.8,3.4.0,Not Active,NVIDIA GeForce RTX 3050 Ti Laptop GPU,610.47,P0,1942,6001,56.22,66,Not Active,NVIDIA GeForce RTX 3050 Ti Laptop GPU,610.47,P0,1942,6001,32.76,62
20261005T124546Z,2,512,128,bf16,before,triton,cuda_graph,3.9310960026530473,20,5,50,1,4,128,71611108dd2ffe2c896d2402e035fc1614d214c7b592a247071c3286b9bdc306,bc9c4c76b074bd70bf02cf4d5a0e4b68b93850493e2e52019fa17ae4bd4bdeff,b1faf4b871a960dd2e14f9bb24ce18129bf16767,True,2.8.0+cu128,12.8,3.4.0,Not Active,NVIDIA GeForce RTX 3050 Ti Laptop GPU,610.47,P0,1942,6001,56.22,66,Not Active,NVIDIA GeForce RTX 3050 Ti Laptop GPU,610.47,P0,1942,6001,32.76,62
20261005T124546Z,3,512,128,bf16,before,triton,cuda_graph,3.8821961657673705,20,5,50,1,4,128,71611108dd2ffe2c896d2402e035fc1614d214c7b592a247071c3286b9bdc306,bc9c4c76b074bd70bf02cf4d5a0e4b68b93850493e2e52019fa17ae4bd4bdeff,b1faf4b871a960dd2e14f9bb24ce18129bf16767,True,2.8.0+cu128,12.8,3.4.0,Not Active,NVIDIA GeForce RTX 3050 Ti Laptop GPU,610.47,P0,1942,6001,56.22,66,Not Active,NVIDIA GeForce RTX 3050 Ti Laptop GPU,610.47,P0,1942,6001,32.76,62
20261005T124546Z,3,512,128,bf16,after,triton,cuda_graph,2.2227808142494987,20,5,50,1,1,128,e6093007385fbfec41c730644131a7aa7ddbe199718163ff7b9b284dff9a9857,bc9c4c76b074bd70bf02cf4d5a0e4b68b93850493e2e52019fa17ae4bd4bdeff,b1faf4b871a960dd2e14f9bb24ce18129bf16767,True,2.8.0+cu128,12.8,3.4.0,Not Active,NVIDIA GeForce RTX 3050 Ti Laptop GPU,610.47,P0,1942,6001,56.22,66,Not Active,NVIDIA GeForce RTX 3050 Ti Laptop GPU,610.47,P0,1942,6001,32.76,62
20261005T124546Z,4,512,128,bf16,after,triton,cuda_graph,2.2109500132501125,20,5,50,1,1,128,e6093007385fbfec41c730644131a7aa7ddbe199718163ff7b9b284dff9a9857,bc9c4c76b074bd70bf02cf4d5a0e4b68b93850493e2e52019fa17ae4bd4bdeff,b1faf4b871a960dd2e14f9bb24ce18129bf16767,True,2.8.0+cu128,12.8,3.4.0,Not Active,NVIDIA GeForce RTX 3050 Ti Laptop GPU,610.47,P0,1942,6001,56.22,66,Not Active,NVIDIA GeForce RTX 3050 Ti Laptop GPU,610.47,P0,1942,6001,32.76,62
20261005T124546Z,4,512,128,bf16,before,triton,cuda_graph,3.8713091189791293,20,5,50,1,4,128,71611108dd2ffe2c896d2402e035fc1614d214c7b592a247071c3286b9bdc306,bc9c4c76b074bd70bf02cf4d5a0e4b68b93850493e2e52019fa17ae4bd4bdeff,b1faf4b871a960dd2e14f9bb24ce18129bf16767,True,2.8.0+cu128,12.8,3.4.0,Not Active,NVIDIA GeForce RTX 3050 Ti Laptop GPU,610.47,P0,1942,6001,56.22,66,Not Active,NVIDIA GeForce RTX 3050 Ti Laptop GPU,610.47,P0,1942,6001,32.76,62
20261005T124546Z,5,512,128,bf16,before,triton,cuda_graph,3.869957342830341,20,5,50,1,4,128,71611108dd2ffe2c896d2402e035fc1614d214c7b592a247071c3286b9bdc306,bc9c4c76b074bd70bf02cf4d5a0e4b68b93850493e2e52019fa17ae4bd4bdeff,b1faf4b871a960dd2e14f9bb24ce18129bf16767,True,2.8.0+cu128,12.8,3.4.0,Not Active,NVIDIA GeForce RTX 3050 Ti Laptop GPU,610.47,P0,1942,6001,56.22,66,Not Active,NVIDIA GeForce RTX 3050 Ti Laptop GPU,610.47,P0,1942,6001,32.76,62
20261005T124546Z,5,512,128,bf16,after,triton,cuda_graph,2.2330000065267086,20,5,50,1,1,128,e6093007385fbfec41c730644131a7aa7ddbe199718163ff7b9b284dff9a9857,bc9c4c76b074bd70bf02cf4d5a0e4b68b93850493e2e52019fa17ae4bd4bdeff,b1faf4b871a960dd2e14f9bb24ce18129bf16767,True,2.8.0+cu128,12.8,3.4.0,Not Active,NVIDIA GeForce RTX 3050 Ti Laptop GPU,610.47,P0,1942,6001,56.22,66,Not Active,NVIDIA GeForce RTX 3050 Ti Laptop GPU,610.47,P0,1942,6001,32.76,62
20261005T124546Z,1,512,1024,bf16,before,triton,cuda_graph,6.157975338824629,20,5,50,1,4,1024,71611108dd2ffe2c896d2402e035fc1614d214c7b592a247071c3286b9bdc306,bc9c4c76b074bd70bf02cf4d5a0e4b68b93850493e2e52019fa17ae4bd4bdeff,b1faf4b871a960dd2e14f9bb24ce18129bf16767,True,2.8.0+cu128,12.8,3.4.0,Not Active,NVIDIA GeForce RTX 3050 Ti Laptop GPU,610.47,P0,1942,6001,32.76,62,Not Active,NVIDIA GeForce RTX 3050 Ti Laptop GPU,610.47,P0,1957,6001,49.27,64
20261005T124546Z,1,512,1024,bf16,after,triton,cuda_graph,6.024408008805382,20,5,50,1,4,1024,e6093007385fbfec41c730644131a7aa7ddbe199718163ff7b9b284dff9a9857,bc9c4c76b074bd70bf02cf4d5a0e4b68b93850493e2e52019fa17ae4bd4bdeff,b1faf4b871a960dd2e14f9bb24ce18129bf16767,True,2.8.0+cu128,12.8,3.4.0,Not Active,NVIDIA GeForce RTX 3050 Ti Laptop GPU,610.47,P0,1942,6001,32.76,62,Not Active,NVIDIA GeForce RTX 3050 Ti Laptop GPU,610.47,P0,1957,6001,49.27,64
20261005T124546Z,2,512,1024,bf16,after,triton,cuda_graph,6.073756021138204,20,5,50,1,4,1024,e6093007385fbfec41c730644131a7aa7ddbe199718163ff7b9b284dff9a9857,bc9c4c76b074bd70bf02cf4d5a0e4b68b93850493e2e52019fa17ae4bd4bdeff,b1faf4b871a960dd2e14f9bb24ce18129bf16767,True,2.8.0+cu128,12.8,3.4.0,Not Active,NVIDIA GeForce RTX 3050 Ti Laptop GPU,610.47,P0,1942,6001,32.76,62,Not Active,NVIDIA GeForce RTX 3050 Ti Laptop GPU,610.47,P0,1957,6001,49.27,64
20261005T124546Z,2,512,1024,bf16,before,triton,cuda_graph,6.017648571669453,20,5,50,1,4,1024,71611108dd2ffe2c896d2402e035fc1614d214c7b592a247071c3286b9bdc306,bc9c4c76b074bd70bf02cf4d5a0e4b68b93850493e2e52019fa17ae4bd4bdeff,b1faf4b871a960dd2e14f9bb24ce18129bf16767,True,2.8.0+cu128,12.8,3.4.0,Not Active,NVIDIA GeForce RTX 3050 Ti Laptop GPU,610.47,P0,1942,6001,32.76,62,Not Active,NVIDIA GeForce RTX 3050 Ti Laptop GPU,610.47,P0,1957,6001,49.27,64
20261005T124546Z,3,512,1024,bf16,before,triton,cuda_graph,6.076438627864674,20,5,50,1,4,1024,71611108dd2ffe2c896d2402e035fc1614d214c7b592a247071c3286b9bdc306,bc9c4c76b074bd70bf02cf4d5a0e4b68b93850493e2e52019fa17ae4bd4bdeff,b1faf4b871a960dd2e14f9bb24ce18129bf16767,True,2.8.0+cu128,12.8,3.4.0,Not Active,NVIDIA GeForce RTX 3050 Ti Laptop GPU,610.47,P0,1942,6001,32.76,62,Not Active,NVIDIA GeForce RTX 3050 Ti Laptop GPU,610.47,P0,1957,6001,49.27,64
20261005T124546Z,3,512,1024,bf16,after,triton,cuda_graph,6.017661525218266,20,5,50,1,4,1024,e6093007385fbfec41c730644131a7aa7ddbe199718163ff7b9b284dff9a9857,bc9c4c76b074bd70bf02cf4d5a0e4b68b93850493e2e52019fa17ae4bd4bdeff,b1faf4b871a960dd2e14f9bb24ce18129bf16767,True,2.8.0+cu128,12.8,3.4.0,Not Active,NVIDIA GeForce RTX 3050 Ti Laptop GPU,610.47,P0,1942,6001,32.76,62,Not Active,NVIDIA GeForce RTX 3050 Ti Laptop GPU,610.47,P0,1957,6001,49.27,64
20261005T124546Z,4,512,1024,bf16,after,triton,cuda_graph,6.020314505930697,20,5,50,1,4,1024,e6093007385fbfec41c730644131a7aa7ddbe199718163ff7b9b284dff9a9857,bc9c4c76b074bd70bf02cf4d5a0e4b68b93850493e2e52019fa17ae4bd4bdeff,b1faf4b871a960dd2e14f9bb24ce18129bf16767,True,2.8.0+cu128,12.8,3.4.0,Not Active,NVIDIA GeForce RTX 3050 Ti Laptop GPU,610.47,P0,1942,6001,32.76,62,Not Active,NVIDIA GeForce RTX 3050 Ti Laptop GPU,610.47,P0,1957,6001,49.27,64
20261005T124546Z,4,512,1024,bf16,before,triton,cuda_graph,6.058344441130958,20,5,50,1,4,1024,71611108dd2ffe2c896d2402e035fc1614d214c7b592a247071c3286b9bdc306,bc9c4c76b074bd70bf02cf4d5a0e4b68b93850493e2e52019fa17ae4bd4bdeff,b1faf4b871a960dd2e14f9bb24ce18129bf16767,True,2.8.0+cu128,12.8,3.4.0,Not Active,NVIDIA GeForce RTX 3050 Ti Laptop GPU,610.47,P0,1942,6001,32.76,62,Not Active,NVIDIA GeForce RTX 3050 Ti Laptop GPU,610.47,P0,1957,6001,49.27,64
20261005T124546Z,5,512,1024,bf16,before,triton,cuda_graph,6.062101161393834,20,5,50,1,4,1024,71611108dd2ffe2c896d2402e035fc1614d214c7b592a247071c3286b9bdc306,bc9c4c76b074bd70bf02cf4d5a0e4b68b93850493e2e52019fa17ae4bd4bdeff,b1faf4b871a960dd2e14f9bb24ce18129bf16767,True,2.8.0+cu128,12.8,3.4.0,Not Active,NVIDIA GeForce RTX 3050 Ti Laptop GPU,610.47,P0,1942,6001,32.76,62,Not Active,NVIDIA GeForce RTX 3050 Ti Laptop GPU,610.47,P0,1957,6001,49.27,64
20261005T124546Z,5,512,1024,bf16,after,triton,cuda_graph,6.077056890493399,20,5,50,1,4,1024,e6093007385fbfec41c730644131a7aa7ddbe199718163ff7b9b284dff9a9857,bc9c4c76b074bd70bf02cf4d5a0e4b68b93850493e2e52019fa17ae4bd4bdeff,b1faf4b871a960dd2e14f9bb24ce18129bf16767,True,2.8.0+cu128,12.8,3.4.0,Not Active,NVIDIA GeForce RTX 3050 Ti Laptop GPU,610.47,P0,1942,6001,32.76,62,Not Active,NVIDIA GeForce RTX 3050 Ti Laptop GPU,610.47,P0,1957,6001,49.27,64
20261005T124546Z,1,512,4096,bf16,before,triton,cuda_graph,46.80115934731303,20,5,50,1,4,4096,71611108dd2ffe2c896d2402e035fc1614d214c7b592a247071c3286b9bdc306,bc9c4c76b074bd70bf02cf4d5a0e4b68b93850493e2e52019fa17ae4bd4bdeff,b1faf4b871a960dd2e14f9bb24ce18129bf16767,True,2.8.0+cu128,12.8,3.4.0,Not Active,NVIDIA GeForce RTX 3050 Ti Laptop GPU,610.47,P0,1957,6001,49.27,64,Not Active,NVIDIA GeForce RTX 3050 Ti Laptop GPU,610.47,P0,1942,6001,64.87,68
20261005T124546Z,1,512,4096,bf16,after,triton,cuda_graph,46.89071422419386,20,5,50,1,4,4096,e6093007385fbfec41c730644131a7aa7ddbe199718163ff7b9b284dff9a9857,bc9c4c76b074bd70bf02cf4d5a0e4b68b93850493e2e52019fa17ae4bd4bdeff,b1faf4b871a960dd2e14f9bb24ce18129bf16767,True,2.8.0+cu128,12.8,3.4.0,Not Active,NVIDIA GeForce RTX 3050 Ti Laptop GPU,610.47,P0,1957,6001,49.27,64,Not Active,NVIDIA GeForce RTX 3050 Ti Laptop GPU,610.47,P0,1942,6001,64.87,68
20261005T124546Z,2,512,4096,bf16,after,triton,cuda_graph,46.76502905416532,20,5,50,1,4,4096,e6093007385fbfec41c730644131a7aa7ddbe199718163ff7b9b284dff9a9857,bc9c4c76b074bd70bf02cf4d5a0e4b68b93850493e2e52019fa17ae4bd4bdeff,b1faf4b871a960dd2e14f9bb24ce18129bf16767,True,2.8.0+cu128,12.8,3.4.0,Not Active,NVIDIA GeForce RTX 3050 Ti Laptop GPU,610.47,P0,1957,6001,49.27,64,Not Active,NVIDIA GeForce RTX 3050 Ti Laptop GPU,610.47,P0,1942,6001,64.87,68
20261005T124546Z,2,512,4096,bf16,before,triton,cuda_graph,46.690407052504284,20,5,50,1,4,4096,71611108dd2ffe2c896d2402e035fc1614d214c7b592a247071c3286b9bdc306,bc9c4c76b074bd70bf02cf4d5a0e4b68b93850493e2e52019fa17ae4bd4bdeff,b1faf4b871a960dd2e14f9bb24ce18129bf16767,True,2.8.0+cu128,12.8,3.4.0,Not Active,NVIDIA GeForce RTX 3050 Ti Laptop GPU,610.47,P0,1957,6001,49.27,64,Not Active,NVIDIA GeForce RTX 3050 Ti Laptop GPU,610.47,P0,1942,6001,64.87,68
20261005T124546Z,3,512,4096,bf16,before,triton,cuda_graph,46.7762733062251,20,5,50,1,4,4096,71611108dd2ffe2c896d2402e035fc1614d214c7b592a247071c3286b9bdc306,bc9c4c76b074bd70bf02cf4d5a0e4b68b93850493e2e52019fa17ae4bd4bdeff,b1faf4b871a960dd2e14f9bb24ce18129bf16767,True,2.8.0+cu128,12.8,3.4.0,Not Active,NVIDIA GeForce RTX 3050 Ti Laptop GPU,610.47,P0,1957,6001,49.27,64,Not Active,NVIDIA GeForce RTX 3050 Ti Laptop GPU,610.47,P0,1942,6001,64.87,68
20261005T124546Z,3,512,4096,bf16,after,triton,cuda_graph,46.82330036077336,20,5,50,1,4,4096,e6093007385fbfec41c730644131a7aa7ddbe199718163ff7b9b284dff9a9857,bc9c4c76b074bd70bf02cf4d5a0e4b68b93850493e2e52019fa17ae4bd4bdeff,b1faf4b871a960dd2e14f9bb24ce18129bf16767,True,2.8.0+cu128,12.8,3.4.0,Not Active,NVIDIA GeForce RTX 3050 Ti Laptop GPU,610.47,P0,1957,6001,49.27,64,Not Active,NVIDIA GeForce RTX 3050 Ti Laptop GPU,610.47,P0,1942,6001,64.87,68
20261005T124546Z,4,512,4096,bf16,after,triton,cuda_graph,46.80160233520838,20,5,50,1,4,4096,e6093007385fbfec41c730644131a7aa7ddbe199718163ff7b9b284dff9a9857,bc9c4c76b074bd70bf02cf4d5a0e4b68b93850493e2e52019fa17ae4bd4bdeff,b1faf4b871a960dd2e14f9bb24ce18129bf16767,True,2.8.0+cu128,12.8,3.4.0,Not Active,NVIDIA GeForce RTX 3050 Ti Laptop GPU,610.47,P0,1957,6001,49.27,64,Not Active,NVIDIA GeForce RTX 3050 Ti Laptop GPU,610.47,P0,1942,6001,64.87,68
20261005T124546Z,4,512,4096,bf16,before,triton,cuda_graph,46.772294650219,20,5,50,1,4,4096,71611108dd2ffe2c896d2402e035fc1614d214c7b592a247071c3286b9bdc306,bc9c4c76b074bd70bf02cf4d5a0e4b68b93850493e2e52019fa17ae4bd4bdeff,b1faf4b871a960dd2e14f9bb24ce18129bf16767,True,2.8.0+cu128,12.8,3.4.0,Not Active,NVIDIA GeForce RTX 3050 Ti Laptop GPU,610.47,P0,1957,6001,49.27,64,Not Active,NVIDIA GeForce RTX 3050 Ti Laptop GPU,610.47,P0,1942,6001,64.87,68
20261005T124546Z,5,512,4096,bf16,before,triton,cuda_graph,46.72297369855953,20,5,50,1,4,4096,71611108dd2ffe2c896d2402e035fc1614d214c7b592a247071c3286b9bdc306,bc9c4c76b074bd70bf02cf4d5a0e4b68b93850493e2e52019fa17ae4bd4bdeff,b1faf4b871a960dd2e14f9bb24ce18129bf16767,True,2.8.0+cu128,12.8,3.4.0,Not Active,NVIDIA GeForce RTX 3050 Ti Laptop GPU,610.47,P0,1957,6001,49.27,64,Not Active,NVIDIA GeForce RTX 3050 Ti Laptop GPU,610.47,P0,1942,6001,64.87,68
20261005T124546Z,5,512,4096,bf16,after,triton,cuda_graph,46.779058994039815,20,5,50,1,4,4096,e6093007385fbfec41c730644131a7aa7ddbe199718163ff7b9b284dff9a9857,bc9c4c76b074bd70bf02cf4d5a0e4b68b93850493e2e52019fa17ae4bd4bdeff,b1faf4b871a960dd2e14f9bb24ce18129bf16767,True,2.8.0+cu128,12.8,3.4.0,Not Active,NVIDIA GeForce RTX 3050 Ti Laptop GPU,610.47,P0,1957,6001,49.27,64,Not Active,NVIDIA GeForce RTX 3050 Ti Laptop GPU,610.47,P0,1942,6001,64.87,68
20261005T124546Z,1,512,8192,bf16,before,triton,cuda_graph,95.5735471126807,20,5,50,1,4,8192,71611108dd2ffe2c896d2402e035fc1614d214c7b592a247071c3286b9bdc306,bc9c4c76b074bd70bf02cf4d5a0e4b68b93850493e2e52019fa17ae4bd4bdeff,b1faf4b871a960dd2e14f9bb24ce18129bf16767,True,2.8.0+cu128,12.8,3.4.0,Not Active,NVIDIA GeForce RTX 3050 Ti Laptop GPU,610.47,P0,1942,6001,61.57,68,Not Active,NVIDIA GeForce RTX 3050 Ti Laptop GPU,610.47,P0,1942,6001,63.47,70
20261005T124546Z,1,512,8192,bf16,after,triton,cuda_graph,95.19069678604713,20,5,50,1,4,8192,e6093007385fbfec41c730644131a7aa7ddbe199718163ff7b9b284dff9a9857,bc9c4c76b074bd70bf02cf4d5a0e4b68b93850493e2e52019fa17ae4bd4bdeff,b1faf4b871a960dd2e14f9bb24ce18129bf16767,True,2.8.0+cu128,12.8,3.4.0,Not Active,NVIDIA GeForce RTX 3050 Ti Laptop GPU,610.47,P0,1942,6001,61.57,68,Not Active,NVIDIA GeForce RTX 3050 Ti Laptop GPU,610.47,P0,1942,6001,63.47,70
20261005T124546Z,2,512,8192,bf16,after,triton,cuda_graph,95.36377149831304,20,5,50,1,4,8192,e6093007385fbfec41c730644131a7aa7ddbe199718163ff7b9b284dff9a9857,bc9c4c76b074bd70bf02cf4d5a0e4b68b93850493e2e52019fa17ae4bd4bdeff,b1faf4b871a960dd2e14f9bb24ce18129bf16767,True,2.8.0+cu128,12.8,3.4.0,Not Active,NVIDIA GeForce RTX 3050 Ti Laptop GPU,610.47,P0,1942,6001,61.57,68,Not Active,NVIDIA GeForce RTX 3050 Ti Laptop GPU,610.47,P0,1942,6001,63.47,70
20261005T124546Z,2,512,8192,bf16,before,triton,cuda_graph,95.43164920457554,20,5,50,1,4,8192,71611108dd2ffe2c896d2402e035fc1614d214c7b592a247071c3286b9bdc306,bc9c4c76b074bd70bf02cf4d5a0e4b68b93850493e2e52019fa17ae4bd4bdeff,b1faf4b871a960dd2e14f9bb24ce18129bf16767,True,2.8.0+cu128,12.8,3.4.0,Not Active,NVIDIA GeForce RTX 3050 Ti Laptop GPU,610.47,P0,1942,6001,61.57,68,Not Active,NVIDIA GeForce RTX 3050 Ti Laptop GPU,610.47,P0,1942,6001,63.47,70
20261005T124546Z,3,512,8192,bf16,before,triton,cuda_graph,95.25167677137586,20,5,50,1,4,8192,71611108dd2ffe2c896d2402e035fc1614d214c7b592a247071c3286b9bdc306,bc9c4c76b074bd70bf02cf4d5a0e4b68b93850493e2e52019fa17ae4bd4bdeff,b1faf4b871a960dd2e14f9bb24ce18129bf16767,True,2.8.0+cu128,12.8,3.4.0,Not Active,NVIDIA GeForce RTX 3050 Ti Laptop GPU,610.47,P0,1942,6001,61.57,68,Not Active,NVIDIA GeForce RTX 3050 Ti Laptop GPU,610.47,P0,1942,6001,63.47,70
20261005T124546Z,3,512,8192,bf16,after,triton,cuda_graph,95.1841805456293,20,5,50,1,4,8192,e6093007385fbfec41c730644131a7aa7ddbe199718163ff7b9b284dff9a9857,bc9c4c76b074bd70bf02cf4d5a0e4b68b93850493e2e52019fa17ae4bd4bdeff,b1faf4b871a960dd2e14f9bb24ce18129bf16767,True,2.8.0+cu128,12.8,3.4.0,Not Active,NVIDIA GeForce RTX 3050 Ti Laptop GPU,610.47,P0,1942,6001,61.57,68,Not Active,NVIDIA GeForce RTX 3050 Ti Laptop GPU,610.47,P0,1942,6001,63.47,70
20261005T124546Z,4,512,8192,bf16,after,triton,cuda_graph,95.3248062413254,20,5,50,1,4,8192,e6093007385fbfec41c730644131a7aa7ddbe199718163ff7b9b284dff9a9857,bc9c4c76b074bd70bf02cf4d5a0e4b68b93850493e2e52019fa17ae4bd4bdeff,b1faf4b871a960dd2e14f9bb24ce18129bf16767,True,2.8.0+cu128,12.8,3.4.0,Not Active,NVIDIA GeForce RTX 3050 Ti Laptop GPU,610.47,P0,1942,6001,61.57,68,Not Active,NVIDIA GeForce RTX 3050 Ti Laptop GPU,610.47,P0,1942,6001,63.47,70
20261005T124546Z,4,512,8192,bf16,before,triton,cuda_graph,95.18613588657415,20,5,50,1,4,8192,71611108dd2ffe2c896d2402e035fc1614d214c7b592a247071c3286b9bdc306,bc9c4c76b074bd70bf02cf4d5a0e4b68b93850493e2e52019fa17ae4bd4bdeff,b1faf4b871a960dd2e14f9bb24ce18129bf16767,True,2.8.0+cu128,12.8,3.4.0,Not Active,NVIDIA GeForce RTX 3050 Ti Laptop GPU,610.47,P0,1942,6001,61.57,68,Not Active,NVIDIA GeForce RTX 3050 Ti Laptop GPU,610.47,P0,1942,6001,63.47,70
20261005T124546Z,5,512,8192,bf16,before,triton,cuda_graph,95.26944204048003,20,5,50,1,4,8192,71611108dd2ffe2c896d2402e035fc1614d214c7b592a247071c3286b9bdc306,bc9c4c76b074bd70bf02cf4d5a0e4b68b93850493e2e52019fa17ae4bd4bdeff,b1faf4b871a960dd2e14f9bb24ce18129bf16767,True,2.8.0+cu128,12.8,3.4.0,Not Active,NVIDIA GeForce RTX 3050 Ti Laptop GPU,610.47,P0,1942,6001,61.57,68,Not Active,NVIDIA GeForce RTX 3050 Ti Laptop GPU,610.47,P0,1942,6001,63.47,70
20261005T124546Z,5,512,8192,bf16,after,triton,cuda_graph,95.28329442529119,20,5,50,1,4,8192,e6093007385fbfec41c730644131a7aa7ddbe199718163ff7b9b284dff9a9857,bc9c4c76b074bd70bf02cf4d5a0e4b68b93850493e2e52019fa17ae4bd4bdeff,b1faf4b871a960dd2e14f9bb24ce18129bf16767,True,2.8.0+cu128,12.8,3.4.0,Not Active,NVIDIA GeForce RTX 3050 Ti Laptop GPU,610.47,P0,1942,6001,61.57,68,Not Active,NVIDIA GeForce RTX 3050 Ti Laptop GPU,610.47,P0,1942,6001,63.47,70
20261005T124546Z,1,128,64,bf16,before,triton,cuda_graph,1.6535561016272007,20,5,50,1,4,64,71611108dd2ffe2c896d2402e035fc1614d214c7b592a247071c3286b9bdc306,bc9c4c76b074bd70bf02cf4d5a0e4b68b93850493e2e52019fa17ae4bd4bdeff,b1faf4b871a960dd2e14f9bb24ce18129bf16767,True,2.8.0+cu128,12.8,3.4.0,Not Active,NVIDIA GeForce RTX 3050 Ti Laptop GPU,610.47,P0,1942,6001,61.52,70,Not Active,NVIDIA GeForce RTX 3050 Ti Laptop GPU,610.47,P0,1942,6001,26.23,64
20261005T124546Z,1,128,64,bf16,after,triton,cuda_graph,1.3051025791231299,20,5,50,1,1,64,e6093007385fbfec41c730644131a7aa7ddbe199718163ff7b9b284dff9a9857,bc9c4c76b074bd70bf02cf4d5a0e4b68b93850493e2e52019fa17ae4bd4bdeff,b1faf4b871a960dd2e14f9bb24ce18129bf16767,True,2.8.0+cu128,12.8,3.4.0,Not Active,NVIDIA GeForce RTX 3050 Ti Laptop GPU,610.47,P0,1942,6001,61.52,70,Not Active,NVIDIA GeForce RTX 3050 Ti Laptop GPU,610.47,P0,1942,6001,26.23,64
20261005T124546Z,2,128,64,bf16,after,triton,cuda_graph,1.3162186099785318,20,5,50,1,1,64,e6093007385fbfec41c730644131a7aa7ddbe199718163ff7b9b284dff9a9857,bc9c4c76b074bd70bf02cf4d5a0e4b68b93850493e2e52019fa17ae4bd4bdeff,b1faf4b871a960dd2e14f9bb24ce18129bf16767,True,2.8.0+cu128,12.8,3.4.0,Not Active,NVIDIA GeForce RTX 3050 Ti Laptop GPU,610.47,P0,1942,6001,61.52,70,Not Active,NVIDIA GeForce RTX 3050 Ti Laptop GPU,610.47,P0,1942,6001,26.23,64
20261005T124546Z,2,128,64,bf16,before,triton,cuda_graph,1.6516320780353302,20,5,50,1,4,64,71611108dd2ffe2c896d2402e035fc1614d214c7b592a247071c3286b9bdc306,bc9c4c76b074bd70bf02cf4d5a0e4b68b93850493e2e52019fa17ae4bd4bdeff,b1faf4b871a960dd2e14f9bb24ce18129bf16767,True,2.8.0+cu128,12.8,3.4.0,Not Active,NVIDIA GeForce RTX 3050 Ti Laptop GPU,610.47,P0,1942,6001,61.52,70,Not Active,NVIDIA GeForce RTX 3050 Ti Laptop GPU,610.47,P0,1942,6001,26.23,64
20261005T124546Z,3,128,64,bf16,before,triton,cuda_graph,1.679307935195418,20,5,50,1,4,64,71611108dd2ffe2c896d2402e035fc1614d214c7b592a247071c3286b9bdc306,bc9c4c76b074bd70bf02cf4d5a0e4b68b93850493e2e52019fa17ae4bd4bdeff,b1faf4b871a960dd2e14f9bb24ce18129bf16767,True,2.8.0+cu128,12.8,3.4.0,Not Active,NVIDIA GeForce RTX 3050 Ti Laptop GPU,610.47,P0,1942,6001,61.52,70,Not Active,NVIDIA GeForce RTX 3050 Ti Laptop GPU,610.47,P0,1942,6001,26.23,64
20261005T124546Z,3,128,64,bf16,after,triton,cuda_graph,1.2911155610858558,20,5,50,1,1,64,e6093007385fbfec41c730644131a7aa7ddbe199718163ff7b9b284dff9a9857,bc9c4c76b074bd70bf02cf4d5a0e4b68b93850493e2e52019fa17ae4bd4bdeff,b1faf4b871a960dd2e14f9bb24ce18129bf16767,True,2.8.0+cu128,12.8,3.4.0,Not Active,NVIDIA GeForce RTX 3050 Ti Laptop GPU,610.47,P0,1942,6001,61.52,70,Not Active,NVIDIA GeForce RTX 3050 Ti Laptop GPU,610.47,P0,1942,6001,26.23,64
20261005T124546Z,4,128,64,bf16,after,triton,cuda_graph,2.5304916435840665,20,5,50,1,1,64,e6093007385fbfec41c730644131a7aa7ddbe199718163ff7b9b284dff9a9857,bc9c4c76b074bd70bf02cf4d5a0e4b68b93850493e2e52019fa17ae4bd4bdeff,b1faf4b871a960dd2e14f9bb24ce18129bf16767,True,2.8.0+cu128,12.8,3.4.0,Not Active,NVIDIA GeForce RTX 3050 Ti Laptop GPU,610.47,P0,1942,6001,61.52,70,Not Active,NVIDIA GeForce RTX 3050 Ti Laptop GPU,610.47,P0,1942,6001,26.23,64
20261005T124546Z,4,128,64,bf16,before,triton,cuda_graph,1.6546691689535835,20,5,50,1,4,64,71611108dd2ffe2c896d2402e035fc1614d214c7b592a247071c3286b9bdc306,bc9c4c76b074bd70bf02cf4d5a0e4b68b93850493e2e52019fa17ae4bd4bdeff,b1faf4b871a960dd2e14f9bb24ce18129bf16767,True,2.8.0+cu128,12.8,3.4.0,Not Active,NVIDIA GeForce RTX 3050 Ti Laptop GPU,610.47,P0,1942,6001,61.52,70,Not Active,NVIDIA GeForce RTX 3050 Ti Laptop GPU,610.47,P0,1942,6001,26.23,64
20261005T124546Z,5,128,64,bf16,before,triton,cuda_graph,1.6565223534901938,20,5,50,1,4,64,71611108dd2ffe2c896d2402e035fc1614d214c7b592a247071c3286b9bdc306,bc9c4c76b074bd70bf02cf4d5a0e4b68b93850493e2e52019fa17ae4bd4bdeff,b1faf4b871a960dd2e14f9bb24ce18129bf16767,True,2.8.0+cu128,12.8,3.4.0,Not Active,NVIDIA GeForce RTX 3050 Ti Laptop GPU,610.47,P0,1942,6001,61.52,70,Not Active,NVIDIA GeForce RTX 3050 Ti Laptop GPU,610.47,P0,1942,6001,26.23,64
20261005T124546Z,5,128,64,bf16,after,triton,cuda_graph,2.501924795315678,20,5,50,1,1,64,e6093007385fbfec41c730644131a7aa7ddbe199718163ff7b9b284dff9a9857,bc9c4c76b074bd70bf02cf4d5a0e4b68b93850493e2e52019fa17ae4bd4bdeff,b1faf4b871a960dd2e14f9bb24ce18129bf16767,True,2.8.0+cu128,12.8,3.4.0,Not Active,NVIDIA GeForce RTX 3050 Ti Laptop GPU,610.47,P0,1942,6001,61.52,70,Not Active,NVIDIA GeForce RTX 3050 Ti Laptop GPU,610.47,P0,1942,6001,26.23,64
20261005T124546Z,1,128,127,bf16,before,triton,cuda_graph,1.7575527772920503,20,5,50,1,4,128,71611108dd2ffe2c896d2402e035fc1614d214c7b592a247071c3286b9bdc306,bc9c4c76b074bd70bf02cf4d5a0e4b68b93850493e2e52019fa17ae4bd4bdeff,b1faf4b871a960dd2e14f9bb24ce18129bf16767,True,2.8.0+cu128,12.8,3.4.0,Not Active,NVIDIA GeForce RTX 3050 Ti Laptop GPU,610.47,P0,1942,6001,26.20,64,Not Active,NVIDIA GeForce RTX 3050 Ti Laptop GPU,610.47,P3,900,6001,21.49,63
20261005T124546Z,1,128,127,bf16,after,triton,cuda_graph,1.3786738291583613,20,5,50,1,1,128,e6093007385fbfec41c730644131a7aa7ddbe199718163ff7b9b284dff9a9857,bc9c4c76b074bd70bf02cf4d5a0e4b68b93850493e2e52019fa17ae4bd4bdeff,b1faf4b871a960dd2e14f9bb24ce18129bf16767,True,2.8.0+cu128,12.8,3.4.0,Not Active,NVIDIA GeForce RTX 3050 Ti Laptop GPU,610.47,P0,1942,6001,26.20,64,Not Active,NVIDIA GeForce RTX 3050 Ti Laptop GPU,610.47,P3,900,6001,21.49,63
20261005T124546Z,2,128,127,bf16,after,triton,cuda_graph,1.3722059364887433,20,5,50,1,1,128,e6093007385fbfec41c730644131a7aa7ddbe199718163ff7b9b284dff9a9857,bc9c4c76b074bd70bf02cf4d5a0e4b68b93850493e2e52019fa17ae4bd4bdeff,b1faf4b871a960dd2e14f9bb24ce18129bf16767,True,2.8.0+cu128,12.8,3.4.0,Not Active,NVIDIA GeForce RTX 3050 Ti Laptop GPU,610.47,P0,1942,6001,26.20,64,Not Active,NVIDIA GeForce RTX 3050 Ti Laptop GPU,610.47,P3,900,6001,21.49,63
20261005T124546Z,2,128,127,bf16,before,triton,cuda_graph,1.9162229827192963,20,5,50,1,4,128,71611108dd2ffe2c896d2402e035fc1614d214c7b592a247071c3286b9bdc306,bc9c4c76b074bd70bf02cf4d5a0e4b68b93850493e2e52019fa17ae4bd4bdeff,b1faf4b871a960dd2e14f9bb24ce18129bf16767,True,2.8.0+cu128,12.8,3.4.0,Not Active,NVIDIA GeForce RTX 3050 Ti Laptop GPU,610.47,P0,1942,6001,26.20,64,Not Active,NVIDIA GeForce RTX 3050 Ti Laptop GPU,610.47,P3,900,6001,21.49,63
20261005T124546Z,3,128,127,bf16,before,triton,cuda_graph,1.8004279568362138,20,5,50,1,4,128,71611108dd2ffe2c896d2402e035fc1614d214c7b592a247071c3286b9bdc306,bc9c4c76b074bd70bf02cf4d5a0e4b68b93850493e2e52019fa17ae4bd4bdeff,b1faf4b871a960dd2e14f9bb24ce18129bf16767,True,2.8.0+cu128,12.8,3.4.0,Not Active,NVIDIA GeForce RTX 3050 Ti Laptop GPU,610.47,P0,1942,6001,26.20,64,Not Active,NVIDIA GeForce RTX 3050 Ti Laptop GPU,610.47,P3,900,6001,21.49,63
20261005T124546Z,3,128,127,bf16,after,triton,cuda_graph,2.8110634196888316,20,5,50,1,1,128,e6093007385fbfec41c730644131a7aa7ddbe199718163ff7b9b284dff9a9857,bc9c4c76b074bd70bf02cf4d5a0e4b68b93850493e2e52019fa17ae4bd4bdeff,b1faf4b871a960dd2e14f9bb24ce18129bf16767,True,2.8.0+cu128,12.8,3.4.0,Not Active,NVIDIA GeForce RTX 3050 Ti Laptop GPU,610.47,P0,1942,6001,26.20,64,Not Active,NVIDIA GeForce RTX 3050 Ti Laptop GPU,610.47,P3,900,6001,21.49,63
20261005T124546Z,4,128,127,bf16,after,triton,cuda_graph,2.826950740583295,20,5,50,1,1,128,e6093007385fbfec41c730644131a7aa7ddbe199718163ff7b9b284dff9a9857,bc9c4c76b074bd70bf02cf4d5a0e4b68b93850493e2e52019fa17ae4bd4bdeff,b1faf4b871a960dd2e14f9bb24ce18129bf16767,True,2.8.0+cu128,12.8,3.4.0,Not Active,NVIDIA GeForce RTX 3050 Ti Laptop GPU,610.47,P0,1942,6001,26.20,64,Not Active,NVIDIA GeForce RTX 3050 Ti Laptop GPU,610.47,P3,900,6001,21.49,63
20261005T124546Z,4,128,127,bf16,before,triton,cuda_graph,3.747004148911457,20,5,50,1,4,128,71611108dd2ffe2c896d2402e035fc1614d214c7b592a247071c3286b9bdc306,bc9c4c76b074bd70bf02cf4d5a0e4b68b93850493e2e52019fa17ae4bd4bdeff,b1faf4b871a960dd2e14f9bb24ce18129bf16767,True,2.8.0+cu128,12.8,3.4.0,Not Active,NVIDIA GeForce RTX 3050 Ti Laptop GPU,610.47,P0,1942,6001,26.20,64,Not Active,NVIDIA GeForce RTX 3050 Ti Laptop GPU,610.47,P3,900,6001,21.49,63
20261005T124546Z,5,128,127,bf16,before,triton,cuda_graph,4.017777796144839,20,5,50,1,4,128,71611108dd2ffe2c896d2402e035fc1614d214c7b592a247071c3286b9bdc306,bc9c4c76b074bd70bf02cf4d5a0e4b68b93850493e2e52019fa17ae4bd4bdeff,b1faf4b871a960dd2e14f9bb24ce18129bf16767,True,2.8.0+cu128,12.8,3.4.0,Not Active,NVIDIA GeForce RTX 3050 Ti Laptop GPU,610.47,P0,1942,6001,26.20,64,Not Active,NVIDIA GeForce RTX 3050 Ti Laptop GPU,610.47,P3,900,6001,21.49,63
20261005T124546Z,5,128,127,bf16,after,triton,cuda_graph,2.9842285428728377,20,5,50,1,1,128,e6093007385fbfec41c730644131a7aa7ddbe199718163ff7b9b284dff9a9857,bc9c4c76b074bd70bf02cf4d5a0e4b68b93850493e2e52019fa17ae4bd4bdeff,b1faf4b871a960dd2e14f9bb24ce18129bf16767,True,2.8.0+cu128,12.8,3.4.0,Not Active,NVIDIA GeForce RTX 3050 Ti Laptop GPU,610.47,P0,1942,6001,26.20,64,Not Active,NVIDIA GeForce RTX 3050 Ti Laptop GPU,610.47,P3,900,6001,21.49,63
20261005T124546Z,1,128,129,bf16,before,triton,cuda_graph,4.26307966751335,20,5,50,1,4,256,71611108dd2ffe2c896d2402e035fc1614d214c7b592a247071c3286b9bdc306,bc9c4c76b074bd70bf02cf4d5a0e4b68b93850493e2e52019fa17ae4bd4bdeff,b1faf4b871a960dd2e14f9bb24ce18129bf16767,True,2.8.0+cu128,12.8,3.4.0,Not Active,NVIDIA GeForce RTX 3050 Ti Laptop GPU,610.47,P3,795,5501,20.67,63,Not Active,NVIDIA GeForce RTX 3050 Ti Laptop GPU,610.47,P0,1695,6001,17.64,62
20261005T124546Z,1,128,129,bf16,after,triton,cuda_graph,3.9917420475713663,20,5,50,1,1,256,e6093007385fbfec41c730644131a7aa7ddbe199718163ff7b9b284dff9a9857,bc9c4c76b074bd70bf02cf4d5a0e4b68b93850493e2e52019fa17ae4bd4bdeff,b1faf4b871a960dd2e14f9bb24ce18129bf16767,True,2.8.0+cu128,12.8,3.4.0,Not Active,NVIDIA GeForce RTX 3050 Ti Laptop GPU,610.47,P3,795,5501,20.67,63,Not Active,NVIDIA GeForce RTX 3050 Ti Laptop GPU,610.47,P0,1695,6001,17.64,62
20261005T124546Z,2,128,129,bf16,after,triton,cuda_graph,3.9797883867093673,20,5,50,1,1,256,e6093007385fbfec41c730644131a7aa7ddbe199718163ff7b9b284dff9a9857,bc9c4c76b074bd70bf02cf4d5a0e4b68b93850493e2e52019fa17ae4bd4bdeff,b1faf4b871a960dd2e14f9bb24ce18129bf16767,True,2.8.0+cu128,12.8,3.4.0,Not Active,NVIDIA GeForce RTX 3050 Ti Laptop GPU,610.47,P3,795,5501,20.67,63,Not Active,NVIDIA GeForce RTX 3050 Ti Laptop GPU,610.47,P0,1695,6001,17.64,62
20261005T124546Z,2,128,129,bf16,before,triton,cuda_graph,5.008589781989098,20,5,50,1,4,256,71611108dd2ffe2c896d2402e035fc1614d214c7b592a247071c3286b9bdc306,bc9c4c76b074bd70bf02cf4d5a0e4b68b93850493e2e52019fa17ae4bd4bdeff,b1faf4b871a960dd2e14f9bb24ce18129bf16767,True,2.8.0+cu128,12.8,3.4.0,Not Active,NVIDIA GeForce RTX 3050 Ti Laptop GPU,610.47,P3,795,5501,20.67,63,Not Active,NVIDIA GeForce RTX 3050 Ti Laptop GPU,610.47,P0,1695,6001,17.64,62
20261005T124546Z,3,128,129,bf16,before,triton,cuda_graph,5.138402502529566,20,5,50,1,4,256,71611108dd2ffe2c896d2402e035fc1614d214c7b592a247071c3286b9bdc306,bc9c4c76b074bd70bf02cf4d5a0e4b68b93850493e2e52019fa17ae4bd4bdeff,b1faf4b871a960dd2e14f9bb24ce18129bf16767,True,2.8.0+cu128,12.8,3.4.0,Not Active,NVIDIA GeForce RTX 3050 Ti Laptop GPU,610.47,P3,795,5501,20.67,63,Not Active,NVIDIA GeForce RTX 3050 Ti Laptop GPU,610.47,P0,1695,6001,17.64,62
20261005T124546Z,3,128,129,bf16,after,triton,cuda_graph,2.5397426756468113,20,5,50,1,1,256,e6093007385fbfec41c730644131a7aa7ddbe199718163ff7b9b284dff9a9857,bc9c4c76b074bd70bf02cf4d5a0e4b68b93850493e2e52019fa17ae4bd4bdeff,b1faf4b871a960dd2e14f9bb24ce18129bf16767,True,2.8.0+cu128,12.8,3.4.0,Not Active,NVIDIA GeForce RTX 3050 Ti Laptop GPU,610.47,P3,795,5501,20.67,63,Not Active,NVIDIA GeForce RTX 3050 Ti Laptop GPU,610.47,P0,1695,6001,17.64,62
20261005T124546Z,4,128,129,bf16,after,triton,cuda_graph,1.5772511891279175,20,5,50,1,1,256,e6093007385fbfec41c730644131a7aa7ddbe199718163ff7b9b284dff9a9857,bc9c4c76b074bd70bf02cf4d5a0e4b68b93850493e2e52019fa17ae4bd4bdeff,b1faf4b871a960dd2e14f9bb24ce18129bf16767,True,2.8.0+cu128,12.8,3.4.0,Not Active,NVIDIA GeForce RTX 3050 Ti Laptop GPU,610.47,P3,795,5501,20.67,63,Not Active,NVIDIA GeForce RTX 3050 Ti Laptop GPU,610.47,P0,1695,6001,17.64,62
20261005T124546Z,4,128,129,bf16,before,triton,cuda_graph,1.9837155607011583,20,5,50,1,4,256,71611108dd2ffe2c896d2402e035fc1614d214c7b592a247071c3286b9bdc306,bc9c4c76b074bd70bf02cf4d5a0e4b68b93850493e2e52019fa17ae4bd4bdeff,b1faf4b871a960dd2e14f9bb24ce18129bf16767,True,2.8.0+cu128,12.8,3.4.0,Not Active,NVIDIA GeForce RTX 3050 Ti Laptop GPU,610.47,P3,795,5501,20.67,63,Not Active,NVIDIA GeForce RTX 3050 Ti Laptop GPU,610.47,P0,1695,6001,17.64,62
20261005T124546Z,5,128,129,bf16,before,triton,cuda_graph,1.9713346089158101,20,5,50,1,4,256,71611108dd2ffe2c896d2402e035fc1614d214c7b592a247071c3286b9bdc306,bc9c4c76b074bd70bf02cf4d5a0e4b68b93850493e2e52019fa17ae4bd4bdeff,b1faf4b871a960dd2e14f9bb24ce18129bf16767,True,2.8.0+cu128,12.8,3.4.0,Not Active,NVIDIA GeForce RTX 3050 Ti Laptop GPU,610.47,P3,795,5501,20.67,63,Not Active,NVIDIA GeForce RTX 3050 Ti Laptop GPU,610.47,P0,1695,6001,17.64,62
20261005T124546Z,5,128,129,bf16,after,triton,cuda_graph,1.6334650028182798,20,5,50,1,1,256,e6093007385fbfec41c730644131a7aa7ddbe199718163ff7b9b284dff9a9857,bc9c4c76b074bd70bf02cf4d5a0e4b68b93850493e2e52019fa17ae4bd4bdeff,b1faf4b871a960dd2e14f9bb24ce18129bf16767,True,2.8.0+cu128,12.8,3.4.0,Not Active,NVIDIA GeForce RTX 3050 Ti Laptop GPU,610.47,P3,795,5501,20.67,63,Not Active,NVIDIA GeForce RTX 3050 Ti Laptop GPU,610.47,P0,1695,6001,17.64,62
20261005T124546Z,1,128,255,bf16,before,triton,cuda_graph,2.003000001423061,20,5,50,1,4,256,71611108dd2ffe2c896d2402e035fc1614d214c7b592a247071c3286b9bdc306,bc9c4c76b074bd70bf02cf4d5a0e4b68b93850493e2e52019fa17ae4bd4bdeff,b1faf4b871a960dd2e14f9bb24ce18129bf16767,True,2.8.0+cu128,12.8,3.4.0,Not Active,NVIDIA GeForce RTX 3050 Ti Laptop GPU,610.47,P0,1695,6001,18.91,62,Not Active,NVIDIA GeForce RTX 3050 Ti Laptop GPU,610.47,P0,967,6001,19.84,62
20261005T124546Z,1,128,255,bf16,after,triton,cuda_graph,1.6493599037058333,20,5,50,1,1,256,e6093007385fbfec41c730644131a7aa7ddbe199718163ff7b9b284dff9a9857,bc9c4c76b074bd70bf02cf4d5a0e4b68b93850493e2e52019fa17ae4bd4bdeff,b1faf4b871a960dd2e14f9bb24ce18129bf16767,True,2.8.0+cu128,12.8,3.4.0,Not Active,NVIDIA GeForce RTX 3050 Ti Laptop GPU,610.47,P0,1695,6001,18.91,62,Not Active,NVIDIA GeForce RTX 3050 Ti Laptop GPU,610.47,P0,967,6001,19.84,62
20261005T124546Z,2,128,255,bf16,after,triton,cuda_graph,1.6489263427884955,20,5,50,1,1,256,e6093007385fbfec41c730644131a7aa7ddbe199718163ff7b9b284dff9a9857,bc9c4c76b074bd70bf02cf4d5a0e4b68b93850493e2e52019fa17ae4bd4bdeff,b1faf4b871a960dd2e14f9bb24ce18129bf16767,True,2.8.0+cu128,12.8,3.4.0,Not Active,NVIDIA GeForce RTX 3050 Ti Laptop GPU,610.47,P0,1695,6001,18.91,62,Not Active,NVIDIA GeForce RTX 3050 Ti Laptop GPU,610.47,P0,967,6001,19.84,62
20261005T124546Z,2,128,255,bf16,before,triton,cuda_graph,2.0310643084555915,20,5,50,1,4,256,71611108dd2ffe2c896d2402e035fc1614d214c7b592a247071c3286b9bdc306,bc9c4c76b074bd70bf02cf4d5a0e4b68b93850493e2e52019fa17ae4bd4bdeff,b1faf4b871a960dd2e14f9bb24ce18129bf16767,True,2.8.0+cu128,12.8,3.4.0,Not Active,NVIDIA GeForce RTX 3050 Ti Laptop GPU,610.47,P0,1695,6001,18.91,62,Not Active,NVIDIA GeForce RTX 3050 Ti Laptop GPU,610.47,P0,967,6001,19.84,62
20261005T124546Z,3,128,255,bf16,before,triton,cuda_graph,2.093970284626943,20,5,50,1,4,256,71611108dd2ffe2c896d2402e035fc1614d214c7b592a247071c3286b9bdc306,bc9c4c76b074bd70bf02cf4d5a0e4b68b93850493e2e52019fa17ae4bd4bdeff,b1faf4b871a960dd2e14f9bb24ce18129bf16767,True,2.8.0+cu128,12.8,3.4.0,Not Active,NVIDIA GeForce RTX 3050 Ti Laptop GPU,610.47,P0,1695,6001,18.91,62,Not Active,NVIDIA GeForce RTX 3050 Ti Laptop GPU,610.47,P0,967,6001,19.84,62
20261005T124546Z,3,128,255,bf16,after,triton,cuda_graph,1.6355678348986364,20,5,50,1,1,256,e6093007385fbfec41c730644131a7aa7ddbe199718163ff7b9b284dff9a9857,bc9c4c76b074bd70bf02cf4d5a0e4b68b93850493e2e52019fa17ae4bd4bdeff,b1faf4b871a960dd2e14f9bb24ce18129bf16767,True,2.8.0+cu128,12.8,3.4.0,Not Active,NVIDIA GeForce RTX 3050 Ti Laptop GPU,610.47,P0,1695,6001,18.91,62,Not Active,NVIDIA GeForce RTX 3050 Ti Laptop GPU,610.47,P0,967,6001,19.84,62
20261005T124546Z,4,128,255,bf16,after,triton,cuda_graph,2.58515600064816,20,5,50,1,1,256,e6093007385fbfec41c730644131a7aa7ddbe199718163ff7b9b284dff9a9857,bc9c4c76b074bd70bf02cf4d5a0e4b68b93850493e2e52019fa17ae4bd4bdeff,b1faf4b871a960dd2e14f9bb24ce18129bf16767,True,2.8.0+cu128,12.8,3.4.0,Not Active,NVIDIA GeForce RTX 3050 Ti Laptop GPU,610.47,P0,1695,6001,18.91,62,Not Active,NVIDIA GeForce RTX 3050 Ti Laptop GPU,610.47,P0,967,6001,19.84,62
20261005T124546Z,4,128,255,bf16,before,triton,cuda_graph,3.4901673100384105,20,5,50,1,4,256,71611108dd2ffe2c896d2402e035fc1614d214c7b592a247071c3286b9bdc306,bc9c4c76b074bd70bf02cf4d5a0e4b68b93850493e2e52019fa17ae4bd4bdeff,b1faf4b871a960dd2e14f9bb24ce18129bf16767,True,2.8.0+cu128,12.8,3.4.0,Not Active,NVIDIA GeForce RTX 3050 Ti Laptop GPU,610.47,P0,1695,6001,18.91,62,Not Active,NVIDIA GeForce RTX 3050 Ti Laptop GPU,610.47,P0,967,6001,19.84,62
20261005T124546Z,5,128,255,bf16,before,triton,cuda_graph,3.597653441958957,20,5,50,1,4,256,71611108dd2ffe2c896d2402e035fc1614d214c7b592a247071c3286b9bdc306,bc9c4c76b074bd70bf02cf4d5a0e4b68b93850493e2e52019fa17ae4bd4bdeff,b1faf4b871a960dd2e14f9bb24ce18129bf16767,True,2.8.0+cu128,12.8,3.4.0,Not Active,NVIDIA GeForce RTX 3050 Ti Laptop GPU,610.47,P0,1695,6001,18.91,62,Not Active,NVIDIA GeForce RTX 3050 Ti Laptop GPU,610.47,P0,967,6001,19.84,62
20261005T124546Z,5,128,255,bf16,after,triton,cuda_graph,2.9295827686261244,20,5,50,1,1,256,e6093007385fbfec41c730644131a7aa7ddbe199718163ff7b9b284dff9a9857,bc9c4c76b074bd70bf02cf4d5a0e4b68b93850493e2e52019fa17ae4bd4bdeff,b1faf4b871a960dd2e14f9bb24ce18129bf16767,True,2.8.0+cu128,12.8,3.4.0,Not Active,NVIDIA GeForce RTX 3050 Ti Laptop GPU,610.47,P0,1695,6001,18.91,62,Not Active,NVIDIA GeForce RTX 3050 Ti Laptop GPU,610.47,P0,967,6001,19.84,62
20261005T124546Z,1,128,256,bf16,before,triton,cuda_graph,4.457984386895789,20,5,50,1,4,256,71611108dd2ffe2c896d2402e035fc1614d214c7b592a247071c3286b9bdc306,bc9c4c76b074bd70bf02cf4d5a0e4b68b93850493e2e52019fa17ae4bd4bdeff,b1faf4b871a960dd2e14f9bb24ce18129bf16767,True,2.8.0+cu128,12.8,3.4.0,Not Active,NVIDIA GeForce RTX 3050 Ti Laptop GPU,610.47,P0,967,6001,19.31,62,Not Active,NVIDIA GeForce RTX 3050 Ti Laptop GPU,610.47,P0,990,6001,15.83,61
20261005T124546Z,1,128,256,bf16,after,triton,cuda_graph,3.9445700357366618,20,5,50,1,1,256,e6093007385fbfec41c730644131a7aa7ddbe199718163ff7b9b284dff9a9857,bc9c4c76b074bd70bf02cf4d5a0e4b68b93850493e2e52019fa17ae4bd4bdeff,b1faf4b871a960dd2e14f9bb24ce18129bf16767,True,2.8.0+cu128,12.8,3.4.0,Not Active,NVIDIA GeForce RTX 3050 Ti Laptop GPU,610.47,P0,967,6001,19.31,62,Not Active,NVIDIA GeForce RTX 3050 Ti Laptop GPU,610.47,P0,990,6001,15.83,61
20261005T124546Z,2,128,256,bf16,after,triton,cuda_graph,2.8901172150091843,20,5,50,1,1,256,e6093007385fbfec41c730644131a7aa7ddbe199718163ff7b9b284dff9a9857,bc9c4c76b074bd70bf02cf4d5a0e4b68b93850493e2e52019fa17ae4bd4bdeff,b1faf4b871a960dd2e14f9bb24ce18129bf16767,True,2.8.0+cu128,12.8,3.4.0,Not Active,NVIDIA GeForce RTX 3050 Ti Laptop GPU,610.47,P0,967,6001,19.31,62,Not Active,NVIDIA GeForce RTX 3050 Ti Laptop GPU,610.47,P0,990,6001,15.83,61
20261005T124546Z,2,128,256,bf16,before,triton,cuda_graph,3.3430195227751054,20,5,50,1,4,256,71611108dd2ffe2c896d2402e035fc1614d214c7b592a247071c3286b9bdc306,bc9c4c76b074bd70bf02cf4d5a0e4b68b93850493e2e52019fa17ae4bd4bdeff,b1faf4b871a960dd2e14f9bb24ce18129bf16767,True,2.8.0+cu128,12.8,3.4.0,Not Active,NVIDIA GeForce RTX 3050 Ti Laptop GPU,610.47,P0,967,6001,19.31,62,Not Active,NVIDIA GeForce RTX 3050 Ti Laptop GPU,610.47,P0,990,6001,15.83,61
20261005T124546Z,3,128,256,bf16,before,triton,cuda_graph,3.3631668133080623,20,5,50,1,4,256,71611108dd2ffe2c896d2402e035fc1614d214c7b592a247071c3286b9bdc306,bc9c4c76b074bd70bf02cf4d5a0e4b68b93850493e2e52019fa17ae4bd4bdeff,b1faf4b871a960dd2e14f9bb24ce18129bf16767,True,2.8.0+cu128,12.8,3.4.0,Not Active,NVIDIA GeForce RTX 3050 Ti Laptop GPU,610.47,P0,967,6001,19.31,62,Not Active,NVIDIA GeForce RTX 3050 Ti Laptop GPU,610.47,P0,990,6001,15.83,61
20261005T124546Z,3,128,256,bf16,after,triton,cuda_graph,2.667438126726693,20,5,50,1,1,256,e6093007385fbfec41c730644131a7aa7ddbe199718163ff7b9b284dff9a9857,bc9c4c76b074bd70bf02cf4d5a0e4b68b93850493e2e52019fa17ae4bd4bdeff,b1faf4b871a960dd2e14f9bb24ce18129bf16767,True,2.8.0+cu128,12.8,3.4.0,Not Active,NVIDIA GeForce RTX 3050 Ti Laptop GPU,610.47,P0,967,6001,19.31,62,Not Active,NVIDIA GeForce RTX 3050 Ti Laptop GPU,610.47,P0,990,6001,15.83,61
20261005T124546Z,4,128,256,bf16,after,triton,cuda_graph,2.6524816924156736,20,5,50,1,1,256,e6093007385fbfec41c730644131a7aa7ddbe199718163ff7b9b284dff9a9857,bc9c4c76b074bd70bf02cf4d5a0e4b68b93850493e2e52019fa17ae4bd4bdeff,b1faf4b871a960dd2e14f9bb24ce18129bf16767,True,2.8.0+cu128,12.8,3.4.0,Not Active,NVIDIA GeForce RTX 3050 Ti Laptop GPU,610.47,P0,967,6001,19.31,62,Not Active,NVIDIA GeForce RTX 3050 Ti Laptop GPU,610.47,P0,990,6001,15.83,61
20261005T124546Z,4,128,256,bf16,before,triton,cuda_graph,3.3898829807155306,20,5,50,1,4,256,71611108dd2ffe2c896d2402e035fc1614d214c7b592a247071c3286b9bdc306,bc9c4c76b074bd70bf02cf4d5a0e4b68b93850493e2e52019fa17ae4bd4bdeff,b1faf4b871a960dd2e14f9bb24ce18129bf16767,True,2.8.0+cu128,12.8,3.4.0,Not Active,NVIDIA GeForce RTX 3050 Ti Laptop GPU,610.47,P0,967,6001,19.31,62,Not Active,NVIDIA GeForce RTX 3050 Ti Laptop GPU,610.47,P0,990,6001,15.83,61
20261005T124546Z,5,128,256,bf16,before,triton,cuda_graph,3.332439185566985,20,5,50,1,4,256,71611108dd2ffe2c896d2402e035fc1614d214c7b592a247071c3286b9bdc306,bc9c4c76b074bd70bf02cf4d5a0e4b68b93850493e2e52019fa17ae4bd4bdeff,b1faf4b871a960dd2e14f9bb24ce18129bf16767,True,2.8.0+cu128,12.8,3.4.0,Not Active,NVIDIA GeForce RTX 3050 Ti Laptop GPU,610.47,P0,967,6001,19.31,62,Not Active,NVIDIA GeForce RTX 3050 Ti Laptop GPU,610.47,P0,990,6001,15.83,61
20261005T124546Z,5,128,256,bf16,after,triton,cuda_graph,2.657470348366502,20,5,50,1,1,256,e6093007385fbfec41c730644131a7aa7ddbe199718163ff7b9b284dff9a9857,bc9c4c76b074bd70bf02cf4d5a0e4b68b93850493e2e52019fa17ae4bd4bdeff,b1faf4b871a960dd2e14f9bb24ce18129bf16767,True,2.8.0+cu128,12.8,3.4.0,Not Active,NVIDIA GeForce RTX 3050 Ti Laptop GPU,610.47,P0,967,6001,19.31,62,Not Active,NVIDIA GeForce RTX 3050 Ti Laptop GPU,610.47,P0,990,6001,15.83,61
20261005T124546Z,1,128,257,bf16,before,triton,cuda_graph,3.4502776931313908,20,5,50,1,4,512,71611108dd2ffe2c896d2402e035fc1614d214c7b592a247071c3286b9bdc306,bc9c4c76b074bd70bf02cf4d5a0e4b68b93850493e2e52019fa17ae4bd4bdeff,b1faf4b871a960dd2e14f9bb24ce18129bf16767,True,2.8.0+cu128,12.8,3.4.0,Not Active,NVIDIA GeForce RTX 3050 Ti Laptop GPU,610.47,P0,990,6001,15.84,61,Not Active,NVIDIA GeForce RTX 3050 Ti Laptop GPU,610.47,P5,990,6001,16.10,61
20261005T124546Z,1,128,257,bf16,after,triton,cuda_graph,3.420014186261812,20,5,50,1,4,512,e6093007385fbfec41c730644131a7aa7ddbe199718163ff7b9b284dff9a9857,bc9c4c76b074bd70bf02cf4d5a0e4b68b93850493e2e52019fa17ae4bd4bdeff,b1faf4b871a960dd2e14f9bb24ce18129bf16767,True,2.8.0+cu128,12.8,3.4.0,Not Active,NVIDIA GeForce RTX 3050 Ti Laptop GPU,610.47,P0,990,6001,15.84,61,Not Active,NVIDIA GeForce RTX 3050 Ti Laptop GPU,610.47,P5,990,6001,16.10,61
20261005T124546Z,2,128,257,bf16,after,triton,cuda_graph,3.4134736669208356,20,5,50,1,4,512,e6093007385fbfec41c730644131a7aa7ddbe199718163ff7b9b284dff9a9857,bc9c4c76b074bd70bf02cf4d5a0e4b68b93850493e2e52019fa17ae4bd4bdeff,b1faf4b871a960dd2e14f9bb24ce18129bf16767,True,2.8.0+cu128,12.8,3.4.0,Not Active,NVIDIA GeForce RTX 3050 Ti Laptop GPU,610.47,P0,990,6001,15.84,61,Not Active,NVIDIA GeForce RTX 3050 Ti Laptop GPU,610.47,P5,990,6001,16.10,61
20261005T124546Z,2,128,257,bf16,before,triton,cuda_graph,3.4143613866192135,20,5,50,1,4,512,71611108dd2ffe2c896d2402e035fc1614d214c7b592a247071c3286b9bdc306,bc9c4c76b074bd70bf02cf4d5a0e4b68b93850493e2e52019fa17ae4bd4bdeff,b1faf4b871a960dd2e14f9bb24ce18129bf16767,True,2.8.0+cu128,12.8,3.4.0,Not Active,NVIDIA GeForce RTX 3050 Ti Laptop GPU,610.47,P0,990,6001,15.84,61,Not Active,NVIDIA GeForce RTX 3050 Ti Laptop GPU,610.47,P5,990,6001,16.10,61
20261005T124546Z,3,128,257,bf16,before,triton,cuda_graph,3.4305667514780316,20,5,50,1,4,512,71611108dd2ffe2c896d2402e035fc1614d214c7b592a247071c3286b9bdc306,bc9c4c76b074bd70bf02cf4d5a0e4b68b93850493e2e52019fa17ae4bd4bdeff,b1faf4b871a960dd2e14f9bb24ce18129bf16767,True,2.8.0+cu128,12.8,3.4.0,Not Active,NVIDIA GeForce RTX 3050 Ti Laptop GPU,610.47,P0,990,6001,15.84,61,Not Active,NVIDIA GeForce RTX 3050 Ti Laptop GPU,610.47,P5,990,6001,16.10,61
20261005T124546Z,3,128,257,bf16,after,triton,cuda_graph,3.4306290683997775,20,5,50,1,4,512,e6093007385fbfec41c730644131a7aa7ddbe199718163ff7b9b284dff9a9857,bc9c4c76b074bd70bf02cf4d5a0e4b68b93850493e2e52019fa17ae4bd4bdeff,b1faf4b871a960dd2e14f9bb24ce18129bf16767,True,2.8.0+cu128,12.8,3.4.0,Not Active,NVIDIA GeForce RTX 3050 Ti Laptop GPU,610.47,P0,990,6001,15.84,61,Not Active,NVIDIA GeForce RTX 3050 Ti Laptop GPU,610.47,P5,990,6001,16.10,61
20261005T124546Z,4,128,257,bf16,after,triton,cuda_graph,3.7521195055833503,20,5,50,1,4,512,e6093007385fbfec41c730644131a7aa7ddbe199718163ff7b9b284dff9a9857,bc9c4c76b074bd70bf02cf4d5a0e4b68b93850493e2e52019fa17ae4bd4bdeff,b1faf4b871a960dd2e14f9bb24ce18129bf16767,True,2.8.0+cu128,12.8,3.4.0,Not Active,NVIDIA GeForce RTX 3050 Ti Laptop GPU,610.47,P0,990,6001,15.84,61,Not Active,NVIDIA GeForce RTX 3050 Ti Laptop GPU,610.47,P5,990,6001,16.10,61
20261005T124546Z,4,128,257,bf16,before,triton,cuda_graph,4.362170325505477,20,5,50,1,4,512,71611108dd2ffe2c896d2402e035fc1614d214c7b592a247071c3286b9bdc306,bc9c4c76b074bd70bf02cf4d5a0e4b68b93850493e2e52019fa17ae4bd4bdeff,b1faf4b871a960dd2e14f9bb24ce18129bf16767,True,2.8.0+cu128,12.8,3.4.0,Not Active,NVIDIA GeForce RTX 3050 Ti Laptop GPU,610.47,P0,990,6001,15.84,61,Not Active,NVIDIA GeForce RTX 3050 Ti Laptop GPU,610.47,P5,990,6001,16.10,61
20261005T124546Z,5,128,257,bf16,before,triton,cuda_graph,4.734379769880561,20,5,50,1,4,512,71611108dd2ffe2c896d2402e035fc1614d214c7b592a247071c3286b9bdc306,bc9c4c76b074bd70bf02cf4d5a0e4b68b93850493e2e52019fa17ae4bd4bdeff,b1faf4b871a960dd2e14f9bb24ce18129bf16767,True,2.8.0+cu128,12.8,3.4.0,Not Active,NVIDIA GeForce RTX 3050 Ti Laptop GPU,610.47,P0,990,6001,15.84,61,Not Active,NVIDIA GeForce RTX 3050 Ti Laptop GPU,610.47,P5,990,6001,16.10,61
20261005T124546Z,5,128,257,bf16,after,triton,cuda_graph,4.713316506977322,20,5,50,1,4,512,e6093007385fbfec41c730644131a7aa7ddbe199718163ff7b9b284dff9a9857,bc9c4c76b074bd70bf02cf4d5a0e4b68b93850493e2e52019fa17ae4bd4bdeff,b1faf4b871a960dd2e14f9bb24ce18129bf16767,True,2.8.0+cu128,12.8,3.4.0,Not Active,NVIDIA GeForce RTX 3050 Ti Laptop GPU,610.47,P0,990,6001,15.84,61,Not Active,NVIDIA GeForce RTX 3050 Ti Laptop GPU,610.47,P5,990,6001,16.10,61
20261005T124546Z,1,128,512,bf16,before,triton,cuda_graph,5.522123902244906,20,5,50,1,4,512,71611108dd2ffe2c896d2402e035fc1614d214c7b592a247071c3286b9bdc306,bc9c4c76b074bd70bf02cf4d5a0e4b68b93850493e2e52019fa17ae4bd4bdeff,b1faf4b871a960dd2e14f9bb24ce18129bf16767,True,2.8.0+cu128,12.8,3.4.0,Not Active,NVIDIA GeForce RTX 3050 Ti Laptop GPU,610.47,P5,825,810,15.78,61,Not Active,NVIDIA GeForce RTX 3050 Ti Laptop GPU,610.47,P0,1132,6001,18.16,61
20261005T124546Z,1,128,512,bf16,after,triton,cuda_graph,5.541227253309759,20,5,50,1,4,512,e6093007385fbfec41c730644131a7aa7ddbe199718163ff7b9b284dff9a9857,bc9c4c76b074bd70bf02cf4d5a0e4b68b93850493e2e52019fa17ae4bd4bdeff,b1faf4b871a960dd2e14f9bb24ce18129bf16767,True,2.8.0+cu128,12.8,3.4.0,Not Active,NVIDIA GeForce RTX 3050 Ti Laptop GPU,610.47,P5,825,810,15.78,61,Not Active,NVIDIA GeForce RTX 3050 Ti Laptop GPU,610.47,P0,1132,6001,18.16,61
20261005T124546Z,2,128,512,bf16,after,triton,cuda_graph,2.996803216631143,20,5,50,1,4,512,e6093007385fbfec41c730644131a7aa7ddbe199718163ff7b9b284dff9a9857,bc9c4c76b074bd70bf02cf4d5a0e4b68b93850493e2e52019fa17ae4bd4bdeff,b1faf4b871a960dd2e14f9bb24ce18129bf16767,True,2.8.0+cu128,12.8,3.4.0,Not Active,NVIDIA GeForce RTX 3050 Ti Laptop GPU,610.47,P5,825,810,15.78,61,Not Active,NVIDIA GeForce RTX 3050 Ti Laptop GPU,610.47,P0,1132,6001,18.16,61
20261005T124546Z,2,128,512,bf16,before,triton,cuda_graph,2.9983490942016484,20,5,50,1,4,512,71611108dd2ffe2c896d2402e035fc1614d214c7b592a247071c3286b9bdc306,bc9c4c76b074bd70bf02cf4d5a0e4b68b93850493e2e52019fa17ae4bd4bdeff,b1faf4b871a960dd2e14f9bb24ce18129bf16767,True,2.8.0+cu128,12.8,3.4.0,Not Active,NVIDIA GeForce RTX 3050 Ti Laptop GPU,610.47,P5,825,810,15.78,61,Not Active,NVIDIA GeForce RTX 3050 Ti Laptop GPU,610.47,P0,1132,6001,18.16,61
20261005T124546Z,3,128,512,bf16,before,triton,cuda_graph,3.003624740200316,20,5,50,1,4,512,71611108dd2ffe2c896d2402e035fc1614d214c7b592a247071c3286b9bdc306,bc9c4c76b074bd70bf02cf4d5a0e4b68b93850493e2e52019fa17ae4bd4bdeff,b1faf4b871a960dd2e14f9bb24ce18129bf16767,True,2.8.0+cu128,12.8,3.4.0,Not Active,NVIDIA GeForce RTX 3050 Ti Laptop GPU,610.47,P5,825,810,15.78,61,Not Active,NVIDIA GeForce RTX 3050 Ti Laptop GPU,610.47,P0,1132,6001,18.16,61
20261005T124546Z,3,128,512,bf16,after,triton,cuda_graph,2.9997457967740355,20,5,50,1,4,512,e6093007385fbfec41c730644131a7aa7ddbe199718163ff7b9b284dff9a9857,bc9c4c76b074bd70bf02cf4d5a0e4b68b93850493e2e52019fa17ae4bd4bdeff,b1faf4b871a960dd2e14f9bb24ce18129bf16767,True,2.8.0+cu128,12.8,3.4.0,Not Active,NVIDIA GeForce RTX 3050 Ti Laptop GPU,610.47,P5,825,810,15.78,61,Not Active,NVIDIA GeForce RTX 3050 Ti Laptop GPU,610.47,P0,1132,6001,18.16,61
20261005T124546Z,4,128,512,bf16,after,triton,cuda_graph,3.045320215059569,20,5,50,1,4,512,e6093007385fbfec41c730644131a7aa7ddbe199718163ff7b9b284dff9a9857,bc9c4c76b074bd70bf02cf4d5a0e4b68b93850493e2e52019fa17ae4bd4bdeff,b1faf4b871a960dd2e14f9bb24ce18129bf16767,True,2.8.0+cu128,12.8,3.4.0,Not Active,NVIDIA GeForce RTX 3050 Ti Laptop GPU,610.47,P5,825,810,15.78,61,Not Active,NVIDIA GeForce RTX 3050 Ti Laptop GPU,610.47,P0,1132,6001,18.16,61
20261005T124546Z,4,128,512,bf16,before,triton,cuda_graph,2.998595219917345,20,5,50,1,4,512,71611108dd2ffe2c896d2402e035fc1614d214c7b592a247071c3286b9bdc306,bc9c4c76b074bd70bf02cf4d5a0e4b68b93850493e2e52019fa17ae4bd4bdeff,b1faf4b871a960dd2e14f9bb24ce18129bf16767,True,2.8.0+cu128,12.8,3.4.0,Not Active,NVIDIA GeForce RTX 3050 Ti Laptop GPU,610.47,P5,825,810,15.78,61,Not Active,NVIDIA GeForce RTX 3050 Ti Laptop GPU,610.47,P0,1132,6001,18.16,61
20261005T124546Z,5,128,512,bf16,before,triton,cuda_graph,2.996915843839589,20,5,50,1,4,512,71611108dd2ffe2c896d2402e035fc1614d214c7b592a247071c3286b9bdc306,bc9c4c76b074bd70bf02cf4d5a0e4b68b93850493e2e52019fa17ae4bd4bdeff,b1faf4b871a960dd2e14f9bb24ce18129bf16767,True,2.8.0+cu128,12.8,3.4.0,Not Active,NVIDIA GeForce RTX 3050 Ti Laptop GPU,610.47,P5,825,810,15.78,61,Not Active,NVIDIA GeForce RTX 3050 Ti Laptop GPU,610.47,P0,1132,6001,18.16,61
20261005T124546Z,5,128,512,bf16,after,triton,cuda_graph,2.6652225966534515,20,5,50,1,4,512,e6093007385fbfec41c730644131a7aa7ddbe199718163ff7b9b284dff9a9857,bc9c4c76b074bd70bf02cf4d5a0e4b68b93850493e2e52019fa17ae4bd4bdeff,b1faf4b871a960dd2e14f9bb24ce18129bf16767,True,2.8.0+cu128,12.8,3.4.0,Not Active,NVIDIA GeForce RTX 3050 Ti Laptop GPU,610.47,P5,825,810,15.78,61,Not Active,NVIDIA GeForce RTX 3050 Ti Laptop GPU,610.47,P0,1132,6001,18.16,61
20261005T124546Z,1,128,513,bf16,before,triton,cuda_graph,2.8558539268665744,20,5,50,1,4,1024,71611108dd2ffe2c896d2402e035fc1614d214c7b592a247071c3286b9bdc306,bc9c4c76b074bd70bf02cf4d5a0e4b68b93850493e2e52019fa17ae4bd4bdeff,b1faf4b871a960dd2e14f9bb24ce18129bf16767,True,2.8.0+cu128,12.8,3.4.0,Not Active,NVIDIA GeForce RTX 3050 Ti Laptop GPU,610.47,P0,1132,6001,18.31,61,Not Active,NVIDIA GeForce RTX 3050 Ti Laptop GPU,610.47,P0,1290,6001,19.20,61
20261005T124546Z,1,128,513,bf16,after,triton,cuda_graph,3.3776717399483296,20,5,50,1,4,1024,e6093007385fbfec41c730644131a7aa7ddbe199718163ff7b9b284dff9a9857,bc9c4c76b074bd70bf02cf4d5a0e4b68b93850493e2e52019fa17ae4bd4bdeff,b1faf4b871a960dd2e14f9bb24ce18129bf16767,True,2.8.0+cu128,12.8,3.4.0,Not Active,NVIDIA GeForce RTX 3050 Ti Laptop GPU,610.47,P0,1132,6001,18.31,61,Not Active,NVIDIA GeForce RTX 3050 Ti Laptop GPU,610.47,P0,1290,6001,19.20,61
20261005T124546Z,2,128,513,bf16,after,triton,cuda_graph,2.844830246948489,20,5,50,1,4,1024,e6093007385fbfec41c730644131a7aa7ddbe199718163ff7b9b284dff9a9857,bc9c4c76b074bd70bf02cf4d5a0e4b68b93850493e2e52019fa17ae4bd4bdeff,b1faf4b871a960dd2e14f9bb24ce18129bf16767,True,2.8.0+cu128,12.8,3.4.0,Not Active,NVIDIA GeForce RTX 3050 Ti Laptop GPU,610.47,P0,1132,6001,18.31,61,Not Active,NVIDIA GeForce RTX 3050 Ti Laptop GPU,610.47,P0,1290,6001,19.20,61
20261005T124546Z,2,128,513,bf16,before,triton,cuda_graph,2.8628843497499195,20,5,50,1,4,1024,71611108dd2ffe2c896d2402e035fc1614d214c7b592a247071c3286b9bdc306,bc9c4c76b074bd70bf02cf4d5a0e4b68b93850493e2e52019fa17ae4bd4bdeff,b1faf4b871a960dd2e14f9bb24ce18129bf16767,True,2.8.0+cu128,12.8,3.4.0,Not Active,NVIDIA GeForce RTX 3050 Ti Laptop GPU,610.47,P0,1132,6001,18.31,61,Not Active,NVIDIA GeForce RTX 3050 Ti Laptop GPU,610.47,P0,1290,6001,19.20,61
20261005T124546Z,3,128,513,bf16,before,triton,cuda_graph,2.87065249111656,20,5,50,1,4,1024,71611108dd2ffe2c896d2402e035fc1614d214c7b592a247071c3286b9bdc306,bc9c4c76b074bd70bf02cf4d5a0e4b68b93850493e2e52019fa17ae4bd4bdeff,b1faf4b871a960dd2e14f9bb24ce18129bf16767,True,2.8.0+cu128,12.8,3.4.0,Not Active,NVIDIA GeForce RTX 3050 Ti Laptop GPU,610.47,P0,1132,6001,18.31,61,Not Active,NVIDIA GeForce RTX 3050 Ti Laptop GPU,610.47,P0,1290,6001,19.20,61
20261005T124546Z,3,128,513,bf16,after,triton,cuda_graph,2.87469149742215,20,5,50,1,4,1024,e6093007385fbfec41c730644131a7aa7ddbe199718163ff7b9b284dff9a9857,bc9c4c76b074bd70bf02cf4d5a0e4b68b93850493e2e52019fa17ae4bd4bdeff,b1faf4b871a960dd2e14f9bb24ce18129bf16767,True,2.8.0+cu128,12.8,3.4.0,Not Active,NVIDIA GeForce RTX 3050 Ti Laptop GPU,610.47,P0,1132,6001,18.31,61,Not Active,NVIDIA GeForce RTX 3050 Ti Laptop GPU,610.47,P0,1290,6001,19.20,61
20261005T124546Z,4,128,513,bf16,after,triton,cuda_graph,2.8539437514085035,20,5,50,1,4,1024,e6093007385fbfec41c730644131a7aa7ddbe199718163ff7b9b284dff9a9857,bc9c4c76b074bd70bf02cf4d5a0e4b68b93850493e2e52019fa17ae4bd4bdeff,b1faf4b871a960dd2e14f9bb24ce18129bf16767,True,2.8.0+cu128,12.8,3.4.0,Not Active,NVIDIA GeForce RTX 3050 Ti Laptop GPU,610.47,P0,1132,6001,18.31,61,Not Active,NVIDIA GeForce RTX 3050 Ti Laptop GPU,610.47,P0,1290,6001,19.20,61
20261005T124546Z,4,128,513,bf16,before,triton,cuda_graph,2.8756509100707093,20,5,50,1,4,1024,71611108dd2ffe2c896d2402e035fc1614d214c7b592a247071c3286b9bdc306,bc9c4c76b074bd70bf02cf4d5a0e4b68b93850493e2e52019fa17ae4bd4bdeff,b1faf4b871a960dd2e14f9bb24ce18129bf16767,True,2.8.0+cu128,12.8,3.4.0,Not Active,NVIDIA GeForce RTX 3050 Ti Laptop GPU,610.47,P0,1132,6001,18.31,61,Not Active,NVIDIA GeForce RTX 3050 Ti Laptop GPU,610.47,P0,1290,6001,19.20,61
20261005T124546Z,5,128,513,bf16,before,triton,cuda_graph,2.8375953460305956,20,5,50,1,4,1024,71611108dd2ffe2c896d2402e035fc1614d214c7b592a247071c3286b9bdc306,bc9c4c76b074bd70bf02cf4d5a0e4b68b93850493e2e52019fa17ae4bd4bdeff,b1faf4b871a960dd2e14f9bb24ce18129bf16767,True,2.8.0+cu128,12.8,3.4.0,Not Active,NVIDIA GeForce RTX 3050 Ti Laptop GPU,610.47,P0,1132,6001,18.31,61,Not Active,NVIDIA GeForce RTX 3050 Ti Laptop GPU,610.47,P0,1290,6001,19.20,61
20261005T124546Z,5,128,513,bf16,after,triton,cuda_graph,2.8538434401802393,20,5,50,1,4,1024,e6093007385fbfec41c730644131a7aa7ddbe199718163ff7b9b284dff9a9857,bc9c4c76b074bd70bf02cf4d5a0e4b68b93850493e2e52019fa17ae4bd4bdeff,b1faf4b871a960dd2e14f9bb24ce18129bf16767,True,2.8.0+cu128,12.8,3.4.0,Not Active,NVIDIA GeForce RTX 3050 Ti Laptop GPU,610.47,P0,1132,6001,18.31,61,Not Active,NVIDIA GeForce RTX 3050 Ti Laptop GPU,610.47,P0,1290,6001,19.20,61
20261005T124546Z,1,512,64,bf16,before,triton,cuda_graph,5.355243264017878,20,5,50,1,4,64,71611108dd2ffe2c896d2402e035fc1614d214c7b592a247071c3286b9bdc306,bc9c4c76b074bd70bf02cf4d5a0e4b68b93850493e2e52019fa17ae4bd4bdeff,b1faf4b871a960dd2e14f9bb24ce18129bf16767,True,2.8.0+cu128,12.8,3.4.0,Not Active,NVIDIA GeForce RTX 3050 Ti Laptop GPU,610.47,P0,1290,6001,19.12,61,Not Active,NVIDIA GeForce RTX 3050 Ti Laptop GPU,610.47,P0,1320,6001,18.73,61
20261005T124546Z,1,512,64,bf16,after,triton,cuda_graph,4.204067459249586,20,5,50,1,1,64,e6093007385fbfec41c730644131a7aa7ddbe199718163ff7b9b284dff9a9857,bc9c4c76b074bd70bf02cf4d5a0e4b68b93850493e2e52019fa17ae4bd4bdeff,b1faf4b871a960dd2e14f9bb24ce18129bf16767,True,2.8.0+cu128,12.8,3.4.0,Not Active,NVIDIA GeForce RTX 3050 Ti Laptop GPU,610.47,P0,1290,6001,19.12,61,Not Active,NVIDIA GeForce RTX 3050 Ti Laptop GPU,610.47,P0,1320,6001,18.73,61
20261005T124546Z,2,512,64,bf16,after,triton,cuda_graph,4.203894545392291,20,5,50,1,1,64,e6093007385fbfec41c730644131a7aa7ddbe199718163ff7b9b284dff9a9857,bc9c4c76b074bd70bf02cf4d5a0e4b68b93850493e2e52019fa17ae4bd4bdeff,b1faf4b871a960dd2e14f9bb24ce18129bf16767,True,2.8.0+cu128,12.8,3.4.0,Not Active,NVIDIA GeForce RTX 3050 Ti Laptop GPU,610.47,P0,1290,6001,19.12,61,Not Active,NVIDIA GeForce RTX 3050 Ti Laptop GPU,610.47,P0,1320,6001,18.73,61
20261005T124546Z,2,512,64,bf16,before,triton,cuda_graph,7.070932213065703,20,5,50,1,4,64,71611108dd2ffe2c896d2402e035fc1614d214c7b592a247071c3286b9bdc306,bc9c4c76b074bd70bf02cf4d5a0e4b68b93850493e2e52019fa17ae4bd4bdeff,b1faf4b871a960dd2e14f9bb24ce18129bf16767,True,2.8.0+cu128,12.8,3.4.0,Not Active,NVIDIA GeForce RTX 3050 Ti Laptop GPU,610.47,P0,1290,6001,19.12,61,Not Active,NVIDIA GeForce RTX 3050 Ti Laptop GPU,610.47,P0,1320,6001,18.73,61
20261005T124546Z,3,512,64,bf16,before,triton,cuda_graph,5.573510717146435,20,5,50,1,4,64,71611108dd2ffe2c896d2402e035fc1614d214c7b592a247071c3286b9bdc306,bc9c4c76b074bd70bf02cf4d5a0e4b68b93850493e2e52019fa17ae4bd4bdeff,b1faf4b871a960dd2e14f9bb24ce18129bf16767,True,2.8.0+cu128,12.8,3.4.0,Not Active,NVIDIA GeForce RTX 3050 Ti Laptop GPU,610.47,P0,1290,6001,19.12,61,Not Active,NVIDIA GeForce RTX 3050 Ti Laptop GPU,610.47,P0,1320,6001,18.73,61
20261005T124546Z,3,512,64,bf16,after,triton,cuda_graph,3.3030137419700623,20,5,50,1,1,64,e6093007385fbfec41c730644131a7aa7ddbe199718163ff7b9b284dff9a9857,bc9c4c76b074bd70bf02cf4d5a0e4b68b93850493e2e52019fa17ae4bd4bdeff,b1faf4b871a960dd2e14f9bb24ce18129bf16767,True,2.8.0+cu128,12.8,3.4.0,Not Active,NVIDIA GeForce RTX 3050 Ti Laptop GPU,610.47,P0,1290,6001,19.12,61,Not Active,NVIDIA GeForce RTX 3050 Ti Laptop GPU,610.47,P0,1320,6001,18.73,61
20261005T124546Z,4,512,64,bf16,after,triton,cuda_graph,3.0863120601024576,20,5,50,1,1,64,e6093007385fbfec41c730644131a7aa7ddbe199718163ff7b9b284dff9a9857,bc9c4c76b074bd70bf02cf4d5a0e4b68b93850493e2e52019fa17ae4bd4bdeff,b1faf4b871a960dd2e14f9bb24ce18129bf16767,True,2.8.0+cu128,12.8,3.4.0,Not Active,NVIDIA GeForce RTX 3050 Ti Laptop GPU,610.47,P0,1290,6001,19.12,61,Not Active,NVIDIA GeForce RTX 3050 Ti Laptop GPU,610.47,P0,1320,6001,18.73,61
20261005T124546Z,4,512,64,bf16,before,triton,cuda_graph,5.220079219375048,20,5,50,1,4,64,71611108dd2ffe2c896d2402e035fc1614d214c7b592a247071c3286b9bdc306,bc9c4c76b074bd70bf02cf4d5a0e4b68b93850493e2e52019fa17ae4bd4bdeff,b1faf4b871a960dd2e14f9bb24ce18129bf16767,True,2.8.0+cu128,12.8,3.4.0,Not Active,NVIDIA GeForce RTX 3050 Ti Laptop GPU,610.47,P0,1290,6001,19.12,61,Not Active,NVIDIA GeForce RTX 3050 Ti Laptop GPU,610.47,P0,1320,6001,18.73,61
20261005T124546Z,5,512,64,bf16,before,triton,cuda_graph,5.197730335917744,20,5,50,1,4,64,71611108dd2ffe2c896d2402e035fc1614d214c7b592a247071c3286b9bdc306,bc9c4c76b074bd70bf02cf4d5a0e4b68b93850493e2e52019fa17ae4bd4bdeff,b1faf4b871a960dd2e14f9bb24ce18129bf16767,True,2.8.0+cu128,12.8,3.4.0,Not Active,NVIDIA GeForce RTX 3050 Ti Laptop GPU,610.47,P0,1290,6001,19.12,61,Not Active,NVIDIA GeForce RTX 3050 Ti Laptop GPU,610.47,P0,1320,6001,18.73,61
20261005T124546Z,5,512,64,bf16,after,triton,cuda_graph,3.0794745040732674,20,5,50,1,1,64,e6093007385fbfec41c730644131a7aa7ddbe199718163ff7b9b284dff9a9857,bc9c4c76b074bd70bf02cf4d5a0e4b68b93850493e2e52019fa17ae4bd4bdeff,b1faf4b871a960dd2e14f9bb24ce18129bf16767,True,2.8.0+cu128,12.8,3.4.0,Not Active,NVIDIA GeForce RTX 3050 Ti Laptop GPU,610.47,P0,1290,6001,19.12,61,Not Active,NVIDIA GeForce RTX 3050 Ti Laptop GPU,610.47,P0,1320,6001,18.73,61
20261005T124546Z,1,512,127,bf16,before,triton,cuda_graph,5.7085517078396215,20,5,50,1,4,128,71611108dd2ffe2c896d2402e035fc1614d214c7b592a247071c3286b9bdc306,bc9c4c76b074bd70bf02cf4d5a0e4b68b93850493e2e52019fa17ae4bd4bdeff,b1faf4b871a960dd2e14f9bb24ce18129bf16767,True,2.8.0+cu128,12.8,3.4.0,Not Active,NVIDIA GeForce RTX 3050 Ti Laptop GPU,610.47,P0,1320,6001,18.80,61,Not Active,NVIDIA GeForce RTX 3050 Ti Laptop GPU,610.47,P0,1635,6001,22.03,62
20261005T124546Z,1,512,127,bf16,after,triton,cuda_graph,3.247674916183437,20,5,50,1,1,128,e6093007385fbfec41c730644131a7aa7ddbe199718163ff7b9b284dff9a9857,bc9c4c76b074bd70bf02cf4d5a0e4b68b93850493e2e52019fa17ae4bd4bdeff,b1faf4b871a960dd2e14f9bb24ce18129bf16767,True,2.8.0+cu128,12.8,3.4.0,Not Active,NVIDIA GeForce RTX 3050 Ti Laptop GPU,610.47,P0,1320,6001,18.80,61,Not Active,NVIDIA GeForce RTX 3050 Ti Laptop GPU,610.47,P0,1635,6001,22.03,62
20261005T124546Z,2,512,127,bf16,after,triton,cuda_graph,3.2408617632787444,20,5,50,1,1,128,e6093007385fbfec41c730644131a7aa7ddbe199718163ff7b9b284dff9a9857,bc9c4c76b074bd70bf02cf4d5a0e4b68b93850493e2e52019fa17ae4bd4bdeff,b1faf4b871a960dd2e14f9bb24ce18129bf16767,True,2.8.0+cu128,12.8,3.4.0,Not Active,NVIDIA GeForce RTX 3050 Ti Laptop GPU,610.47,P0,1320,6001,18.80,61,Not Active,NVIDIA GeForce RTX 3050 Ti Laptop GPU,610.47,P0,1635,6001,22.03,62
20261005T124546Z,2,512,127,bf16,before,triton,cuda_graph,5.710769203093976,20,5,50,1,4,128,71611108dd2ffe2c896d2402e035fc1614d214c7b592a247071c3286b9bdc306,bc9c4c76b074bd70bf02cf4d5a0e4b68b93850493e2e52019fa17ae4bd4bdeff,b1faf4b871a960dd2e14f9bb24ce18129bf16767,True,2.8.0+cu128,12.8,3.4.0,Not Active,NVIDIA GeForce RTX 3050 Ti Laptop GPU,610.47,P0,1320,6001,18.80,61,Not Active,NVIDIA GeForce RTX 3050 Ti Laptop GPU,610.47,P0,1635,6001,22.03,62
20261005T124546Z,3,512,127,bf16,before,triton,cuda_graph,4.648120752696332,20,5,50,1,4,128,71611108dd2ffe2c896d2402e035fc1614d214c7b592a247071c3286b9bdc306,bc9c4c76b074bd70bf02cf4d5a0e4b68b93850493e2e52019fa17ae4bd4bdeff,b1faf4b871a960dd2e14f9bb24ce18129bf16767,True,2.8.0+cu128,12.8,3.4.0,Not Active,NVIDIA GeForce RTX 3050 Ti Laptop GPU,610.47,P0,1320,6001,18.80,61,Not Active,NVIDIA GeForce RTX 3050 Ti Laptop GPU,610.47,P0,1635,6001,22.03,62
20261005T124546Z,3,512,127,bf16,after,triton,cuda_graph,2.7674075078081204,20,5,50,1,1,128,e6093007385fbfec41c730644131a7aa7ddbe199718163ff7b9b284dff9a9857,bc9c4c76b074bd70bf02cf4d5a0e4b68b93850493e2e52019fa17ae4bd4bdeff,b1faf4b871a960dd2e14f9bb24ce18129bf16767,True,2.8.0+cu128,12.8,3.4.0,Not Active,NVIDIA GeForce RTX 3050 Ti Laptop GPU,610.47,P0,1320,6001,18.80,61,Not Active,NVIDIA GeForce RTX 3050 Ti Laptop GPU,610.47,P0,1635,6001,22.03,62
20261005T124546Z,4,512,127,bf16,after,triton,cuda_graph,2.652496510538562,20,5,50,1,1,128,e6093007385fbfec41c730644131a7aa7ddbe199718163ff7b9b284dff9a9857,bc9c4c76b074bd70bf02cf4d5a0e4b68b93850493e2e52019fa17ae4bd4bdeff,b1faf4b871a960dd2e14f9bb24ce18129bf16767,True,2.8.0+cu128,12.8,3.4.0,Not Active,NVIDIA GeForce RTX 3050 Ti Laptop GPU,610.47,P0,1320,6001,18.80,61,Not Active,NVIDIA GeForce RTX 3050 Ti Laptop GPU,610.47,P0,1635,6001,22.03,62
20261005T124546Z,4,512,127,bf16,before,triton,cuda_graph,4.651700887154407,20,5,50,1,4,128,71611108dd2ffe2c896d2402e035fc1614d214c7b592a247071c3286b9bdc306,bc9c4c76b074bd70bf02cf4d5a0e4b68b93850493e2e52019fa17ae4bd4bdeff,b1faf4b871a960dd2e14f9bb24ce18129bf16767,True,2.8.0+cu128,12.8,3.4.0,Not Active,NVIDIA GeForce RTX 3050 Ti Laptop GPU,610.47,P0,1320,6001,18.80,61,Not Active,NVIDIA GeForce RTX 3050 Ti Laptop GPU,610.47,P0,1635,6001,22.03,62
20261005T124546Z,5,512,127,bf16,before,triton,cuda_graph,4.643047494547708,20,5,50,1,4,128,71611108dd2ffe2c896d2402e035fc1614d214c7b592a247071c3286b9bdc306,bc9c4c76b074bd70bf02cf4d5a0e4b68b93850493e2e52019fa17ae4bd4bdeff,b1faf4b871a960dd2e14f9bb24ce18129bf16767,True,2.8.0+cu128,12.8,3.4.0,Not Active,NVIDIA GeForce RTX 3050 Ti Laptop GPU,610.47,P0,1320,6001,18.80,61,Not Active,NVIDIA GeForce RTX 3050 Ti Laptop GPU,610.47,P0,1635,6001,22.03,62
20261005T124546Z,5,512,127,bf16,after,triton,cuda_graph,2.6545763246325964,20,5,50,1,1,128,e6093007385fbfec41c730644131a7aa7ddbe199718163ff7b9b284dff9a9857,bc9c4c76b074bd70bf02cf4d5a0e4b68b93850493e2e52019fa17ae4bd4bdeff,b1faf4b871a960dd2e14f9bb24ce18129bf16767,True,2.8.0+cu128,12.8,3.4.0,Not Active,NVIDIA GeForce RTX 3050 Ti Laptop GPU,610.47,P0,1320,6001,18.80,61,Not Active,NVIDIA GeForce RTX 3050 Ti Laptop GPU,610.47,P0,1635,6001,22.03,62
20261005T124546Z,1,512,129,bf16,before,triton,cuda_graph,4.689186735226371,20,5,50,1,4,256,71611108dd2ffe2c896d2402e035fc1614d214c7b592a247071c3286b9bdc306,bc9c4c76b074bd70bf02cf4d5a0e4b68b93850493e2e52019fa17ae4bd4bdeff,b1faf4b871a960dd2e14f9bb24ce18129bf16767,True,2.8.0+cu128,12.8,3.4.0,Not Active,NVIDIA GeForce RTX 3050 Ti Laptop GPU,610.47,P0,1635,6001,22.19,62,Not Active,NVIDIA GeForce RTX 3050 Ti Laptop GPU,610.47,P0,1762,6001,25.78,63
20261005T124546Z,1,512,129,bf16,after,triton,cuda_graph,2.734442411270817,20,5,50,1,1,256,e6093007385fbfec41c730644131a7aa7ddbe199718163ff7b9b284dff9a9857,bc9c4c76b074bd70bf02cf4d5a0e4b68b93850493e2e52019fa17ae4bd4bdeff,b1faf4b871a960dd2e14f9bb24ce18129bf16767,True,2.8.0+cu128,12.8,3.4.0,Not Active,NVIDIA GeForce RTX 3050 Ti Laptop GPU,610.47,P0,1635,6001,22.19,62,Not Active,NVIDIA GeForce RTX 3050 Ti Laptop GPU,610.47,P0,1762,6001,25.78,63
20261005T124546Z,2,512,129,bf16,after,triton,cuda_graph,2.6947368778311436,20,5,50,1,1,256,e6093007385fbfec41c730644131a7aa7ddbe199718163ff7b9b284dff9a9857,bc9c4c76b074bd70bf02cf4d5a0e4b68b93850493e2e52019fa17ae4bd4bdeff,b1faf4b871a960dd2e14f9bb24ce18129bf16767,True,2.8.0+cu128,12.8,3.4.0,Not Active,NVIDIA GeForce RTX 3050 Ti Laptop GPU,610.47,P0,1635,6001,22.19,62,Not Active,NVIDIA GeForce RTX 3050 Ti Laptop GPU,610.47,P0,1762,6001,25.78,63
20261005T124546Z,2,512,129,bf16,before,triton,cuda_graph,4.377180435618416,20,5,50,1,4,256,71611108dd2ffe2c896d2402e035fc1614d214c7b592a247071c3286b9bdc306,bc9c4c76b074bd70bf02cf4d5a0e4b68b93850493e2e52019fa17ae4bd4bdeff,b1faf4b871a960dd2e14f9bb24ce18129bf16767,True,2.8.0+cu128,12.8,3.4.0,Not Active,NVIDIA GeForce RTX 3050 Ti Laptop GPU,610.47,P0,1635,6001,22.19,62,Not Active,NVIDIA GeForce RTX 3050 Ti Laptop GPU,610.47,P0,1762,6001,25.78,63
20261005T124546Z,3,512,129,bf16,before,triton,cuda_graph,4.359155866452656,20,5,50,1,4,256,71611108dd2ffe2c896d2402e035fc1614d214c7b592a247071c3286b9bdc306,bc9c4c76b074bd70bf02cf4d5a0e4b68b93850493e2e52019fa17ae4bd4bdeff,b1faf4b871a960dd2e14f9bb24ce18129bf16767,True,2.8.0+cu128,12.8,3.4.0,Not Active,NVIDIA GeForce RTX 3050 Ti Laptop GPU,610.47,P0,1635,6001,22.19,62,Not Active,NVIDIA GeForce RTX 3050 Ti Laptop GPU,610.47,P0,1762,6001,25.78,63
20261005T124546Z,3,512,129,bf16,after,triton,cuda_graph,2.7252693082670087,20,5,50,1,1,256,e6093007385fbfec41c730644131a7aa7ddbe199718163ff7b9b284dff9a9857,bc9c4c76b074bd70bf02cf4d5a0e4b68b93850493e2e52019fa17ae4bd4bdeff,b1faf4b871a960dd2e14f9bb24ce18129bf16767,True,2.8.0+cu128,12.8,3.4.0,Not Active,NVIDIA GeForce RTX 3050 Ti Laptop GPU,610.47,P0,1635,6001,22.19,62,Not Active,NVIDIA GeForce RTX 3050 Ti Laptop GPU,610.47,P0,1762,6001,25.78,63
20261005T124546Z,4,512,129,bf16,after,triton,cuda_graph,2.54033429603371,20,5,50,1,1,256,e6093007385fbfec41c730644131a7aa7ddbe199718163ff7b9b284dff9a9857,bc9c4c76b074bd70bf02cf4d5a0e4b68b93850493e2e52019fa17ae4bd4bdeff,b1faf4b871a960dd2e14f9bb24ce18129bf16767,True,2.8.0+cu128,12.8,3.4.0,Not Active,NVIDIA GeForce RTX 3050 Ti Laptop GPU,610.47,P0,1635,6001,22.19,62,Not Active,NVIDIA GeForce RTX 3050 Ti Laptop GPU,610.47,P0,1762,6001,25.78,63
20261005T124546Z,4,512,129,bf16,before,triton,cuda_graph,4.375437348625347,20,5,50,1,4,256,71611108dd2ffe2c896d2402e035fc1614d214c7b592a247071c3286b9bdc306,bc9c4c76b074bd70bf02cf4d5a0e4b68b93850493e2e52019fa17ae4bd4bdeff,b1faf4b871a960dd2e14f9bb24ce18129bf16767,True,2.8.0+cu128,12.8,3.4.0,Not Active,NVIDIA GeForce RTX 3050 Ti Laptop GPU,610.47,P0,1635,6001,22.19,62,Not Active,NVIDIA GeForce RTX 3050 Ti Laptop GPU,610.47,P0,1762,6001,25.78,63
20261005T124546Z,5,512,129,bf16,before,triton,cuda_graph,4.366678652258279,20,5,50,1,4,256,71611108dd2ffe2c896d2402e035fc1614d214c7b592a247071c3286b9bdc306,bc9c4c76b074bd70bf02cf4d5a0e4b68b93850493e2e52019fa17ae4bd4bdeff,b1faf4b871a960dd2e14f9bb24ce18129bf16767,True,2.8.0+cu128,12.8,3.4.0,Not Active,NVIDIA GeForce RTX 3050 Ti Laptop GPU,610.47,P0,1635,6001,22.19,62,Not Active,NVIDIA GeForce RTX 3050 Ti Laptop GPU,610.47,P0,1762,6001,25.78,63
20261005T124546Z,5,512,129,bf16,after,triton,cuda_graph,2.552979489848616,20,5,50,1,1,256,e6093007385fbfec41c730644131a7aa7ddbe199718163ff7b9b284dff9a9857,bc9c4c76b074bd70bf02cf4d5a0e4b68b93850493e2e52019fa17ae4bd4bdeff,b1faf4b871a960dd2e14f9bb24ce18129bf16767,True,2.8.0+cu128,12.8,3.4.0,Not Active,NVIDIA GeForce RTX 3050 Ti Laptop GPU,610.47,P0,1635,6001,22.19,62,Not Active,NVIDIA GeForce RTX 3050 Ti Laptop GPU,610.47,P0,1762,6001,25.78,63
20261005T124546Z,1,512,255,bf16,before,triton,cuda_graph,4.536332049459782,20,5,50,1,4,256,71611108dd2ffe2c896d2402e035fc1614d214c7b592a247071c3286b9bdc306,bc9c4c76b074bd70bf02cf4d5a0e4b68b93850493e2e52019fa17ae4bd4bdeff,b1faf4b871a960dd2e14f9bb24ce18129bf16767,True,2.8.0+cu128,12.8,3.4.0,Not Active,NVIDIA GeForce RTX 3050 Ti Laptop GPU,610.47,P0,1762,6001,25.21,63,Not Active,NVIDIA GeForce RTX 3050 Ti Laptop GPU,610.47,P0,1335,6001,25.06,62
20261005T124546Z,1,512,255,bf16,after,triton,cuda_graph,2.6473473100101246,20,5,50,1,1,256,e6093007385fbfec41c730644131a7aa7ddbe199718163ff7b9b284dff9a9857,bc9c4c76b074bd70bf02cf4d5a0e4b68b93850493e2e52019fa17ae4bd4bdeff,b1faf4b871a960dd2e14f9bb24ce18129bf16767,True,2.8.0+cu128,12.8,3.4.0,Not Active,NVIDIA GeForce RTX 3050 Ti Laptop GPU,610.47,P0,1762,6001,25.21,63,Not Active,NVIDIA GeForce RTX 3050 Ti Laptop GPU,610.47,P0,1335,6001,25.06,62
20261005T124546Z,2,512,255,bf16,after,triton,cuda_graph,2.813664529140938,20,5,50,1,1,256,e6093007385fbfec41c730644131a7aa7ddbe199718163ff7b9b284dff9a9857,bc9c4c76b074bd70bf02cf4d5a0e4b68b93850493e2e52019fa17ae4bd4bdeff,b1faf4b871a960dd2e14f9bb24ce18129bf16767,True,2.8.0+cu128,12.8,3.4.0,Not Active,NVIDIA GeForce RTX 3050 Ti Laptop GPU,610.47,P0,1762,6001,25.21,63,Not Active,NVIDIA GeForce RTX 3050 Ti Laptop GPU,610.47,P0,1335,6001,25.06,62
20261005T124546Z,2,512,255,bf16,before,triton,cuda_graph,4.509046194436667,20,5,50,1,4,256,71611108dd2ffe2c896d2402e035fc1614d214c7b592a247071c3286b9bdc306,bc9c4c76b074bd70bf02cf4d5a0e4b68b93850493e2e52019fa17ae4bd4bdeff,b1faf4b871a960dd2e14f9bb24ce18129bf16767,True,2.8.0+cu128,12.8,3.4.0,Not Active,NVIDIA GeForce RTX 3050 Ti Laptop GPU,610.47,P0,1762,6001,25.21,63,Not Active,NVIDIA GeForce RTX 3050 Ti Laptop GPU,610.47,P0,1335,6001,25.06,62
20261005T124546Z,3,512,255,bf16,before,triton,cuda_graph,4.5235704492639615,20,5,50,1,4,256,71611108dd2ffe2c896d2402e035fc1614d214c7b592a247071c3286b9bdc306,bc9c4c76b074bd70bf02cf4d5a0e4b68b93850493e2e52019fa17ae4bd4bdeff,b1faf4b871a960dd2e14f9bb24ce18129bf16767,True,2.8.0+cu128,12.8,3.4.0,Not Active,NVIDIA GeForce RTX 3050 Ti Laptop GPU,610.47,P0,1762,6001,25.21,63,Not Active,NVIDIA GeForce RTX 3050 Ti Laptop GPU,610.47,P0,1335,6001,25.06,62
20261005T124546Z,3,512,255,bf16,after,triton,cuda_graph,3.352094197473606,20,5,50,1,1,256,e6093007385fbfec41c730644131a7aa7ddbe199718163ff7b9b284dff9a9857,bc9c4c76b074bd70bf02cf4d5a0e4b68b93850493e2e52019fa17ae4bd4bdeff,b1faf4b871a960dd2e14f9bb24ce18129bf16767,True,2.8.0+cu128,12.8,3.4.0,Not Active,NVIDIA GeForce RTX 3050 Ti Laptop GPU,610.47,P0,1762,6001,25.21,63,Not Active,NVIDIA GeForce RTX 3050 Ti Laptop GPU,610.47,P0,1335,6001,25.06,62
20261005T124546Z,4,512,255,bf16,after,triton,cuda_graph,3.356121254689766,20,5,50,1,1,256,e6093007385fbfec41c730644131a7aa7ddbe199718163ff7b9b284dff9a9857,bc9c4c76b074bd70bf02cf4d5a0e4b68b93850493e2e52019fa17ae4bd4bdeff,b1faf4b871a960dd2e14f9bb24ce18129bf16767,True,2.8.0+cu128,12.8,3.4.0,Not Active,NVIDIA GeForce RTX 3050 Ti Laptop GPU,610.47,P0,1762,6001,25.21,63,Not Active,NVIDIA GeForce RTX 3050 Ti Laptop GPU,610.47,P0,1335,6001,25.06,62
20261005T124546Z,4,512,255,bf16,before,triton,cuda_graph,5.805170894631199,20,5,50,1,4,256,71611108dd2ffe2c896d2402e035fc1614d214c7b592a247071c3286b9bdc306,bc9c4c76b074bd70bf02cf4d5a0e4b68b93850493e2e52019fa17ae4bd4bdeff,b1faf4b871a960dd2e14f9bb24ce18129bf16767,True,2.8.0+cu128,12.8,3.4.0,Not Active,NVIDIA GeForce RTX 3050 Ti Laptop GPU,610.47,P0,1762,6001,25.21,63,Not Active,NVIDIA GeForce RTX 3050 Ti Laptop GPU,610.47,P0,1335,6001,25.06,62
20261005T124546Z,5,512,255,bf16,before,triton,cuda_graph,5.802314143535519,20,5,50,1,4,256,71611108dd2ffe2c896d2402e035fc1614d214c7b592a247071c3286b9bdc306,bc9c4c76b074bd70bf02cf4d5a0e4b68b93850493e2e52019fa17ae4bd4bdeff,b1faf4b871a960dd2e14f9bb24ce18129bf16767,True,2.8.0+cu128,12.8,3.4.0,Not Active,NVIDIA GeForce RTX 3050 Ti Laptop GPU,610.47,P0,1762,6001,25.21,63,Not Active,NVIDIA GeForce RTX 3050 Ti Laptop GPU,610.47,P0,1335,6001,25.06,62
20261005T124546Z,5,512,255,bf16,after,triton,cuda_graph,3.4582805116448085,20,5,50,1,1,256,e6093007385fbfec41c730644131a7aa7ddbe199718163ff7b9b284dff9a9857,bc9c4c76b074bd70bf02cf4d5a0e4b68b93850493e2e52019fa17ae4bd4bdeff,b1faf4b871a960dd2e14f9bb24ce18129bf16767,True,2.8.0+cu128,12.8,3.4.0,Not Active,NVIDIA GeForce RTX 3050 Ti Laptop GPU,610.47,P0,1762,6001,25.21,63,Not Active,NVIDIA GeForce RTX 3050 Ti Laptop GPU,610.47,P0,1335,6001,25.06,62
20261005T124546Z,1,512,256,bf16,before,triton,cuda_graph,5.88852793900008,20,5,50,1,4,256,71611108dd2ffe2c896d2402e035fc1614d214c7b592a247071c3286b9bdc306,bc9c4c76b074bd70bf02cf4d5a0e4b68b93850493e2e52019fa17ae4bd4bdeff,b1faf4b871a960dd2e14f9bb24ce18129bf16767,True,2.8.0+cu128,12.8,3.4.0,Not Active,NVIDIA GeForce RTX 3050 Ti Laptop GPU,610.47,P0,1335,6001,24.96,62,Not Active,NVIDIA GeForce RTX 3050 Ti Laptop GPU,610.47,P0,1335,6001,20.43,61
20261005T124546Z,1,512,256,bf16,after,triton,cuda_graph,3.7492603471834363,20,5,50,1,1,256,e6093007385fbfec41c730644131a7aa7ddbe199718163ff7b9b284dff9a9857,bc9c4c76b074bd70bf02cf4d5a0e4b68b93850493e2e52019fa17ae4bd4bdeff,b1faf4b871a960dd2e14f9bb24ce18129bf16767,True,2.8.0+cu128,12.8,3.4.0,Not Active,NVIDIA GeForce RTX 3050 Ti Laptop GPU,610.47,P0,1335,6001,24.96,62,Not Active,NVIDIA GeForce RTX 3050 Ti Laptop GPU,610.47,P0,1335,6001,20.43,61
20261005T124546Z,2,512,256,bf16,after,triton,cuda_graph,3.748289916826331,20,5,50,1,1,256,e6093007385fbfec41c730644131a7aa7ddbe199718163ff7b9b284dff9a9857,bc9c4c76b074bd70bf02cf4d5a0e4b68b93850493e2e52019fa17ae4bd4bdeff,b1faf4b871a960dd2e14f9bb24ce18129bf16767,True,2.8.0+cu128,12.8,3.4.0,Not Active,NVIDIA GeForce RTX 3050 Ti Laptop GPU,610.47,P0,1335,6001,24.96,62,Not Active,NVIDIA GeForce RTX 3050 Ti Laptop GPU,610.47,P0,1335,6001,20.43,61
20261005T124546Z,2,512,256,bf16,before,triton,cuda_graph,6.381697637426521,20,5,50,1,4,256,71611108dd2ffe2c896d2402e035fc1614d214c7b592a247071c3286b9bdc306,bc9c4c76b074bd70bf02cf4d5a0e4b68b93850493e2e52019fa17ae4bd4bdeff,b1faf4b871a960dd2e14f9bb24ce18129bf16767,True,2.8.0+cu128,12.8,3.4.0,Not Active,NVIDIA GeForce RTX 3050 Ti Laptop GPU,610.47,P0,1335,6001,24.96,62,Not Active,NVIDIA GeForce RTX 3050 Ti Laptop GPU,610.47,P0,1335,6001,20.43,61
20261005T124546Z,3,512,256,bf16,before,triton,cuda_graph,6.577032227669992,20,5,50,1,4,256,71611108dd2ffe2c896d2402e035fc1614d214c7b592a247071c3286b9bdc306,bc9c4c76b074bd70bf02cf4d5a0e4b68b93850493e2e52019fa17ae4bd4bdeff,b1faf4b871a960dd2e14f9bb24ce18129bf16767,True,2.8.0+cu128,12.8,3.4.0,Not Active,NVIDIA GeForce RTX 3050 Ti Laptop GPU,610.47,P0,1335,6001,24.96,62,Not Active,NVIDIA GeForce RTX 3050 Ti Laptop GPU,610.47,P0,1335,6001,20.43,61
20261005T124546Z,3,512,256,bf16,after,triton,cuda_graph,3.958277024788128,20,5,50,1,1,256,e6093007385fbfec41c730644131a7aa7ddbe199718163ff7b9b284dff9a9857,bc9c4c76b074bd70bf02cf4d5a0e4b68b93850493e2e52019fa17ae4bd4bdeff,b1faf4b871a960dd2e14f9bb24ce18129bf16767,True,2.8.0+cu128,12.8,3.4.0,Not Active,NVIDIA GeForce RTX 3050 Ti Laptop GPU,610.47,P0,1335,6001,24.96,62,Not Active,NVIDIA GeForce RTX 3050 Ti Laptop GPU,610.47,P0,1335,6001,20.43,61
20261005T124546Z,4,512,256,bf16,after,triton,cuda_graph,3.3838821020098213,20,5,50,1,1,256,e6093007385fbfec41c730644131a7aa7ddbe199718163ff7b9b284dff9a9857,bc9c4c76b074bd70bf02cf4d5a0e4b68b93850493e2e52019fa17ae4bd4bdeff,b1faf4b871a960dd2e14f9bb24ce18129bf16767,True,2.8.0+cu128,12.8,3.4.0,Not Active,NVIDIA GeForce RTX 3050 Ti Laptop GPU,610.47,P0,1335,6001,24.96,62,Not Active,NVIDIA GeForce RTX 3050 Ti Laptop GPU,610.47,P0,1335,6001,20.43,61
20261005T124546Z,4,512,256,bf16,before,triton,cuda_graph,5.6304701295981845,20,5,50,1,4,256,71611108dd2ffe2c896d2402e035fc1614d214c7b592a247071c3286b9bdc306,bc9c4c76b074bd70bf02cf4d5a0e4b68b93850493e2e52019fa17ae4bd4bdeff,b1faf4b871a960dd2e14f9bb24ce18129bf16767,True,2.8.0+cu128,12.8,3.4.0,Not Active,NVIDIA GeForce RTX 3050 Ti Laptop GPU,610.47,P0,1335,6001,24.96,62,Not Active,NVIDIA GeForce RTX 3050 Ti Laptop GPU,610.47,P0,1335,6001,20.43,61
20261005T124546Z,5,512,256,bf16,before,triton,cuda_graph,5.642389100421427,20,5,50,1,4,256,71611108dd2ffe2c896d2402e035fc1614d214c7b592a247071c3286b9bdc306,bc9c4c76b074bd70bf02cf4d5a0e4b68b93850493e2e52019fa17ae4bd4bdeff,b1faf4b871a960dd2e14f9bb24ce18129bf16767,True,2.8.0+cu128,12.8,3.4.0,Not Active,NVIDIA GeForce RTX 3050 Ti Laptop GPU,610.47,P0,1335,6001,24.96,62,Not Active,NVIDIA GeForce RTX 3050 Ti Laptop GPU,610.47,P0,1335,6001,20.43,61
20261005T124546Z,5,512,256,bf16,after,triton,cuda_graph,3.3877876854863023,20,5,50,1,1,256,e6093007385fbfec41c730644131a7aa7ddbe199718163ff7b9b284dff9a9857,bc9c4c76b074bd70bf02cf4d5a0e4b68b93850493e2e52019fa17ae4bd4bdeff,b1faf4b871a960dd2e14f9bb24ce18129bf16767,True,2.8.0+cu128,12.8,3.4.0,Not Active,NVIDIA GeForce RTX 3050 Ti Laptop GPU,610.47,P0,1335,6001,24.96,62,Not Active,NVIDIA GeForce RTX 3050 Ti Laptop GPU,610.47,P0,1335,6001,20.43,61
20261005T124546Z,1,512,257,bf16,before,triton,cuda_graph,6.133904255611796,20,5,50,1,4,512,71611108dd2ffe2c896d2402e035fc1614d214c7b592a247071c3286b9bdc306,bc9c4c76b074bd70bf02cf4d5a0e4b68b93850493e2e52019fa17ae4bd4bdeff,b1faf4b871a960dd2e14f9bb24ce18129bf16767,True,2.8.0+cu128,12.8,3.4.0,Not Active,NVIDIA GeForce RTX 3050 Ti Laptop GPU,610.47,P0,1335,6001,20.94,61,Not Active,NVIDIA GeForce RTX 3050 Ti Laptop GPU,610.47,P0,1860,6001,28.16,62
20261005T124546Z,1,512,257,bf16,after,triton,cuda_graph,6.090074320445538,20,5,50,1,4,512,e6093007385fbfec41c730644131a7aa7ddbe199718163ff7b9b284dff9a9857,bc9c4c76b074bd70bf02cf4d5a0e4b68b93850493e2e52019fa17ae4bd4bdeff,b1faf4b871a960dd2e14f9bb24ce18129bf16767,True,2.8.0+cu128,12.8,3.4.0,Not Active,NVIDIA GeForce RTX 3050 Ti Laptop GPU,610.47,P0,1335,6001,20.94,61,Not Active,NVIDIA GeForce RTX 3050 Ti Laptop GPU,610.47,P0,1860,6001,28.16,62
20261005T124546Z,2,512,257,bf16,after,triton,cuda_graph,5.8392953411721,20,5,50,1,4,512,e6093007385fbfec41c730644131a7aa7ddbe199718163ff7b9b284dff9a9857,bc9c4c76b074bd70bf02cf4d5a0e4b68b93850493e2e52019fa17ae4bd4bdeff,b1faf4b871a960dd2e14f9bb24ce18129bf16767,True,2.8.0+cu128,12.8,3.4.0,Not Active,NVIDIA GeForce RTX 3050 Ti Laptop GPU,610.47,P0,1335,6001,20.94,61,Not Active,NVIDIA GeForce RTX 3050 Ti Laptop GPU,610.47,P0,1860,6001,28.16,62
20261005T124546Z,2,512,257,bf16,before,triton,cuda_graph,5.8348769872960915,20,5,50,1,4,512,71611108dd2ffe2c896d2402e035fc1614d214c7b592a247071c3286b9bdc306,bc9c4c76b074bd70bf02cf4d5a0e4b68b93850493e2e52019fa17ae4bd4bdeff,b1faf4b871a960dd2e14f9bb24ce18129bf16767,True,2.8.0+cu128,12.8,3.4.0,Not Active,NVIDIA GeForce RTX 3050 Ti Laptop GPU,610.47,P0,1335,6001,20.94,61,Not Active,NVIDIA GeForce RTX 3050 Ti Laptop GPU,610.47,P0,1860,6001,28.16,62
20261005T124546Z,3,512,257,bf16,before,triton,cuda_graph,5.860700969994735,20,5,50,1,4,512,71611108dd2ffe2c896d2402e035fc1614d214c7b592a247071c3286b9bdc306,bc9c4c76b074bd70bf02cf4d5a0e4b68b93850493e2e52019fa17ae4bd4bdeff,b1faf4b871a960dd2e14f9bb24ce18129bf16767,True,2.8.0+cu128,12.8,3.4.0,Not Active,NVIDIA GeForce RTX 3050 Ti Laptop GPU,610.47,P0,1335,6001,20.94,61,Not Active,NVIDIA GeForce RTX 3050 Ti Laptop GPU,610.47,P0,1860,6001,28.16,62
20261005T124546Z,3,512,257,bf16,after,triton,cuda_graph,5.166128520654696,20,5,50,1,4,512,e6093007385fbfec41c730644131a7aa7ddbe199718163ff7b9b284dff9a9857,bc9c4c76b074bd70bf02cf4d5a0e4b68b93850493e2e52019fa17ae4bd4bdeff,b1faf4b871a960dd2e14f9bb24ce18129bf16767,True,2.8.0+cu128,12.8,3.4.0,Not Active,NVIDIA GeForce RTX 3050 Ti Laptop GPU,610.47,P0,1335,6001,20.94,61,Not Active,NVIDIA GeForce RTX 3050 Ti Laptop GPU,610.47,P0,1860,6001,28.16,62
20261005T124546Z,4,512,257,bf16,after,triton,cuda_graph,4.411468446624945,20,5,50,1,4,512,e6093007385fbfec41c730644131a7aa7ddbe199718163ff7b9b284dff9a9857,bc9c4c76b074bd70bf02cf4d5a0e4b68b93850493e2e52019fa17ae4bd4bdeff,b1faf4b871a960dd2e14f9bb24ce18129bf16767,True,2.8.0+cu128,12.8,3.4.0,Not Active,NVIDIA GeForce RTX 3050 Ti Laptop GPU,610.47,P0,1335,6001,20.94,61,Not Active,NVIDIA GeForce RTX 3050 Ti Laptop GPU,610.47,P0,1860,6001,28.16,62
20261005T124546Z,4,512,257,bf16,before,triton,cuda_graph,4.415825245872377,20,5,50,1,4,512,71611108dd2ffe2c896d2402e035fc1614d214c7b592a247071c3286b9bdc306,bc9c4c76b074bd70bf02cf4d5a0e4b68b93850493e2e52019fa17ae4bd4bdeff,b1faf4b871a960dd2e14f9bb24ce18129bf16767,True,2.8.0+cu128,12.8,3.4.0,Not Active,NVIDIA GeForce RTX 3050 Ti Laptop GPU,610.47,P0,1335,6001,20.94,61,Not Active,NVIDIA GeForce RTX 3050 Ti Laptop GPU,610.47,P0,1860,6001,28.16,62
20261005T124546Z,5,512,257,bf16,before,triton,cuda_graph,4.407075771772529,20,5,50,1,4,512,71611108dd2ffe2c896d2402e035fc1614d214c7b592a247071c3286b9bdc306,bc9c4c76b074bd70bf02cf4d5a0e4b68b93850493e2e52019fa17ae4bd4bdeff,b1faf4b871a960dd2e14f9bb24ce18129bf16767,True,2.8.0+cu128,12.8,3.4.0,Not Active,NVIDIA GeForce RTX 3050 Ti Laptop GPU,610.47,P0,1335,6001,20.94,61,Not Active,NVIDIA GeForce RTX 3050 Ti Laptop GPU,610.47,P0,1860,6001,28.16,62
20261005T124546Z,5,512,257,bf16,after,triton,cuda_graph,4.414270321528116,20,5,50,1,4,512,e6093007385fbfec41c730644131a7aa7ddbe199718163ff7b9b284dff9a9857,bc9c4c76b074bd70bf02cf4d5a0e4b68b93850493e2e52019fa17ae4bd4bdeff,b1faf4b871a960dd2e14f9bb24ce18129bf16767,True,2.8.0+cu128,12.8,3.4.0,Not Active,NVIDIA GeForce RTX 3050 Ti Laptop GPU,610.47,P0,1335,6001,20.94,61,Not Active,NVIDIA GeForce RTX 3050 Ti Laptop GPU,610.47,P0,1860,6001,28.16,62
20261005T124546Z,1,512,512,bf16,before,triton,cuda_graph,4.017802307888922,20,5,50,1,4,512,71611108dd2ffe2c896d2402e035fc1614d214c7b592a247071c3286b9bdc306,bc9c4c76b074bd70bf02cf4d5a0e4b68b93850493e2e52019fa17ae4bd4bdeff,b1faf4b871a960dd2e14f9bb24ce18129bf16767,True,2.8.0+cu128,12.8,3.4.0,Not Active,NVIDIA GeForce RTX 3050 Ti Laptop GPU,610.47,P0,1860,6001,29.83,62,Not Active,NVIDIA GeForce RTX 3050 Ti Laptop GPU,610.47,P0,1950,6001,42.68,64
20261005T124546Z,1,512,512,bf16,after,triton,cuda_graph,4.026986047419535,20,5,50,1,4,512,e6093007385fbfec41c730644131a7aa7ddbe199718163ff7b9b284dff9a9857,bc9c4c76b074bd70bf02cf4d5a0e4b68b93850493e2e52019fa17ae4bd4bdeff,b1faf4b871a960dd2e14f9bb24ce18129bf16767,True,2.8.0+cu128,12.8,3.4.0,Not Active,NVIDIA GeForce RTX 3050 Ti Laptop GPU,610.47,P0,1860,6001,29.83,62,Not Active,NVIDIA GeForce RTX 3050 Ti Laptop GPU,610.47,P0,1950,6001,42.68,64
20261005T124546Z,2,512,512,bf16,after,triton,cuda_graph,4.0141085424409955,20,5,50,1,4,512,e6093007385fbfec41c730644131a7aa7ddbe199718163ff7b9b284dff9a9857,bc9c4c76b074bd70bf02cf4d5a0e4b68b93850493e2e52019fa17ae4bd4bdeff,b1faf4b871a960dd2e14f9bb24ce18129bf16767,True,2.8.0+cu128,12.8,3.4.0,Not Active,NVIDIA GeForce RTX 3050 Ti Laptop GPU,610.47,P0,1860,6001,29.83,62,Not Active,NVIDIA GeForce RTX 3050 Ti Laptop GPU,610.47,P0,1950,6001,42.68,64
20261005T124546Z,2,512,512,bf16,before,triton,cuda_graph,4.03954014252313,20,5,50,1,4,512,71611108dd2ffe2c896d2402e035fc1614d214c7b592a247071c3286b9bdc306,bc9c4c76b074bd70bf02cf4d5a0e4b68b93850493e2e52019fa17ae4bd4bdeff,b1faf4b871a960dd2e14f9bb24ce18129bf16767,True,2.8.0+cu128,12.8,3.4.0,Not Active,NVIDIA GeForce RTX 3050 Ti Laptop GPU,610.47,P0,1860,6001,29.83,62,Not Active,NVIDIA GeForce RTX 3050 Ti Laptop GPU,610.47,P0,1950,6001,42.68,64
20261005T124546Z,3,512,512,bf16,before,triton,cuda_graph,4.023099218616049,20,5,50,1,4,512,71611108dd2ffe2c896d2402e035fc1614d214c7b592a247071c3286b9bdc306,bc9c4c76b074bd70bf02cf4d5a0e4b68b93850493e2e52019fa17ae4bd4bdeff,b1faf4b871a960dd2e14f9bb24ce18129bf16767,True,2.8.0+cu128,12.8,3.4.0,Not Active,NVIDIA GeForce RTX 3050 Ti Laptop GPU,610.47,P0,1860,6001,29.83,62,Not Active,NVIDIA GeForce RTX 3050 Ti Laptop GPU,610.47,P0,1950,6001,42.68,64
20261005T124546Z,3,512,512,bf16,after,triton,cuda_graph,4.018218292247581,20,5,50,1,4,512,e6093007385fbfec41c730644131a7aa7ddbe199718163ff7b9b284dff9a9857,bc9c4c76b074bd70bf02cf4d5a0e4b68b93850493e2e52019fa17ae4bd4bdeff,b1faf4b871a960dd2e14f9bb24ce18129bf16767,True,2.8.0+cu128,12.8,3.4.0,Not Active,NVIDIA GeForce RTX 3050 Ti Laptop GPU,610.47,P0,1860,6001,29.83,62,Not Active,NVIDIA GeForce RTX 3050 Ti Laptop GPU,610.47,P0,1950,6001,42.68,64
20261005T124546Z,4,512,512,bf16,after,triton,cuda_graph,4.0174599990104,20,5,50,1,4,512,e6093007385fbfec41c730644131a7aa7ddbe199718163ff7b9b284dff9a9857,bc9c4c76b074bd70bf02cf4d5a0e4b68b93850493e2e52019fa17ae4bd4bdeff,b1faf4b871a960dd2e14f9bb24ce18129bf16767,True,2.8.0+cu128,12.8,3.4.0,Not Active,NVIDIA GeForce RTX 3050 Ti Laptop GPU,610.47,P0,1860,6001,29.83,62,Not Active,NVIDIA GeForce RTX 3050 Ti Laptop GPU,610.47,P0,1950,6001,42.68,64
20261005T124546Z,4,512,512,bf16,before,triton,cuda_graph,4.019114676784223,20,5,50,1,4,512,71611108dd2ffe2c896d2402e035fc1614d214c7b592a247071c3286b9bdc306,bc9c4c76b074bd70bf02cf4d5a0e4b68b93850493e2e52019fa17ae4bd4bdeff,b1faf4b871a960dd2e14f9bb24ce18129bf16767,True,2.8.0+cu128,12.8,3.4.0,Not Active,NVIDIA GeForce RTX 3050 Ti Laptop GPU,610.47,P0,1860,6001,29.83,62,Not Active,NVIDIA GeForce RTX 3050 Ti Laptop GPU,610.47,P0,1950,6001,42.68,64
20261005T124546Z,5,512,512,bf16,before,triton,cuda_graph,4.013165373404239,20,5,50,1,4,512,71611108dd2ffe2c896d2402e035fc1614d214c7b592a247071c3286b9bdc306,bc9c4c76b074bd70bf02cf4d5a0e4b68b93850493e2e52019fa17ae4bd4bdeff,b1faf4b871a960dd2e14f9bb24ce18129bf16767,True,2.8.0+cu128,12.8,3.4.0,Not Active,NVIDIA GeForce RTX 3050 Ti Laptop GPU,610.47,P0,1860,6001,29.83,62,Not Active,NVIDIA GeForce RTX 3050 Ti Laptop GPU,610.47,P0,1950,6001,42.68,64
20261005T124546Z,5,512,512,bf16,after,triton,cuda_graph,4.029845410417273,20,5,50,1,4,512,e6093007385fbfec41c730644131a7aa7ddbe199718163ff7b9b284dff9a9857,bc9c4c76b074bd70bf02cf4d5a0e4b68b93850493e2e52019fa17ae4bd4bdeff,b1faf4b871a960dd2e14f9bb24ce18129bf16767,True,2.8.0+cu128,12.8,3.4.0,Not Active,NVIDIA GeForce RTX 3050 Ti Laptop GPU,610.47,P0,1860,6001,29.83,62,Not Active,NVIDIA GeForce RTX 3050 Ti Laptop GPU,610.47,P0,1950,6001,42.68,64
20261005T124546Z,1,512,513,bf16,before,triton,cuda_graph,4.7564781878305515,20,5,50,1,4,1024,71611108dd2ffe2c896d2402e035fc1614d214c7b592a247071c3286b9bdc306,bc9c4c76b074bd70bf02cf4d5a0e4b68b93850493e2e52019fa17ae4bd4bdeff,b1faf4b871a960dd2e14f9bb24ce18129bf16767,True,2.8.0+cu128,12.8,3.4.0,Not Active,NVIDIA GeForce RTX 3050 Ti Laptop GPU,610.47,P0,1950,6001,42.68,64,Not Active,NVIDIA GeForce RTX 3050 Ti Laptop GPU,610.47,P0,1717,6001,33.92,64
20261005T124546Z,1,512,513,bf16,after,triton,cuda_graph,5.454127923662091,20,5,50,1,4,1024,e6093007385fbfec41c730644131a7aa7ddbe199718163ff7b9b284dff9a9857,bc9c4c76b074bd70bf02cf4d5a0e4b68b93850493e2e52019fa17ae4bd4bdeff,b1faf4b871a960dd2e14f9bb24ce18129bf16767,True,2.8.0+cu128,12.8,3.4.0,Not Active,NVIDIA GeForce RTX 3050 Ti Laptop GPU,610.47,P0,1950,6001,42.68,64,Not Active,NVIDIA GeForce RTX 3050 Ti Laptop GPU,610.47,P0,1717,6001,33.92,64
20261005T124546Z,2,512,513,bf16,after,triton,cuda_graph,5.435693245351967,20,5,50,1,4,1024,e6093007385fbfec41c730644131a7aa7ddbe199718163ff7b9b284dff9a9857,bc9c4c76b074bd70bf02cf4d5a0e4b68b93850493e2e52019fa17ae4bd4bdeff,b1faf4b871a960dd2e14f9bb24ce18129bf16767,True,2.8.0+cu128,12.8,3.4.0,Not Active,NVIDIA GeForce RTX 3050 Ti Laptop GPU,610.47,P0,1950,6001,42.68,64,Not Active,NVIDIA GeForce RTX 3050 Ti Laptop GPU,610.47,P0,1717,6001,33.92,64
20261005T124546Z,2,512,513,bf16,before,triton,cuda_graph,5.469198325811993,20,5,50,1,4,1024,71611108dd2ffe2c896d2402e035fc1614d214c7b592a247071c3286b9bdc306,bc9c4c76b074bd70bf02cf4d5a0e4b68b93850493e2e52019fa17ae4bd4bdeff,b1faf4b871a960dd2e14f9bb24ce18129bf16767,True,2.8.0+cu128,12.8,3.4.0,Not Active,NVIDIA GeForce RTX 3050 Ti Laptop GPU,610.47,P0,1950,6001,42.68,64,Not Active,NVIDIA GeForce RTX 3050 Ti Laptop GPU,610.47,P0,1717,6001,33.92,64
20261005T124546Z,3,512,513,bf16,before,triton,cuda_graph,5.37770668665568,20,5,50,1,4,1024,71611108dd2ffe2c896d2402e035fc1614d214c7b592a247071c3286b9bdc306,bc9c4c76b074bd70bf02cf4d5a0e4b68b93850493e2e52019fa17ae4bd4bdeff,b1faf4b871a960dd2e14f9bb24ce18129bf16767,True,2.8.0+cu128,12.8,3.4.0,Not Active,NVIDIA GeForce RTX 3050 Ti Laptop GPU,610.47,P0,1950,6001,42.68,64,Not Active,NVIDIA GeForce RTX 3050 Ti Laptop GPU,610.47,P0,1717,6001,33.92,64
20261005T124546Z,3,512,513,bf16,after,triton,cuda_graph,5.37839253372121,20,5,50,1,4,1024,e6093007385fbfec41c730644131a7aa7ddbe199718163ff7b9b284dff9a9857,bc9c4c76b074bd70bf02cf4d5a0e4b68b93850493e2e52019fa17ae4bd4bdeff,b1faf4b871a960dd2e14f9bb24ce18129bf16767,True,2.8.0+cu128,12.8,3.4.0,Not Active,NVIDIA GeForce RTX 3050 Ti Laptop GPU,610.47,P0,1950,6001,42.68,64,Not Active,NVIDIA GeForce RTX 3050 Ti Laptop GPU,610.47,P0,1717,6001,33.92,64
20261005T124546Z,4,512,513,bf16,after,triton,cuda_graph,5.3777535484261705,20,5,50,1,4,1024,e6093007385fbfec41c730644131a7aa7ddbe199718163ff7b9b284dff9a9857,bc9c4c76b074bd70bf02cf4d5a0e4b68b93850493e2e52019fa17ae4bd4bdeff,b1faf4b871a960dd2e14f9bb24ce18129bf16767,True,2.8.0+cu128,12.8,3.4.0,Not Active,NVIDIA GeForce RTX 3050 Ti Laptop GPU,610.47,P0,1950,6001,42.68,64,Not Active,NVIDIA GeForce RTX 3050 Ti Laptop GPU,610.47,P0,1717,6001,33.92,64
20261005T124546Z,4,512,513,bf16,before,triton,cuda_graph,5.37121513305486,20,5,50,1,4,1024,71611108dd2ffe2c896d2402e035fc1614d214c7b592a247071c3286b9bdc306,bc9c4c76b074bd70bf02cf4d5a0e4b68b93850493e2e52019fa17ae4bd4bdeff,b1faf4b871a960dd2e14f9bb24ce18129bf16767,True,2.8.0+cu128,12.8,3.4.0,Not Active,NVIDIA GeForce RTX 3050 Ti Laptop GPU,610.47,P0,1950,6001,42.68,64,Not Active,NVIDIA GeForce RTX 3050 Ti Laptop GPU,610.47,P0,1717,6001,33.92,64
20261005T124546Z,5,512,513,bf16,before,triton,cuda_graph,5.372663874091737,20,5,50,1,4,1024,71611108dd2ffe2c896d2402e035fc1614d214c7b592a247071c3286b9bdc306,bc9c4c76b074bd70bf02cf4d5a0e4b68b93850493e2e52019fa17ae4bd4bdeff,b1faf4b871a960dd2e14f9bb24ce18129bf16767,True,2.8.0+cu128,12.8,3.4.0,Not Active,NVIDIA GeForce RTX 3050 Ti Laptop GPU,610.47,P0,1950,6001,42.68,64,Not Active,NVIDIA GeForce RTX 3050 Ti Laptop GPU,610.47,P0,1717,6001,33.92,64
20261005T124546Z,5,512,513,bf16,after,triton,cuda_graph,5.3751049959152875,20,5,50,1,4,1024,e6093007385fbfec41c730644131a7aa7ddbe199718163ff7b9b284dff9a9857,bc9c4c76b074bd70bf02cf4d5a0e4b68b93850493e2e52019fa17ae4bd4bdeff,b1faf4b871a960dd2e14f9bb24ce18129bf16767,True,2.8.0+cu128,12.8,3.4.0,Not Active,NVIDIA GeForce RTX 3050 Ti Laptop GPU,610.47,P0,1950,6001,42.68,64,Not Active,NVIDIA GeForce RTX 3050 Ti Laptop GPU,610.47,P0,1717,6001,33.92,64
20261005T124546Z,1,128,128,fp16,before,triton,cuda_graph,2.0750328205088278,20,5,50,1,4,128,71611108dd2ffe2c896d2402e035fc1614d214c7b592a247071c3286b9bdc306,bc9c4c76b074bd70bf02cf4d5a0e4b68b93850493e2e52019fa17ae4bd4bdeff,b1faf4b871a960dd2e14f9bb24ce18129bf16767,True,2.8.0+cu128,12.8,3.4.0,Not Active,NVIDIA GeForce RTX 3050 Ti Laptop GPU,610.47,P0,1717,6001,32.11,64,Not Active,NVIDIA GeForce RTX 3050 Ti Laptop GPU,610.47,P0,1852,6001,23.44,63
20261005T124546Z,1,128,128,fp16,after,triton,cuda_graph,1.4016580396365625,20,5,50,1,1,128,e6093007385fbfec41c730644131a7aa7ddbe199718163ff7b9b284dff9a9857,bc9c4c76b074bd70bf02cf4d5a0e4b68b93850493e2e52019fa17ae4bd4bdeff,b1faf4b871a960dd2e14f9bb24ce18129bf16767,True,2.8.0+cu128,12.8,3.4.0,Not Active,NVIDIA GeForce RTX 3050 Ti Laptop GPU,610.47,P0,1717,6001,32.11,64,Not Active,NVIDIA GeForce RTX 3050 Ti Laptop GPU,610.47,P0,1852,6001,23.44,63
20261005T124546Z,2,128,128,fp16,after,triton,cuda_graph,1.3874037244595285,20,5,50,1,1,128,e6093007385fbfec41c730644131a7aa7ddbe199718163ff7b9b284dff9a9857,bc9c4c76b074bd70bf02cf4d5a0e4b68b93850493e2e52019fa17ae4bd4bdeff,b1faf4b871a960dd2e14f9bb24ce18129bf16767,True,2.8.0+cu128,12.8,3.4.0,Not Active,NVIDIA GeForce RTX 3050 Ti Laptop GPU,610.47,P0,1717,6001,32.11,64,Not Active,NVIDIA GeForce RTX 3050 Ti Laptop GPU,610.47,P0,1852,6001,23.44,63
20261005T124546Z,2,128,128,fp16,before,triton,cuda_graph,1.7964047394533937,20,5,50,1,4,128,71611108dd2ffe2c896d2402e035fc1614d214c7b592a247071c3286b9bdc306,bc9c4c76b074bd70bf02cf4d5a0e4b68b93850493e2e52019fa17ae4bd4bdeff,b1faf4b871a960dd2e14f9bb24ce18129bf16767,True,2.8.0+cu128,12.8,3.4.0,Not Active,NVIDIA GeForce RTX 3050 Ti Laptop GPU,610.47,P0,1717,6001,32.11,64,Not Active,NVIDIA GeForce RTX 3050 Ti Laptop GPU,610.47,P0,1852,6001,23.44,63
20261005T124546Z,3,128,128,fp16,before,triton,cuda_graph,1.7951937317262123,20,5,50,1,4,128,71611108dd2ffe2c896d2402e035fc1614d214c7b592a247071c3286b9bdc306,bc9c4c76b074bd70bf02cf4d5a0e4b68b93850493e2e52019fa17ae4bd4bdeff,b1faf4b871a960dd2e14f9bb24ce18129bf16767,True,2.8.0+cu128,12.8,3.4.0,Not Active,NVIDIA GeForce RTX 3050 Ti Laptop GPU,610.47,P0,1717,6001,32.11,64,Not Active,NVIDIA GeForce RTX 3050 Ti Laptop GPU,610.47,P0,1852,6001,23.44,63
20261005T124546Z,3,128,128,fp16,after,triton,cuda_graph,1.3780083865800163,20,5,50,1,1,128,e6093007385fbfec41c730644131a7aa7ddbe199718163ff7b9b284dff9a9857,bc9c4c76b074bd70bf02cf4d5a0e4b68b93850493e2e52019fa17ae4bd4bdeff,b1faf4b871a960dd2e14f9bb24ce18129bf16767,True,2.8.0+cu128,12.8,3.4.0,Not Active,NVIDIA GeForce RTX 3050 Ti Laptop GPU,610.47,P0,1717,6001,32.11,64,Not Active,NVIDIA GeForce RTX 3050 Ti Laptop GPU,610.47,P0,1852,6001,23.44,63
20261005T124546Z,4,128,128,fp16,after,triton,cuda_graph,1.4396939470208032,20,5,50,1,1,128,e6093007385fbfec41c730644131a7aa7ddbe199718163ff7b9b284dff9a9857,bc9c4c76b074bd70bf02cf4d5a0e4b68b93850493e2e52019fa17ae4bd4bdeff,b1faf4b871a960dd2e14f9bb24ce18129bf16767,True,2.8.0+cu128,12.8,3.4.0,Not Active,NVIDIA GeForce RTX 3050 Ti Laptop GPU,610.47,P0,1717,6001,32.11,64,Not Active,NVIDIA GeForce RTX 3050 Ti Laptop GPU,610.47,P0,1852,6001,23.44,63
20261005T124546Z,4,128,128,fp16,before,triton,cuda_graph,1.7940295979847036,20,5,50,1,4,128,71611108dd2ffe2c896d2402e035fc1614d214c7b592a247071c3286b9bdc306,bc9c4c76b074bd70bf02cf4d5a0e4b68b93850493e2e52019fa17ae4bd4bdeff,b1faf4b871a960dd2e14f9bb24ce18129bf16767,True,2.8.0+cu128,12.8,3.4.0,Not Active,NVIDIA GeForce RTX 3050 Ti Laptop GPU,610.47,P0,1717,6001,32.11,64,Not Active,NVIDIA GeForce RTX 3050 Ti Laptop GPU,610.47,P0,1852,6001,23.44,63
20261005T124546Z,5,128,128,fp16,before,triton,cuda_graph,1.7899796954674272,20,5,50,1,4,128,71611108dd2ffe2c896d2402e035fc1614d214c7b592a247071c3286b9bdc306,bc9c4c76b074bd70bf02cf4d5a0e4b68b93850493e2e52019fa17ae4bd4bdeff,b1faf4b871a960dd2e14f9bb24ce18129bf16767,True,2.8.0+cu128,12.8,3.4.0,Not Active,NVIDIA GeForce RTX 3050 Ti Laptop GPU,610.47,P0,1717,6001,32.11,64,Not Active,NVIDIA GeForce RTX 3050 Ti Laptop GPU,610.47,P0,1852,6001,23.44,63
20261005T124546Z,5,128,128,fp16,after,triton,cuda_graph,2.6007794416867767,20,5,50,1,1,128,e6093007385fbfec41c730644131a7aa7ddbe199718163ff7b9b284dff9a9857,bc9c4c76b074bd70bf02cf4d5a0e4b68b93850493e2e52019fa17ae4bd4bdeff,b1faf4b871a960dd2e14f9bb24ce18129bf16767,True,2.8.0+cu128,12.8,3.4.0,Not Active,NVIDIA GeForce RTX 3050 Ti Laptop GPU,610.47,P0,1717,6001,32.11,64,Not Active,NVIDIA GeForce RTX 3050 Ti Laptop GPU,610.47,P0,1852,6001,23.44,63
20261005T124546Z,1,128,256,fp16,before,triton,cuda_graph,1.8235555746489103,20,5,50,1,4,256,71611108dd2ffe2c896d2402e035fc1614d214c7b592a247071c3286b9bdc306,bc9c4c76b074bd70bf02cf4d5a0e4b68b93850493e2e52019fa17ae4bd4bdeff,b1faf4b871a960dd2e14f9bb24ce18129bf16767,True,2.8.0+cu128,12.8,3.4.0,Not Active,NVIDIA GeForce RTX 3050 Ti Laptop GPU,610.47,P0,1852,6001,23.49,63,Not Active,NVIDIA GeForce RTX 3050 Ti Laptop GPU,610.47,P0,885,5501,17.12,61
20261005T124546Z,1,128,256,fp16,after,triton,cuda_graph,2.529440406215848,20,5,50,1,1,256,e6093007385fbfec41c730644131a7aa7ddbe199718163ff7b9b284dff9a9857,bc9c4c76b074bd70bf02cf4d5a0e4b68b93850493e2e52019fa17ae4bd4bdeff,b1faf4b871a960dd2e14f9bb24ce18129bf16767,True,2.8.0+cu128,12.8,3.4.0,Not Active,NVIDIA GeForce RTX 3050 Ti Laptop GPU,610.47,P0,1852,6001,23.49,63,Not Active,NVIDIA GeForce RTX 3050 Ti Laptop GPU,610.47,P0,885,5501,17.12,61
20261005T124546Z,2,128,256,fp16,after,triton,cuda_graph,2.470668459001094,20,5,50,1,1,256,e6093007385fbfec41c730644131a7aa7ddbe199718163ff7b9b284dff9a9857,bc9c4c76b074bd70bf02cf4d5a0e4b68b93850493e2e52019fa17ae4bd4bdeff,b1faf4b871a960dd2e14f9bb24ce18129bf16767,True,2.8.0+cu128,12.8,3.4.0,Not Active,NVIDIA GeForce RTX 3050 Ti Laptop GPU,610.47,P0,1852,6001,23.49,63,Not Active,NVIDIA GeForce RTX 3050 Ti Laptop GPU,610.47,P0,885,5501,17.12,61
20261005T124546Z,2,128,256,fp16,before,triton,cuda_graph,3.202557319500407,20,5,50,1,4,256,71611108dd2ffe2c896d2402e035fc1614d214c7b592a247071c3286b9bdc306,bc9c4c76b074bd70bf02cf4d5a0e4b68b93850493e2e52019fa17ae4bd4bdeff,b1faf4b871a960dd2e14f9bb24ce18129bf16767,True,2.8.0+cu128,12.8,3.4.0,Not Active,NVIDIA GeForce RTX 3050 Ti Laptop GPU,610.47,P0,1852,6001,23.49,63,Not Active,NVIDIA GeForce RTX 3050 Ti Laptop GPU,610.47,P0,885,5501,17.12,61
20261005T124546Z,3,128,256,fp16,before,triton,cuda_graph,3.3088428120948,20,5,50,1,4,256,71611108dd2ffe2c896d2402e035fc1614d214c7b592a247071c3286b9bdc306,bc9c4c76b074bd70bf02cf4d5a0e4b68b93850493e2e52019fa17ae4bd4bdeff,b1faf4b871a960dd2e14f9bb24ce18129bf16767,True,2.8.0+cu128,12.8,3.4.0,Not Active,NVIDIA GeForce RTX 3050 Ti Laptop GPU,610.47,P0,1852,6001,23.49,63,Not Active,NVIDIA GeForce RTX 3050 Ti Laptop GPU,610.47,P0,885,5501,17.12,61
20261005T124546Z,3,128,256,fp16,after,triton,cuda_graph,2.7168605495853386,20,5,50,1,1,256,e6093007385fbfec41c730644131a7aa7ddbe199718163ff7b9b284dff9a9857,bc9c4c76b074bd70bf02cf4d5a0e4b68b93850493e2e52019fa17ae4bd4bdeff,b1faf4b871a960dd2e14f9bb24ce18129bf16767,True,2.8.0+cu128,12.8,3.4.0,Not Active,NVIDIA GeForce RTX 3050 Ti Laptop GPU,610.47,P0,1852,6001,23.49,63,Not Active,NVIDIA GeForce RTX 3050 Ti Laptop GPU,610.47,P0,885,5501,17.12,61
20261005T124546Z,4,128,256,fp16,after,triton,cuda_graph,2.7964060596142355,20,5,50,1,1,256,e6093007385fbfec41c730644131a7aa7ddbe199718163ff7b9b284dff9a9857,bc9c4c76b074bd70bf02cf4d5a0e4b68b93850493e2e52019fa17ae4bd4bdeff,b1faf4b871a960dd2e14f9bb24ce18129bf16767,True,2.8.0+cu128,12.8,3.4.0,Not Active,NVIDIA GeForce RTX 3050 Ti Laptop GPU,610.47,P0,1852,6001,23.49,63,Not Active,NVIDIA GeForce RTX 3050 Ti Laptop GPU,610.47,P0,885,5501,17.12,61
20261005T124546Z,4,128,256,fp16,before,triton,cuda_graph,3.574153806409265,20,5,50,1,4,256,71611108dd2ffe2c896d2402e035fc1614d214c7b592a247071c3286b9bdc306,bc9c4c76b074bd70bf02cf4d5a0e4b68b93850493e2e52019fa17ae4bd4bdeff,b1faf4b871a960dd2e14f9bb24ce18129bf16767,True,2.8.0+cu128,12.8,3.4.0,Not Active,NVIDIA GeForce RTX 3050 Ti Laptop GPU,610.47,P0,1852,6001,23.49,63,Not Active,NVIDIA GeForce RTX 3050 Ti Laptop GPU,610.47,P0,885,5501,17.12,61
20261005T124546Z,5,128,256,fp16,before,triton,cuda_graph,3.7047293461078796,20,5,50,1,4,256,71611108dd2ffe2c896d2402e035fc1614d214c7b592a247071c3286b9bdc306,bc9c4c76b074bd70bf02cf4d5a0e4b68b93850493e2e52019fa17ae4bd4bdeff,b1faf4b871a960dd2e14f9bb24ce18129bf16767,True,2.8.0+cu128,12.8,3.4.0,Not Active,NVIDIA GeForce RTX 3050 Ti Laptop GPU,610.47,P0,1852,6001,23.49,63,Not Active,NVIDIA GeForce RTX 3050 Ti Laptop GPU,610.47,P0,885,5501,17.12,61
20261005T124546Z,5,128,256,fp16,after,triton,cuda_graph,2.927086034191031,20,5,50,1,1,256,e6093007385fbfec41c730644131a7aa7ddbe199718163ff7b9b284dff9a9857,bc9c4c76b074bd70bf02cf4d5a0e4b68b93850493e2e52019fa17ae4bd4bdeff,b1faf4b871a960dd2e14f9bb24ce18129bf16767,True,2.8.0+cu128,12.8,3.4.0,Not Active,NVIDIA GeForce RTX 3050 Ti Laptop GPU,610.47,P0,1852,6001,23.49,63,Not Active,NVIDIA GeForce RTX 3050 Ti Laptop GPU,610.47,P0,885,5501,17.12,61
20261005T124546Z,1,512,128,fp16,before,triton,cuda_graph,7.9522386415680835,20,5,50,1,4,128,71611108dd2ffe2c896d2402e035fc1614d214c7b592a247071c3286b9bdc306,bc9c4c76b074bd70bf02cf4d5a0e4b68b93850493e2e52019fa17ae4bd4bdeff,b1faf4b871a960dd2e14f9bb24ce18129bf16767,True,2.8.0+cu128,12.8,3.4.0,Not Active,NVIDIA GeForce RTX 3050 Ti Laptop GPU,610.47,P0,885,5501,16.33,61,Not Active,NVIDIA GeForce RTX 3050 Ti Laptop GPU,610.47,P0,1402,6001,20.46,61
20261005T124546Z,1,512,128,fp16,after,triton,cuda_graph,4.48060583794254,20,5,50,1,1,128,e6093007385fbfec41c730644131a7aa7ddbe199718163ff7b9b284dff9a9857,bc9c4c76b074bd70bf02cf4d5a0e4b68b93850493e2e52019fa17ae4bd4bdeff,b1faf4b871a960dd2e14f9bb24ce18129bf16767,True,2.8.0+cu128,12.8,3.4.0,Not Active,NVIDIA GeForce RTX 3050 Ti Laptop GPU,610.47,P0,885,5501,16.33,61,Not Active,NVIDIA GeForce RTX 3050 Ti Laptop GPU,610.47,P0,1402,6001,20.46,61
20261005T124546Z,2,512,128,fp16,after,triton,cuda_graph,4.476768762162588,20,5,50,1,1,128,e6093007385fbfec41c730644131a7aa7ddbe199718163ff7b9b284dff9a9857,bc9c4c76b074bd70bf02cf4d5a0e4b68b93850493e2e52019fa17ae4bd4bdeff,b1faf4b871a960dd2e14f9bb24ce18129bf16767,True,2.8.0+cu128,12.8,3.4.0,Not Active,NVIDIA GeForce RTX 3050 Ti Laptop GPU,610.47,P0,885,5501,16.33,61,Not Active,NVIDIA GeForce RTX 3050 Ti Laptop GPU,610.47,P0,1402,6001,20.46,61
20261005T124546Z,2,512,128,fp16,before,triton,cuda_graph,7.949919021301899,20,5,50,1,4,128,71611108dd2ffe2c896d2402e035fc1614d214c7b592a247071c3286b9bdc306,bc9c4c76b074bd70bf02cf4d5a0e4b68b93850493e2e52019fa17ae4bd4bdeff,b1faf4b871a960dd2e14f9bb24ce18129bf16767,True,2.8.0+cu128,12.8,3.4.0,Not Active,NVIDIA GeForce RTX 3050 Ti Laptop GPU,610.47,P0,885,5501,16.33,61,Not Active,NVIDIA GeForce RTX 3050 Ti Laptop GPU,610.47,P0,1402,6001,20.46,61
20261005T124546Z,3,512,128,fp16,before,triton,cuda_graph,5.3428706000832955,20,5,50,1,4,128,71611108dd2ffe2c896d2402e035fc1614d214c7b592a247071c3286b9bdc306,bc9c4c76b074bd70bf02cf4d5a0e4b68b93850493e2e52019fa17ae4bd4bdeff,b1faf4b871a960dd2e14f9bb24ce18129bf16767,True,2.8.0+cu128,12.8,3.4.0,Not Active,NVIDIA GeForce RTX 3050 Ti Laptop GPU,610.47,P0,885,5501,16.33,61,Not Active,NVIDIA GeForce RTX 3050 Ti Laptop GPU,610.47,P0,1402,6001,20.46,61
20261005T124546Z,3,512,128,fp16,after,triton,cuda_graph,3.0024522537626894,20,5,50,1,1,128,e6093007385fbfec41c730644131a7aa7ddbe199718163ff7b9b284dff9a9857,bc9c4c76b074bd70bf02cf4d5a0e4b68b93850493e2e52019fa17ae4bd4bdeff,b1faf4b871a960dd2e14f9bb24ce18129bf16767,True,2.8.0+cu128,12.8,3.4.0,Not Active,NVIDIA GeForce RTX 3050 Ti Laptop GPU,610.47,P0,885,5501,16.33,61,Not Active,NVIDIA GeForce RTX 3050 Ti Laptop GPU,610.47,P0,1402,6001,20.46,61
20261005T124546Z,4,512,128,fp16,after,triton,cuda_graph,2.9954022178297235,20,5,50,1,1,128,e6093007385fbfec41c730644131a7aa7ddbe199718163ff7b9b284dff9a9857,bc9c4c76b074bd70bf02cf4d5a0e4b68b93850493e2e52019fa17ae4bd4bdeff,b1faf4b871a960dd2e14f9bb24ce18129bf16767,True,2.8.0+cu128,12.8,3.4.0,Not Active,NVIDIA GeForce RTX 3050 Ti Laptop GPU,610.47,P0,885,5501,16.33,61,Not Active,NVIDIA GeForce RTX 3050 Ti Laptop GPU,610.47,P0,1402,6001,20.46,61
20261005T124546Z,4,512,128,fp16,before,triton,cuda_graph,5.321099227482772,20,5,50,1,4,128,71611108dd2ffe2c896d2402e035fc1614d214c7b592a247071c3286b9bdc306,bc9c4c76b074bd70bf02cf4d5a0e4b68b93850493e2e52019fa17ae4bd4bdeff,b1faf4b871a960dd2e14f9bb24ce18129bf16767,True,2.8.0+cu128,12.8,3.4.0,Not Active,NVIDIA GeForce RTX 3050 Ti Laptop GPU,610.47,P0,885,5501,16.33,61,Not Active,NVIDIA GeForce RTX 3050 Ti Laptop GPU,610.47,P0,1402,6001,20.46,61
20261005T124546Z,5,512,128,fp16,before,triton,cuda_graph,4.799945764970334,20,5,50,1,4,128,71611108dd2ffe2c896d2402e035fc1614d214c7b592a247071c3286b9bdc306,bc9c4c76b074bd70bf02cf4d5a0e4b68b93850493e2e52019fa17ae4bd4bdeff,b1faf4b871a960dd2e14f9bb24ce18129bf16767,True,2.8.0+cu128,12.8,3.4.0,Not Active,NVIDIA GeForce RTX 3050 Ti Laptop GPU,610.47,P0,885,5501,16.33,61,Not Active,NVIDIA GeForce RTX 3050 Ti Laptop GPU,610.47,P0,1402,6001,20.46,61
20261005T124546Z,5,512,128,fp16,after,triton,cuda_graph,2.6837802195287015,20,5,50,1,1,128,e6093007385fbfec41c730644131a7aa7ddbe199718163ff7b9b284dff9a9857,bc9c4c76b074bd70bf02cf4d5a0e4b68b93850493e2e52019fa17ae4bd4bdeff,b1faf4b871a960dd2e14f9bb24ce18129bf16767,True,2.8.0+cu128,12.8,3.4.0,Not Active,NVIDIA GeForce RTX 3050 Ti Laptop GPU,610.47,P0,885,5501,16.33,61,Not Active,NVIDIA GeForce RTX 3050 Ti Laptop GPU,610.47,P0,1402,6001,20.46,61
20261005T124546Z,1,512,256,fp16,before,triton,cuda_graph,4.801581483303617,20,5,50,1,4,256,71611108dd2ffe2c896d2402e035fc1614d214c7b592a247071c3286b9bdc306,bc9c4c76b074bd70bf02cf4d5a0e4b68b93850493e2e52019fa17ae4bd4bdeff,b1faf4b871a960dd2e14f9bb24ce18129bf16767,True,2.8.0+cu128,12.8,3.4.0,Not Active,NVIDIA GeForce RTX 3050 Ti Laptop GPU,610.47,P0,1402,6001,20.83,61,Not Active,NVIDIA GeForce RTX 3050 Ti Laptop GPU,610.47,P0,1747,6001,27.22,62
20261005T124546Z,1,512,256,fp16,after,triton,cuda_graph,2.89048837578815,20,5,50,1,1,256,e6093007385fbfec41c730644131a7aa7ddbe199718163ff7b9b284dff9a9857,bc9c4c76b074bd70bf02cf4d5a0e4b68b93850493e2e52019fa17ae4bd4bdeff,b1faf4b871a960dd2e14f9bb24ce18129bf16767,True,2.8.0+cu128,12.8,3.4.0,Not Active,NVIDIA GeForce RTX 3050 Ti Laptop GPU,610.47,P0,1402,6001,20.83,61,Not Active,NVIDIA GeForce RTX 3050 Ti Laptop GPU,610.47,P0,1747,6001,27.22,62
20261005T124546Z,2,512,256,fp16,after,triton,cuda_graph,2.87254695053939,20,5,50,1,1,256,e6093007385fbfec41c730644131a7aa7ddbe199718163ff7b9b284dff9a9857,bc9c4c76b074bd70bf02cf4d5a0e4b68b93850493e2e52019fa17ae4bd4bdeff,b1faf4b871a960dd2e14f9bb24ce18129bf16767,True,2.8.0+cu128,12.8,3.4.0,Not Active,NVIDIA GeForce RTX 3050 Ti Laptop GPU,610.47,P0,1402,6001,20.83,61,Not Active,NVIDIA GeForce RTX 3050 Ti Laptop GPU,610.47,P0,1747,6001,27.22,62
20261005T124546Z,2,512,256,fp16,before,triton,cuda_graph,4.800057819665715,20,5,50,1,4,256,71611108dd2ffe2c896d2402e035fc1614d214c7b592a247071c3286b9bdc306,bc9c4c76b074bd70bf02cf4d5a0e4b68b93850493e2e52019fa17ae4bd4bdeff,b1faf4b871a960dd2e14f9bb24ce18129bf16767,True,2.8.0+cu128,12.8,3.4.0,Not Active,NVIDIA GeForce RTX 3050 Ti Laptop GPU,610.47,P0,1402,6001,20.83,61,Not Active,NVIDIA GeForce RTX 3050 Ti Laptop GPU,610.47,P0,1747,6001,27.22,62
20261005T124546Z,3,512,256,fp16,before,triton,cuda_graph,4.328884454719125,20,5,50,1,4,256,71611108dd2ffe2c896d2402e035fc1614d214c7b592a247071c3286b9bdc306,bc9c4c76b074bd70bf02cf4d5a0e4b68b93850493e2e52019fa17ae4bd4bdeff,b1faf4b871a960dd2e14f9bb24ce18129bf16767,True,2.8.0+cu128,12.8,3.4.0,Not Active,NVIDIA GeForce RTX 3050 Ti Laptop GPU,610.47,P0,1402,6001,20.83,61,Not Active,NVIDIA GeForce RTX 3050 Ti Laptop GPU,610.47,P0,1747,6001,27.22,62
20261005T124546Z,3,512,256,fp16,after,triton,cuda_graph,2.7296406665553348,20,5,50,1,1,256,e6093007385fbfec41c730644131a7aa7ddbe199718163ff7b9b284dff9a9857,bc9c4c76b074bd70bf02cf4d5a0e4b68b93850493e2e52019fa17ae4bd4bdeff,b1faf4b871a960dd2e14f9bb24ce18129bf16767,True,2.8.0+cu128,12.8,3.4.0,Not Active,NVIDIA GeForce RTX 3050 Ti Laptop GPU,610.47,P0,1402,6001,20.83,61,Not Active,NVIDIA GeForce RTX 3050 Ti Laptop GPU,610.47,P0,1747,6001,27.22,62
20261005T124546Z,4,512,256,fp16,after,triton,cuda_graph,2.604146535194022,20,5,50,1,1,256,e6093007385fbfec41c730644131a7aa7ddbe199718163ff7b9b284dff9a9857,bc9c4c76b074bd70bf02cf4d5a0e4b68b93850493e2e52019fa17ae4bd4bdeff,b1faf4b871a960dd2e14f9bb24ce18129bf16767,True,2.8.0+cu128,12.8,3.4.0,Not Active,NVIDIA GeForce RTX 3050 Ti Laptop GPU,610.47,P0,1402,6001,20.83,61,Not Active,NVIDIA GeForce RTX 3050 Ti Laptop GPU,610.47,P0,1747,6001,27.22,62
20261005T124546Z,4,512,256,fp16,before,triton,cuda_graph,4.335294349022991,20,5,50,1,4,256,71611108dd2ffe2c896d2402e035fc1614d214c7b592a247071c3286b9bdc306,bc9c4c76b074bd70bf02cf4d5a0e4b68b93850493e2e52019fa17ae4bd4bdeff,b1faf4b871a960dd2e14f9bb24ce18129bf16767,True,2.8.0+cu128,12.8,3.4.0,Not Active,NVIDIA GeForce RTX 3050 Ti Laptop GPU,610.47,P0,1402,6001,20.83,61,Not Active,NVIDIA GeForce RTX 3050 Ti Laptop GPU,610.47,P0,1747,6001,27.22,62
20261005T124546Z,5,512,256,fp16,before,triton,cuda_graph,4.030916682177616,20,5,50,1,4,256,71611108dd2ffe2c896d2402e035fc1614d214c7b592a247071c3286b9bdc306,bc9c4c76b074bd70bf02cf4d5a0e4b68b93850493e2e52019fa17ae4bd4bdeff,b1faf4b871a960dd2e14f9bb24ce18129bf16767,True,2.8.0+cu128,12.8,3.4.0,Not Active,NVIDIA GeForce RTX 3050 Ti Laptop GPU,610.47,P0,1402,6001,20.83,61,Not Active,NVIDIA GeForce RTX 3050 Ti Laptop GPU,610.47,P0,1747,6001,27.22,62
20261005T124546Z,5,512,256,fp16,after,triton,cuda_graph,2.424131635313228,20,5,50,1,1,256,e6093007385fbfec41c730644131a7aa7ddbe199718163ff7b9b284dff9a9857,bc9c4c76b074bd70bf02cf4d5a0e4b68b93850493e2e52019fa17ae4bd4bdeff,b1faf4b871a960dd2e14f9bb24ce18129bf16767,True,2.8.0+cu128,12.8,3.4.0,Not Active,NVIDIA GeForce RTX 3050 Ti Laptop GPU,610.47,P0,1402,6001,20.83,61,Not Active,NVIDIA GeForce RTX 3050 Ti Laptop GPU,610.47,P0,1747,6001,27.22,62
20261005T124546Z,1,128,128,fp32,before,triton,cuda_graph,2.9233142023994807,20,5,50,1,4,128,71611108dd2ffe2c896d2402e035fc1614d214c7b592a247071c3286b9bdc306,bc9c4c76b074bd70bf02cf4d5a0e4b68b93850493e2e52019fa17ae4bd4bdeff,b1faf4b871a960dd2e14f9bb24ce18129bf16767,True,2.8.0+cu128,12.8,3.4.0,Not Active,NVIDIA GeForce RTX 3050 Ti Laptop GPU,610.47,P0,1875,6001,27.64,62,Not Active,NVIDIA GeForce RTX 3050 Ti Laptop GPU,610.47,P0,1875,6001,24.25,62
20261005T124546Z,1,128,128,fp32,after,triton,cuda_graph,1.3929049893202285,20,5,50,1,1,128,e6093007385fbfec41c730644131a7aa7ddbe199718163ff7b9b284dff9a9857,bc9c4c76b074bd70bf02cf4d5a0e4b68b93850493e2e52019fa17ae4bd4bdeff,b1faf4b871a960dd2e14f9bb24ce18129bf16767,True,2.8.0+cu128,12.8,3.4.0,Not Active,NVIDIA GeForce RTX 3050 Ti Laptop GPU,610.47,P0,1875,6001,27.64,62,Not Active,NVIDIA GeForce RTX 3050 Ti Laptop GPU,610.47,P0,1875,6001,24.25,62
20261005T124546Z,2,128,128,fp32,after,triton,cuda_graph,1.3997371500644358,20,5,50,1,1,128,e6093007385fbfec41c730644131a7aa7ddbe199718163ff7b9b284dff9a9857,bc9c4c76b074bd70bf02cf4d5a0e4b68b93850493e2e52019fa17ae4bd4bdeff,b1faf4b871a960dd2e14f9bb24ce18129bf16767,True,2.8.0+cu128,12.8,3.4.0,Not Active,NVIDIA GeForce RTX 3050 Ti Laptop GPU,610.47,P0,1875,6001,27.64,62,Not Active,NVIDIA GeForce RTX 3050 Ti Laptop GPU,610.47,P0,1875,6001,24.25,62
20261005T124546Z,2,128,128,fp32,before,triton,cuda_graph,1.7854651272068536,20,5,50,1,4,128,71611108dd2ffe2c896d2402e035fc1614d214c7b592a247071c3286b9bdc306,bc9c4c76b074bd70bf02cf4d5a0e4b68b93850493e2e52019fa17ae4bd4bdeff,b1faf4b871a960dd2e14f9bb24ce18129bf16767,True,2.8.0+cu128,12.8,3.4.0,Not Active,NVIDIA GeForce RTX 3050 Ti Laptop GPU,610.47,P0,1875,6001,27.64,62,Not Active,NVIDIA GeForce RTX 3050 Ti Laptop GPU,610.47,P0,1875,6001,24.25,62
20261005T124546Z,3,128,128,fp32,before,triton,cuda_graph,1.7810122875133403,20,5,50,1,4,128,71611108dd2ffe2c896d2402e035fc1614d214c7b592a247071c3286b9bdc306,bc9c4c76b074bd70bf02cf4d5a0e4b68b93850493e2e52019fa17ae4bd4bdeff,b1faf4b871a960dd2e14f9bb24ce18129bf16767,True,2.8.0+cu128,12.8,3.4.0,Not Active,NVIDIA GeForce RTX 3050 Ti Laptop GPU,610.47,P0,1875,6001,27.64,62,Not Active,NVIDIA GeForce RTX 3050 Ti Laptop GPU,610.47,P0,1875,6001,24.25,62
20261005T124546Z,3,128,128,fp32,after,triton,cuda_graph,1.4067450720889896,20,5,50,1,1,128,e6093007385fbfec41c730644131a7aa7ddbe199718163ff7b9b284dff9a9857,bc9c4c76b074bd70bf02cf4d5a0e4b68b93850493e2e52019fa17ae4bd4bdeff,b1faf4b871a960dd2e14f9bb24ce18129bf16767,True,2.8.0+cu128,12.8,3.4.0,Not Active,NVIDIA GeForce RTX 3050 Ti Laptop GPU,610.47,P0,1875,6001,27.64,62,Not Active,NVIDIA GeForce RTX 3050 Ti Laptop GPU,610.47,P0,1875,6001,24.25,62
20261005T124546Z,4,128,128,fp32,after,triton,cuda_graph,1.3770556592900425,20,5,50,1,1,128,e6093007385fbfec41c730644131a7aa7ddbe199718163ff7b9b284dff9a9857,bc9c4c76b074bd70bf02cf4d5a0e4b68b93850493e2e52019fa17ae4bd4bdeff,b1faf4b871a960dd2e14f9bb24ce18129bf16767,True,2.8.0+cu128,12.8,3.4.0,Not Active,NVIDIA GeForce RTX 3050 Ti Laptop GPU,610.47,P0,1875,6001,27.64,62,Not Active,NVIDIA GeForce RTX 3050 Ti Laptop GPU,610.47,P0,1875,6001,24.25,62
20261005T124546Z,4,128,128,fp32,before,triton,cuda_graph,1.791476753522765,20,5,50,1,4,128,71611108dd2ffe2c896d2402e035fc1614d214c7b592a247071c3286b9bdc306,bc9c4c76b074bd70bf02cf4d5a0e4b68b93850493e2e52019fa17ae4bd4bdeff,b1faf4b871a960dd2e14f9bb24ce18129bf16767,True,2.8.0+cu128,12.8,3.4.0,Not Active,NVIDIA GeForce RTX 3050 Ti Laptop GPU,610.47,P0,1875,6001,27.64,62,Not Active,NVIDIA GeForce RTX 3050 Ti Laptop GPU,610.47,P0,1875,6001,24.25,62
20261005T124546Z,5,128,128,fp32,before,triton,cuda_graph,1.7815451384333436,20,5,50,1,4,128,71611108dd2ffe2c896d2402e035fc1614d214c7b592a247071c3286b9bdc306,bc9c4c76b074bd70bf02cf4d5a0e4b68b93850493e2e52019fa17ae4bd4bdeff,b1faf4b871a960dd2e14f9bb24ce18129bf16767,True,2.8.0+cu128,12.8,3.4.0,Not Active,NVIDIA GeForce RTX 3050 Ti Laptop GPU,610.47,P0,1875,6001,27.64,62,Not Active,NVIDIA GeForce RTX 3050 Ti Laptop GPU,610.47,P0,1875,6001,24.25,62
20261005T124546Z,5,128,128,fp32,after,triton,cuda_graph,1.3920462372675109,20,5,50,1,1,128,e6093007385fbfec41c730644131a7aa7ddbe199718163ff7b9b284dff9a9857,bc9c4c76b074bd70bf02cf4d5a0e4b68b93850493e2e52019fa17ae4bd4bdeff,b1faf4b871a960dd2e14f9bb24ce18129bf16767,True,2.8.0+cu128,12.8,3.4.0,Not Active,NVIDIA GeForce RTX 3050 Ti Laptop GPU,610.47,P0,1875,6001,27.64,62,Not Active,NVIDIA GeForce RTX 3050 Ti Laptop GPU,610.47,P0,1875,6001,24.25,62
20261005T124546Z,1,128,256,fp32,before,triton,cuda_graph,3.2194127711646456,20,5,50,1,4,256,71611108dd2ffe2c896d2402e035fc1614d214c7b592a247071c3286b9bdc306,bc9c4c76b074bd70bf02cf4d5a0e4b68b93850493e2e52019fa17ae4bd4bdeff,b1faf4b871a960dd2e14f9bb24ce18129bf16767,True,2.8.0+cu128,12.8,3.4.0,Not Active,NVIDIA GeForce RTX 3050 Ti Laptop GPU,610.47,P0,1875,6001,24.14,62,Not Active,NVIDIA GeForce RTX 3050 Ti Laptop GPU,610.47,P3,855,5501,16.32,61
20261005T124546Z,1,128,256,fp32,after,triton,cuda_graph,2.6963003259470035,20,5,50,1,1,256,e6093007385fbfec41c730644131a7aa7ddbe199718163ff7b9b284dff9a9857,bc9c4c76b074bd70bf02cf4d5a0e4b68b93850493e2e52019fa17ae4bd4bdeff,b1faf4b871a960dd2e14f9bb24ce18129bf16767,True,2.8.0+cu128,12.8,3.4.0,Not Active,NVIDIA GeForce RTX 3050 Ti Laptop GPU,610.47,P0,1875,6001,24.14,62,Not Active,NVIDIA GeForce RTX 3050 Ti Laptop GPU,610.47,P3,855,5501,16.32,61
20261005T124546Z,2,128,256,fp32,after,triton,cuda_graph,2.7039408242805383,20,5,50,1,1,256,e6093007385fbfec41c730644131a7aa7ddbe199718163ff7b9b284dff9a9857,bc9c4c76b074bd70bf02cf4d5a0e4b68b93850493e2e52019fa17ae4bd4bdeff,b1faf4b871a960dd2e14f9bb24ce18129bf16767,True,2.8.0+cu128,12.8,3.4.0,Not Active,NVIDIA GeForce RTX 3050 Ti Laptop GPU,610.47,P0,1875,6001,24.14,62,Not Active,NVIDIA GeForce RTX 3050 Ti Laptop GPU,610.47,P3,855,5501,16.32,61
20261005T124546Z,2,128,256,fp32,before,triton,cuda_graph,3.5166086294712167,20,5,50,1,4,256,71611108dd2ffe2c896d2402e035fc1614d214c7b592a247071c3286b9bdc306,bc9c4c76b074bd70bf02cf4d5a0e4b68b93850493e2e52019fa17ae4bd4bdeff,b1faf4b871a960dd2e14f9bb24ce18129bf16767,True,2.8.0+cu128,12.8,3.4.0,Not Active,NVIDIA GeForce RTX 3050 Ti Laptop GPU,610.47,P0,1875,6001,24.14,62,Not Active,NVIDIA GeForce RTX 3050 Ti Laptop GPU,610.47,P3,855,5501,16.32,61
20261005T124546Z,3,128,256,fp32,before,triton,cuda_graph,3.7557572221603635,20,5,50,1,4,256,71611108dd2ffe2c896d2402e035fc1614d214c7b592a247071c3286b9bdc306,bc9c4c76b074bd70bf02cf4d5a0e4b68b93850493e2e52019fa17ae4bd4bdeff,b1faf4b871a960dd2e14f9bb24ce18129bf16767,True,2.8.0+cu128,12.8,3.4.0,Not Active,NVIDIA GeForce RTX 3050 Ti Laptop GPU,610.47,P0,1875,6001,24.14,62,Not Active,NVIDIA GeForce RTX 3050 Ti Laptop GPU,610.47,P3,855,5501,16.32,61
20261005T124546Z,3,128,256,fp32,after,triton,cuda_graph,2.9832400257510376,20,5,50,1,1,256,e6093007385fbfec41c730644131a7aa7ddbe199718163ff7b9b284dff9a9857,bc9c4c76b074bd70bf02cf4d5a0e4b68b93850493e2e52019fa17ae4bd4bdeff,b1faf4b871a960dd2e14f9bb24ce18129bf16767,True,2.8.0+cu128,12.8,3.4.0,Not Active,NVIDIA GeForce RTX 3050 Ti Laptop GPU,610.47,P0,1875,6001,24.14,62,Not Active,NVIDIA GeForce RTX 3050 Ti Laptop GPU,610.47,P3,855,5501,16.32,61
20261005T124546Z,4,128,256,fp32,after,triton,cuda_graph,2.9747932786779105,20,5,50,1,1,256,e6093007385fbfec41c730644131a7aa7ddbe199718163ff7b9b284dff9a9857,bc9c4c76b074bd70bf02cf4d5a0e4b68b93850493e2e52019fa17ae4bd4bdeff,b1faf4b871a960dd2e14f9bb24ce18129bf16767,True,2.8.0+cu128,12.8,3.4.0,Not Active,NVIDIA GeForce RTX 3050 Ti Laptop GPU,610.47,P0,1875,6001,24.14,62,Not Active,NVIDIA GeForce RTX 3050 Ti Laptop GPU,610.47,P3,855,5501,16.32,61
20261005T124546Z,4,128,256,fp32,before,triton,cuda_graph,3.7362504830274004,20,5,50,1,4,256,71611108dd2ffe2c896d2402e035fc1614d214c7b592a247071c3286b9bdc306,bc9c4c76b074bd70bf02cf4d5a0e4b68b93850493e2e52019fa17ae4bd4bdeff,b1faf4b871a960dd2e14f9bb24ce18129bf16767,True,2.8.0+cu128,12.8,3.4.0,Not Active,NVIDIA GeForce RTX 3050 Ti Laptop GPU,610.47,P0,1875,6001,24.14,62,Not Active,NVIDIA GeForce RTX 3050 Ti Laptop GPU,610.47,P3,855,5501,16.32,61
20261005T124546Z,5,128,256,fp32,before,triton,cuda_graph,3.8320708767151057,20,5,50,1,4,256,71611108dd2ffe2c896d2402e035fc1614d214c7b592a247071c3286b9bdc306,bc9c4c76b074bd70bf02cf4d5a0e4b68b93850493e2e52019fa17ae4bd4bdeff,b1faf4b871a960dd2e14f9bb24ce18129bf16767,True,2.8.0+cu128,12.8,3.4.0,Not Active,NVIDIA GeForce RTX 3050 Ti Laptop GPU,610.47,P0,1875,6001,24.14,62,Not Active,NVIDIA GeForce RTX 3050 Ti Laptop GPU,610.47,P3,855,5501,16.32,61
20261005T124546Z,5,128,256,fp32,after,triton,cuda_graph,3.073233772951915,20,5,50,1,1,256,e6093007385fbfec41c730644131a7aa7ddbe199718163ff7b9b284dff9a9857,bc9c4c76b074bd70bf02cf4d5a0e4b68b93850493e2e52019fa17ae4bd4bdeff,b1faf4b871a960dd2e14f9bb24ce18129bf16767,True,2.8.0+cu128,12.8,3.4.0,Not Active,NVIDIA GeForce RTX 3050 Ti Laptop GPU,610.47,P0,1875,6001,24.14,62,Not Active,NVIDIA GeForce RTX 3050 Ti Laptop GPU,610.47,P3,855,5501,16.32,61
20261005T124546Z,1,512,128,fp32,before,triton,cuda_graph,4.436109320345331,20,5,50,1,4,128,71611108dd2ffe2c896d2402e035fc1614d214c7b592a247071c3286b9bdc306,bc9c4c76b074bd70bf02cf4d5a0e4b68b93850493e2e52019fa17ae4bd4bdeff,b1faf4b871a960dd2e14f9bb24ce18129bf16767,True,2.8.0+cu128,12.8,3.4.0,Not Active,NVIDIA GeForce RTX 3050 Ti Laptop GPU,610.47,P3,855,5501,16.22,61,Not Active,NVIDIA GeForce RTX 3050 Ti Laptop GPU,610.47,P0,1957,6001,32.56,63
20261005T124546Z,1,512,128,fp32,after,triton,cuda_graph,2.754360114157588,20,5,50,1,1,128,e6093007385fbfec41c730644131a7aa7ddbe199718163ff7b9b284dff9a9857,bc9c4c76b074bd70bf02cf4d5a0e4b68b93850493e2e52019fa17ae4bd4bdeff,b1faf4b871a960dd2e14f9bb24ce18129bf16767,True,2.8.0+cu128,12.8,3.4.0,Not Active,NVIDIA GeForce RTX 3050 Ti Laptop GPU,610.47,P3,855,5501,16.22,61,Not Active,NVIDIA GeForce RTX 3050 Ti Laptop GPU,610.47,P0,1957,6001,32.56,63
20261005T124546Z,2,512,128,fp32,after,triton,cuda_graph,2.2091276412381857,20,5,50,1,1,128,e6093007385fbfec41c730644131a7aa7ddbe199718163ff7b9b284dff9a9857,bc9c4c76b074bd70bf02cf4d5a0e4b68b93850493e2e52019fa17ae4bd4bdeff,b1faf4b871a960dd2e14f9bb24ce18129bf16767,True,2.8.0+cu128,12.8,3.4.0,Not Active,NVIDIA GeForce RTX 3050 Ti Laptop GPU,610.47,P3,855,5501,16.22,61,Not Active,NVIDIA GeForce RTX 3050 Ti Laptop GPU,610.47,P0,1957,6001,32.56,63
20261005T124546Z,2,512,128,fp32,before,triton,cuda_graph,3.8613920588357606,20,5,50,1,4,128,71611108dd2ffe2c896d2402e035fc1614d214c7b592a247071c3286b9bdc306,bc9c4c76b074bd70bf02cf4d5a0e4b68b93850493e2e52019fa17ae4bd4bdeff,b1faf4b871a960dd2e14f9bb24ce18129bf16767,True,2.8.0+cu128,12.8,3.4.0,Not Active,NVIDIA GeForce RTX 3050 Ti Laptop GPU,610.47,P3,855,5501,16.22,61,Not Active,NVIDIA GeForce RTX 3050 Ti Laptop GPU,610.47,P0,1957,6001,32.56,63
20261005T124546Z,3,512,128,fp32,before,triton,cuda_graph,3.8880491256713867,20,5,50,1,4,128,71611108dd2ffe2c896d2402e035fc1614d214c7b592a247071c3286b9bdc306,bc9c4c76b074bd70bf02cf4d5a0e4b68b93850493e2e52019fa17ae4bd4bdeff,b1faf4b871a960dd2e14f9bb24ce18129bf16767,True,2.8.0+cu128,12.8,3.4.0,Not Active,NVIDIA GeForce RTX 3050 Ti Laptop GPU,610.47,P3,855,5501,16.22,61,Not Active,NVIDIA GeForce RTX 3050 Ti Laptop GPU,610.47,P0,1957,6001,32.56,63
20261005T124546Z,3,512,128,fp32,after,triton,cuda_graph,2.210188042986524,20,5,50,1,1,128,e6093007385fbfec41c730644131a7aa7ddbe199718163ff7b9b284dff9a9857,bc9c4c76b074bd70bf02cf4d5a0e4b68b93850493e2e52019fa17ae4bd4bdeff,b1faf4b871a960dd2e14f9bb24ce18129bf16767,True,2.8.0+cu128,12.8,3.4.0,Not Active,NVIDIA GeForce RTX 3050 Ti Laptop GPU,610.47,P3,855,5501,16.22,61,Not Active,NVIDIA GeForce RTX 3050 Ti Laptop GPU,610.47,P0,1957,6001,32.56,63
20261005T124546Z,4,512,128,fp32,after,triton,cuda_graph,2.2141176330692627,20,5,50,1,1,128,e6093007385fbfec41c730644131a7aa7ddbe199718163ff7b9b284dff9a9857,bc9c4c76b074bd70bf02cf4d5a0e4b68b93850493e2e52019fa17ae4bd4bdeff,b1faf4b871a960dd2e14f9bb24ce18129bf16767,True,2.8.0+cu128,12.8,3.4.0,Not Active,NVIDIA GeForce RTX 3050 Ti Laptop GPU,610.47,P3,855,5501,16.22,61,Not Active,NVIDIA GeForce RTX 3050 Ti Laptop GPU,610.47,P0,1957,6001,32.56,63
20261005T124546Z,4,512,128,fp32,before,triton,cuda_graph,3.8690387313045673,20,5,50,1,4,128,71611108dd2ffe2c896d2402e035fc1614d214c7b592a247071c3286b9bdc306,bc9c4c76b074bd70bf02cf4d5a0e4b68b93850493e2e52019fa17ae4bd4bdeff,b1faf4b871a960dd2e14f9bb24ce18129bf16767,True,2.8.0+cu128,12.8,3.4.0,Not Active,NVIDIA GeForce RTX 3050 Ti Laptop GPU,610.47,P3,855,5501,16.22,61,Not Active,NVIDIA GeForce RTX 3050 Ti Laptop GPU,610.47,P0,1957,6001,32.56,63
20261005T124546Z,5,512,128,fp32,before,triton,cuda_graph,3.857901096343994,20,5,50,1,4,128,71611108dd2ffe2c896d2402e035fc1614d214c7b592a247071c3286b9bdc306,bc9c4c76b074bd70bf02cf4d5a0e4b68b93850493e2e52019fa17ae4bd4bdeff,b1faf4b871a960dd2e14f9bb24ce18129bf16767,True,2.8.0+cu128,12.8,3.4.0,Not Active,NVIDIA GeForce RTX 3050 Ti Laptop GPU,610.47,P3,855,5501,16.22,61,Not Active,NVIDIA GeForce RTX 3050 Ti Laptop GPU,610.47,P0,1957,6001,32.56,63
20261005T124546Z,5,512,128,fp32,after,triton,cuda_graph,2.2270797703747456,20,5,50,1,1,128,e6093007385fbfec41c730644131a7aa7ddbe199718163ff7b9b284dff9a9857,bc9c4c76b074bd70bf02cf4d5a0e4b68b93850493e2e52019fa17ae4bd4bdeff,b1faf4b871a960dd2e14f9bb24ce18129bf16767,True,2.8.0+cu128,12.8,3.4.0,Not Active,NVIDIA GeForce RTX 3050 Ti Laptop GPU,610.47,P3,855,5501,16.22,61,Not Active,NVIDIA GeForce RTX 3050 Ti Laptop GPU,610.47,P0,1957,6001,32.56,63
20261005T124546Z,1,512,256,fp32,before,triton,cuda_graph,4.119087593625016,20,5,50,1,4,256,71611108dd2ffe2c896d2402e035fc1614d214c7b592a247071c3286b9bdc306,bc9c4c76b074bd70bf02cf4d5a0e4b68b93850493e2e52019fa17ae4bd4bdeff,b1faf4b871a960dd2e14f9bb24ce18129bf16767,True,2.8.0+cu128,12.8,3.4.0,Not Active,NVIDIA GeForce RTX 3050 Ti Laptop GPU,610.47,P0,1957,6001,33.20,63,Not Active,NVIDIA GeForce RTX 3050 Ti Laptop GPU,610.47,P0,1440,6001,32.47,64
20261005T124546Z,1,512,256,fp32,after,triton,cuda_graph,3.051847549382171,20,5,50,1,1,256,e6093007385fbfec41c730644131a7aa7ddbe199718163ff7b9b284dff9a9857,bc9c4c76b074bd70bf02cf4d5a0e4b68b93850493e2e52019fa17ae4bd4bdeff,b1faf4b871a960dd2e14f9bb24ce18129bf16767,True,2.8.0+cu128,12.8,3.4.0,Not Active,NVIDIA GeForce RTX 3050 Ti Laptop GPU,610.47,P0,1957,6001,33.20,63,Not Active,NVIDIA GeForce RTX 3050 Ti Laptop GPU,610.47,P0,1440,6001,32.47,64
20261005T124546Z,2,512,256,fp32,after,triton,cuda_graph,3.052516848640104,20,5,50,1,1,256,e6093007385fbfec41c730644131a7aa7ddbe199718163ff7b9b284dff9a9857,bc9c4c76b074bd70bf02cf4d5a0e4b68b93850493e2e52019fa17ae4bd4bdeff,b1faf4b871a960dd2e14f9bb24ce18129bf16767,True,2.8.0+cu128,12.8,3.4.0,Not Active,NVIDIA GeForce RTX 3050 Ti Laptop GPU,610.47,P0,1957,6001,33.20,63,Not Active,NVIDIA GeForce RTX 3050 Ti Laptop GPU,610.47,P0,1440,6001,32.47,64
20261005T124546Z,2,512,256,fp32,before,triton,cuda_graph,3.979991871082127,20,5,50,1,4,256,71611108dd2ffe2c896d2402e035fc1614d214c7b592a247071c3286b9bdc306,bc9c4c76b074bd70bf02cf4d5a0e4b68b93850493e2e52019fa17ae4bd4bdeff,b1faf4b871a960dd2e14f9bb24ce18129bf16767,True,2.8.0+cu128,12.8,3.4.0,Not Active,NVIDIA GeForce RTX 3050 Ti Laptop GPU,610.47,P0,1957,6001,33.20,63,Not Active,NVIDIA GeForce RTX 3050 Ti Laptop GPU,610.47,P0,1440,6001,32.47,64
20261005T124546Z,3,512,256,fp32,before,triton,cuda_graph,3.990068898499392,20,5,50,1,4,256,71611108dd2ffe2c896d2402e035fc1614d214c7b592a247071c3286b9bdc306,bc9c4c76b074bd70bf02cf4d5a0e4b68b93850493e2e52019fa17ae4bd4bdeff,b1faf4b871a960dd2e14f9bb24ce18129bf16767,True,2.8.0+cu128,12.8,3.4.0,Not Active,NVIDIA GeForce RTX 3050 Ti Laptop GPU,610.47,P0,1957,6001,33.20,63,Not Active,NVIDIA GeForce RTX 3050 Ti Laptop GPU,610.47,P0,1440,6001,32.47,64
20261005T124546Z,3,512,256,fp32,after,triton,cuda_graph,3.043633968853767,20,5,50,1,1,256,e6093007385fbfec41c730644131a7aa7ddbe199718163ff7b9b284dff9a9857,bc9c4c76b074bd70bf02cf4d5a0e4b68b93850493e2e52019fa17ae4bd4bdeff,b1faf4b871a960dd2e14f9bb24ce18129bf16767,True,2.8.0+cu128,12.8,3.4.0,Not Active,NVIDIA GeForce RTX 3050 Ti Laptop GPU,610.47,P0,1957,6001,33.20,63,Not Active,NVIDIA GeForce RTX 3050 Ti Laptop GPU,610.47,P0,1440,6001,32.47,64
20261005T124546Z,4,512,256,fp32,after,triton,cuda_graph,3.105114348492219,20,5,50,1,1,256,e6093007385fbfec41c730644131a7aa7ddbe199718163ff7b9b284dff9a9857,bc9c4c76b074bd70bf02cf4d5a0e4b68b93850493e2e52019fa17ae4bd4bdeff,b1faf4b871a960dd2e14f9bb24ce18129bf16767,True,2.8.0+cu128,12.8,3.4.0,Not Active,NVIDIA GeForce RTX 3050 Ti Laptop GPU,610.47,P0,1957,6001,33.20,63,Not Active,NVIDIA GeForce RTX 3050 Ti Laptop GPU,610.47,P0,1440,6001,32.47,64
20261005T124546Z,4,512,256,fp32,before,triton,cuda_graph,5.590875464749622,20,5,50,1,4,256,71611108dd2ffe2c896d2402e035fc1614d214c7b592a247071c3286b9bdc306,bc9c4c76b074bd70bf02cf4d5a0e4b68b93850493e2e52019fa17ae4bd4bdeff,b1faf4b871a960dd2e14f9bb24ce18129bf16767,True,2.8.0+cu128,12.8,3.4.0,Not Active,NVIDIA GeForce RTX 3050 Ti Laptop GPU,610.47,P0,1957,6001,33.20,63,Not Active,NVIDIA GeForce RTX 3050 Ti Laptop GPU,610.47,P0,1440,6001,32.47,64
20261005T124546Z,5,512,256,fp32,before,triton,cuda_graph,5.4039494900763785,20,5,50,1,4,256,71611108dd2ffe2c896d2402e035fc1614d214c7b592a247071c3286b9bdc306,bc9c4c76b074bd70bf02cf4d5a0e4b68b93850493e2e52019fa17ae4bd4bdeff,b1faf4b871a960dd2e14f9bb24ce18129bf16767,True,2.8.0+cu128,12.8,3.4.0,Not Active,NVIDIA GeForce RTX 3050 Ti Laptop GPU,610.47,P0,1957,6001,33.20,63,Not Active,NVIDIA GeForce RTX 3050 Ti Laptop GPU,610.47,P0,1440,6001,32.47,64
20261005T124546Z,5,512,256,fp32,after,triton,cuda_graph,3.483596441211009,20,5,50,1,1,256,e6093007385fbfec41c730644131a7aa7ddbe199718163ff7b9b284dff9a9857,bc9c4c76b074bd70bf02cf4d5a0e4b68b93850493e2e52019fa17ae4bd4bdeff,b1faf4b871a960dd2e14f9bb24ce18129bf16767,True,2.8.0+cu128,12.8,3.4.0,Not Active,NVIDIA GeForce RTX 3050 Ti Laptop GPU,610.47,P0,1957,6001,33.20,63,Not Active,NVIDIA GeForce RTX 3050 Ti Laptop GPU,610.47,P0,1440,6001,32.47,64
