timestamp_utc,repeat,gpu_before,driver_before,pstate_before,sm_clock_mhz_before,memory_clock_mhz_before,power_w_before,temperature_c_before,torch,cuda,triton,rows,hidden_size,dtype,backend,measurement,median_us,warmup,runs,rep_ms,kernel_source_sha256,reference_source_sha256,source_revision,dirty,thermal_before,thermal_after,gpu_after,driver_after,pstate_after,sm_clock_mhz_after,memory_clock_mhz_after,power_w_after,temperature_c_after
20261005T121227Z,1,NVIDIA GeForce RTX 3050 Ti Laptop GPU,610.47,P0,1695,6001,18.61,59,2.8.0+cu128,12.8,3.4.0,1,128,bf16,torch_reference,cuda_graph,4.0371413045972995,20,5,50,71611108dd2ffe2c896d2402e035fc1614d214c7b592a247071c3286b9bdc306,bc9c4c76b074bd70bf02cf4d5a0e4b68b93850493e2e52019fa17ae4bd4bdeff,b1faf4b871a960dd2e14f9bb24ce18129bf16767,True,Not Active,Not Active,NVIDIA GeForce RTX 3050 Ti Laptop GPU,610.47,P0,1695,6001,20.85,59
20261005T121227Z,1,NVIDIA GeForce RTX 3050 Ti Laptop GPU,610.47,P0,1695,6001,18.61,59,2.8.0+cu128,12.8,3.4.0,1,128,bf16,torch_native,cuda_graph,1.6356471959306274,20,5,50,71611108dd2ffe2c896d2402e035fc1614d214c7b592a247071c3286b9bdc306,bc9c4c76b074bd70bf02cf4d5a0e4b68b93850493e2e52019fa17ae4bd4bdeff,b1faf4b871a960dd2e14f9bb24ce18129bf16767,True,Not Active,Not Active,NVIDIA GeForce RTX 3050 Ti Laptop GPU,610.47,P0,1695,6001,20.85,59
20261005T121227Z,1,NVIDIA GeForce RTX 3050 Ti Laptop GPU,610.47,P0,1695,6001,18.61,59,2.8.0+cu128,12.8,3.4.0,1,128,bf16,triton,cuda_graph,1.4502932447970798,20,5,50,71611108dd2ffe2c896d2402e035fc1614d214c7b592a247071c3286b9bdc306,bc9c4c76b074bd70bf02cf4d5a0e4b68b93850493e2e52019fa17ae4bd4bdeff,b1faf4b871a960dd2e14f9bb24ce18129bf16767,True,Not Active,Not Active,NVIDIA GeForce RTX 3050 Ti Laptop GPU,610.47,P0,1695,6001,20.85,59
20261005T121227Z,2,NVIDIA GeForce RTX 3050 Ti Laptop GPU,610.47,P0,1695,6001,18.61,59,2.8.0+cu128,12.8,3.4.0,1,128,bf16,torch_reference,cuda_graph,4.119086594623485,20,5,50,71611108dd2ffe2c896d2402e035fc1614d214c7b592a247071c3286b9bdc306,bc9c4c76b074bd70bf02cf4d5a0e4b68b93850493e2e52019fa17ae4bd4bdeff,b1faf4b871a960dd2e14f9bb24ce18129bf16767,True,Not Active,Not Active,NVIDIA GeForce RTX 3050 Ti Laptop GPU,610.47,P0,1695,6001,20.85,59
20261005T121227Z,2,NVIDIA GeForce RTX 3050 Ti Laptop GPU,610.47,P0,1695,6001,18.61,59,2.8.0+cu128,12.8,3.4.0,1,128,bf16,triton,cuda_graph,2.724818588070274,20,5,50,71611108dd2ffe2c896d2402e035fc1614d214c7b592a247071c3286b9bdc306,bc9c4c76b074bd70bf02cf4d5a0e4b68b93850493e2e52019fa17ae4bd4bdeff,b1faf4b871a960dd2e14f9bb24ce18129bf16767,True,Not Active,Not Active,NVIDIA GeForce RTX 3050 Ti Laptop GPU,610.47,P0,1695,6001,20.85,59
20261005T121227Z,2,NVIDIA GeForce RTX 3050 Ti Laptop GPU,610.47,P0,1695,6001,18.61,59,2.8.0+cu128,12.8,3.4.0,1,128,bf16,torch_native,cuda_graph,1.6278064539355617,20,5,50,71611108dd2ffe2c896d2402e035fc1614d214c7b592a247071c3286b9bdc306,bc9c4c76b074bd70bf02cf4d5a0e4b68b93850493e2e52019fa17ae4bd4bdeff,b1faf4b871a960dd2e14f9bb24ce18129bf16767,True,Not Active,Not Active,NVIDIA GeForce RTX 3050 Ti Laptop GPU,610.47,P0,1695,6001,20.85,59
20261005T121227Z,3,NVIDIA GeForce RTX 3050 Ti Laptop GPU,610.47,P0,1695,6001,18.61,59,2.8.0+cu128,12.8,3.4.0,1,128,bf16,triton,cuda_graph,1.4525146241400655,20,5,50,71611108dd2ffe2c896d2402e035fc1614d214c7b592a247071c3286b9bdc306,bc9c4c76b074bd70bf02cf4d5a0e4b68b93850493e2e52019fa17ae4bd4bdeff,b1faf4b871a960dd2e14f9bb24ce18129bf16767,True,Not Active,Not Active,NVIDIA GeForce RTX 3050 Ti Laptop GPU,610.47,P0,1695,6001,20.85,59
20261005T121227Z,3,NVIDIA GeForce RTX 3050 Ti Laptop GPU,610.47,P0,1695,6001,18.61,59,2.8.0+cu128,12.8,3.4.0,1,128,bf16,torch_reference,cuda_graph,4.0470497566088435,20,5,50,71611108dd2ffe2c896d2402e035fc1614d214c7b592a247071c3286b9bdc306,bc9c4c76b074bd70bf02cf4d5a0e4b68b93850493e2e52019fa17ae4bd4bdeff,b1faf4b871a960dd2e14f9bb24ce18129bf16767,True,Not Active,Not Active,NVIDIA GeForce RTX 3050 Ti Laptop GPU,610.47,P0,1695,6001,20.85,59
20261005T121227Z,3,NVIDIA GeForce RTX 3050 Ti Laptop GPU,610.47,P0,1695,6001,18.61,59,2.8.0+cu128,12.8,3.4.0,1,128,bf16,torch_native,cuda_graph,1.640411653596905,20,5,50,71611108dd2ffe2c896d2402e035fc1614d214c7b592a247071c3286b9bdc306,bc9c4c76b074bd70bf02cf4d5a0e4b68b93850493e2e52019fa17ae4bd4bdeff,b1faf4b871a960dd2e14f9bb24ce18129bf16767,True,Not Active,Not Active,NVIDIA GeForce RTX 3050 Ti Laptop GPU,610.47,P0,1695,6001,20.85,59
20261005T121227Z,4,NVIDIA GeForce RTX 3050 Ti Laptop GPU,610.47,P0,1695,6001,18.61,59,2.8.0+cu128,12.8,3.4.0,1,128,bf16,triton,cuda_graph,1.45815208292844,20,5,50,71611108dd2ffe2c896d2402e035fc1614d214c7b592a247071c3286b9bdc306,bc9c4c76b074bd70bf02cf4d5a0e4b68b93850493e2e52019fa17ae4bd4bdeff,b1faf4b871a960dd2e14f9bb24ce18129bf16767,True,Not Active,Not Active,NVIDIA GeForce RTX 3050 Ti Laptop GPU,610.47,P0,1695,6001,20.85,59
20261005T121227Z,4,NVIDIA GeForce RTX 3050 Ti Laptop GPU,610.47,P0,1695,6001,18.61,59,2.8.0+cu128,12.8,3.4.0,1,128,bf16,torch_native,cuda_graph,1.6517886147690624,20,5,50,71611108dd2ffe2c896d2402e035fc1614d214c7b592a247071c3286b9bdc306,bc9c4c76b074bd70bf02cf4d5a0e4b68b93850493e2e52019fa17ae4bd4bdeff,b1faf4b871a960dd2e14f9bb24ce18129bf16767,True,Not Active,Not Active,NVIDIA GeForce RTX 3050 Ti Laptop GPU,610.47,P0,1695,6001,20.85,59
20261005T121227Z,4,NVIDIA GeForce RTX 3050 Ti Laptop GPU,610.47,P0,1695,6001,18.61,59,2.8.0+cu128,12.8,3.4.0,1,128,bf16,torch_reference,cuda_graph,4.023315339127571,20,5,50,71611108dd2ffe2c896d2402e035fc1614d214c7b592a247071c3286b9bdc306,bc9c4c76b074bd70bf02cf4d5a0e4b68b93850493e2e52019fa17ae4bd4bdeff,b1faf4b871a960dd2e14f9bb24ce18129bf16767,True,Not Active,Not Active,NVIDIA GeForce RTX 3050 Ti Laptop GPU,610.47,P0,1695,6001,20.85,59
20261005T121227Z,5,NVIDIA GeForce RTX 3050 Ti Laptop GPU,610.47,P0,1695,6001,18.61,59,2.8.0+cu128,12.8,3.4.0,1,128,bf16,torch_native,cuda_graph,1.6339877305160553,20,5,50,71611108dd2ffe2c896d2402e035fc1614d214c7b592a247071c3286b9bdc306,bc9c4c76b074bd70bf02cf4d5a0e4b68b93850493e2e52019fa17ae4bd4bdeff,b1faf4b871a960dd2e14f9bb24ce18129bf16767,True,Not Active,Not Active,NVIDIA GeForce RTX 3050 Ti Laptop GPU,610.47,P0,1695,6001,20.85,59
20261005T121227Z,5,NVIDIA GeForce RTX 3050 Ti Laptop GPU,610.47,P0,1695,6001,18.61,59,2.8.0+cu128,12.8,3.4.0,1,128,bf16,triton,cuda_graph,1.2589341419636324,20,5,50,71611108dd2ffe2c896d2402e035fc1614d214c7b592a247071c3286b9bdc306,bc9c4c76b074bd70bf02cf4d5a0e4b68b93850493e2e52019fa17ae4bd4bdeff,b1faf4b871a960dd2e14f9bb24ce18129bf16767,True,Not Active,Not Active,NVIDIA GeForce RTX 3050 Ti Laptop GPU,610.47,P0,1695,6001,20.85,59
20261005T121227Z,5,NVIDIA GeForce RTX 3050 Ti Laptop GPU,610.47,P0,1695,6001,18.61,59,2.8.0+cu128,12.8,3.4.0,1,128,bf16,torch_reference,cuda_graph,3.5179240416876874,20,5,50,71611108dd2ffe2c896d2402e035fc1614d214c7b592a247071c3286b9bdc306,bc9c4c76b074bd70bf02cf4d5a0e4b68b93850493e2e52019fa17ae4bd4bdeff,b1faf4b871a960dd2e14f9bb24ce18129bf16767,True,Not Active,Not Active,NVIDIA GeForce RTX 3050 Ti Laptop GPU,610.47,P0,1695,6001,20.85,59
20261005T121227Z,1,NVIDIA GeForce RTX 3050 Ti Laptop GPU,610.47,P0,1695,6001,21.20,59,2.8.0+cu128,12.8,3.4.0,1,1024,bf16,torch_reference,cuda_graph,6.516636173899581,20,5,50,71611108dd2ffe2c896d2402e035fc1614d214c7b592a247071c3286b9bdc306,bc9c4c76b074bd70bf02cf4d5a0e4b68b93850493e2e52019fa17ae4bd4bdeff,b1faf4b871a960dd2e14f9bb24ce18129bf16767,True,Not Active,Not Active,NVIDIA GeForce RTX 3050 Ti Laptop GPU,610.47,P0,1965,6001,26.18,60
20261005T121227Z,1,NVIDIA GeForce RTX 3050 Ti Laptop GPU,610.47,P0,1695,6001,21.20,59,2.8.0+cu128,12.8,3.4.0,1,1024,bf16,torch_native,cuda_graph,4.091082895232343,20,5,50,71611108dd2ffe2c896d2402e035fc1614d214c7b592a247071c3286b9bdc306,bc9c4c76b074bd70bf02cf4d5a0e4b68b93850493e2e52019fa17ae4bd4bdeff,b1faf4b871a960dd2e14f9bb24ce18129bf16767,True,Not Active,Not Active,NVIDIA GeForce RTX 3050 Ti Laptop GPU,610.47,P0,1965,6001,26.18,60
20261005T121227Z,1,NVIDIA GeForce RTX 3050 Ti Laptop GPU,610.47,P0,1695,6001,21.20,59,2.8.0+cu128,12.8,3.4.0,1,1024,bf16,triton,cuda_graph,2.522060124207663,20,5,50,71611108dd2ffe2c896d2402e035fc1614d214c7b592a247071c3286b9bdc306,bc9c4c76b074bd70bf02cf4d5a0e4b68b93850493e2e52019fa17ae4bd4bdeff,b1faf4b871a960dd2e14f9bb24ce18129bf16767,True,Not Active,Not Active,NVIDIA GeForce RTX 3050 Ti Laptop GPU,610.47,P0,1965,6001,26.18,60
20261005T121227Z,2,NVIDIA GeForce RTX 3050 Ti Laptop GPU,610.47,P0,1695,6001,21.20,59,2.8.0+cu128,12.8,3.4.0,1,1024,bf16,torch_reference,cuda_graph,6.510791857598235,20,5,50,71611108dd2ffe2c896d2402e035fc1614d214c7b592a247071c3286b9bdc306,bc9c4c76b074bd70bf02cf4d5a0e4b68b93850493e2e52019fa17ae4bd4bdeff,b1faf4b871a960dd2e14f9bb24ce18129bf16767,True,Not Active,Not Active,NVIDIA GeForce RTX 3050 Ti Laptop GPU,610.47,P0,1965,6001,26.18,60
20261005T121227Z,2,NVIDIA GeForce RTX 3050 Ti Laptop GPU,610.47,P0,1695,6001,21.20,59,2.8.0+cu128,12.8,3.4.0,1,1024,bf16,triton,cuda_graph,2.509803926446757,20,5,50,71611108dd2ffe2c896d2402e035fc1614d214c7b592a247071c3286b9bdc306,bc9c4c76b074bd70bf02cf4d5a0e4b68b93850493e2e52019fa17ae4bd4bdeff,b1faf4b871a960dd2e14f9bb24ce18129bf16767,True,Not Active,Not Active,NVIDIA GeForce RTX 3050 Ti Laptop GPU,610.47,P0,1965,6001,26.18,60
20261005T121227Z,2,NVIDIA GeForce RTX 3050 Ti Laptop GPU,610.47,P0,1695,6001,21.20,59,2.8.0+cu128,12.8,3.4.0,1,1024,bf16,torch_native,cuda_graph,4.096728544591871,20,5,50,71611108dd2ffe2c896d2402e035fc1614d214c7b592a247071c3286b9bdc306,bc9c4c76b074bd70bf02cf4d5a0e4b68b93850493e2e52019fa17ae4bd4bdeff,b1faf4b871a960dd2e14f9bb24ce18129bf16767,True,Not Active,Not Active,NVIDIA GeForce RTX 3050 Ti Laptop GPU,610.47,P0,1965,6001,26.18,60
20261005T121227Z,3,NVIDIA GeForce RTX 3050 Ti Laptop GPU,610.47,P0,1695,6001,21.20,59,2.8.0+cu128,12.8,3.4.0,1,1024,bf16,triton,cuda_graph,1.3528970624670127,20,5,50,71611108dd2ffe2c896d2402e035fc1614d214c7b592a247071c3286b9bdc306,bc9c4c76b074bd70bf02cf4d5a0e4b68b93850493e2e52019fa17ae4bd4bdeff,b1faf4b871a960dd2e14f9bb24ce18129bf16767,True,Not Active,Not Active,NVIDIA GeForce RTX 3050 Ti Laptop GPU,610.47,P0,1965,6001,26.18,60
20261005T121227Z,3,NVIDIA GeForce RTX 3050 Ti Laptop GPU,610.47,P0,1695,6001,21.20,59,2.8.0+cu128,12.8,3.4.0,1,1024,bf16,torch_reference,cuda_graph,8.057309785008322,20,5,50,71611108dd2ffe2c896d2402e035fc1614d214c7b592a247071c3286b9bdc306,bc9c4c76b074bd70bf02cf4d5a0e4b68b93850493e2e52019fa17ae4bd4bdeff,b1faf4b871a960dd2e14f9bb24ce18129bf16767,True,Not Active,Not Active,NVIDIA GeForce RTX 3050 Ti Laptop GPU,610.47,P0,1965,6001,26.18,60
20261005T121227Z,3,NVIDIA GeForce RTX 3050 Ti Laptop GPU,610.47,P0,1695,6001,21.20,59,2.8.0+cu128,12.8,3.4.0,1,1024,bf16,torch_native,cuda_graph,4.093577357872803,20,5,50,71611108dd2ffe2c896d2402e035fc1614d214c7b592a247071c3286b9bdc306,bc9c4c76b074bd70bf02cf4d5a0e4b68b93850493e2e52019fa17ae4bd4bdeff,b1faf4b871a960dd2e14f9bb24ce18129bf16767,True,Not Active,Not Active,NVIDIA GeForce RTX 3050 Ti Laptop GPU,610.47,P0,1965,6001,26.18,60
20261005T121227Z,4,NVIDIA GeForce RTX 3050 Ti Laptop GPU,610.47,P0,1695,6001,21.20,59,2.8.0+cu128,12.8,3.4.0,1,1024,bf16,triton,cuda_graph,1.3806145220405082,20,5,50,71611108dd2ffe2c896d2402e035fc1614d214c7b592a247071c3286b9bdc306,bc9c4c76b074bd70bf02cf4d5a0e4b68b93850493e2e52019fa17ae4bd4bdeff,b1faf4b871a960dd2e14f9bb24ce18129bf16767,True,Not Active,Not Active,NVIDIA GeForce RTX 3050 Ti Laptop GPU,610.47,P0,1965,6001,26.18,60
20261005T121227Z,4,NVIDIA GeForce RTX 3050 Ti Laptop GPU,610.47,P0,1695,6001,21.20,59,2.8.0+cu128,12.8,3.4.0,1,1024,bf16,torch_native,cuda_graph,4.099230743973458,20,5,50,71611108dd2ffe2c896d2402e035fc1614d214c7b592a247071c3286b9bdc306,bc9c4c76b074bd70bf02cf4d5a0e4b68b93850493e2e52019fa17ae4bd4bdeff,b1faf4b871a960dd2e14f9bb24ce18129bf16767,True,Not Active,Not Active,NVIDIA GeForce RTX 3050 Ti Laptop GPU,610.47,P0,1965,6001,26.18,60
20261005T121227Z,4,NVIDIA GeForce RTX 3050 Ti Laptop GPU,610.47,P0,1695,6001,21.20,59,2.8.0+cu128,12.8,3.4.0,1,1024,bf16,torch_reference,cuda_graph,6.4801534293836,20,5,50,71611108dd2ffe2c896d2402e035fc1614d214c7b592a247071c3286b9bdc306,bc9c4c76b074bd70bf02cf4d5a0e4b68b93850493e2e52019fa17ae4bd4bdeff,b1faf4b871a960dd2e14f9bb24ce18129bf16767,True,Not Active,Not Active,NVIDIA GeForce RTX 3050 Ti Laptop GPU,610.47,P0,1965,6001,26.18,60
20261005T121227Z,5,NVIDIA GeForce RTX 3050 Ti Laptop GPU,610.47,P0,1695,6001,21.20,59,2.8.0+cu128,12.8,3.4.0,1,1024,bf16,torch_native,cuda_graph,4.094389354062277,20,5,50,71611108dd2ffe2c896d2402e035fc1614d214c7b592a247071c3286b9bdc306,bc9c4c76b074bd70bf02cf4d5a0e4b68b93850493e2e52019fa17ae4bd4bdeff,b1faf4b871a960dd2e14f9bb24ce18129bf16767,True,Not Active,Not Active,NVIDIA GeForce RTX 3050 Ti Laptop GPU,610.47,P0,1965,6001,26.18,60
20261005T121227Z,5,NVIDIA GeForce RTX 3050 Ti Laptop GPU,610.47,P0,1695,6001,21.20,59,2.8.0+cu128,12.8,3.4.0,1,1024,bf16,triton,cuda_graph,1.375546417837068,20,5,50,71611108dd2ffe2c896d2402e035fc1614d214c7b592a247071c3286b9bdc306,bc9c4c76b074bd70bf02cf4d5a0e4b68b93850493e2e52019fa17ae4bd4bdeff,b1faf4b871a960dd2e14f9bb24ce18129bf16767,True,Not Active,Not Active,NVIDIA GeForce RTX 3050 Ti Laptop GPU,610.47,P0,1965,6001,26.18,60
20261005T121227Z,5,NVIDIA GeForce RTX 3050 Ti Laptop GPU,610.47,P0,1695,6001,21.20,59,2.8.0+cu128,12.8,3.4.0,1,1024,bf16,torch_reference,cuda_graph,6.46682793662052,20,5,50,71611108dd2ffe2c896d2402e035fc1614d214c7b592a247071c3286b9bdc306,bc9c4c76b074bd70bf02cf4d5a0e4b68b93850493e2e52019fa17ae4bd4bdeff,b1faf4b871a960dd2e14f9bb24ce18129bf16767,True,Not Active,Not Active,NVIDIA GeForce RTX 3050 Ti Laptop GPU,610.47,P0,1965,6001,26.18,60
20261005T121227Z,1,NVIDIA GeForce RTX 3050 Ti Laptop GPU,610.47,P0,1965,6001,26.20,60,2.8.0+cu128,12.8,3.4.0,1,4096,bf16,torch_reference,cuda_graph,5.748532193920988,20,5,50,71611108dd2ffe2c896d2402e035fc1614d214c7b592a247071c3286b9bdc306,bc9c4c76b074bd70bf02cf4d5a0e4b68b93850493e2e52019fa17ae4bd4bdeff,b1faf4b871a960dd2e14f9bb24ce18129bf16767,True,Not Active,Not Active,NVIDIA GeForce RTX 3050 Ti Laptop GPU,610.47,P0,1965,6001,26.56,61
20261005T121227Z,1,NVIDIA GeForce RTX 3050 Ti Laptop GPU,610.47,P0,1965,6001,26.20,60,2.8.0+cu128,12.8,3.4.0,1,4096,bf16,torch_native,cuda_graph,2.7398951085278647,20,5,50,71611108dd2ffe2c896d2402e035fc1614d214c7b592a247071c3286b9bdc306,bc9c4c76b074bd70bf02cf4d5a0e4b68b93850493e2e52019fa17ae4bd4bdeff,b1faf4b871a960dd2e14f9bb24ce18129bf16767,True,Not Active,Not Active,NVIDIA GeForce RTX 3050 Ti Laptop GPU,610.47,P0,1965,6001,26.56,61
20261005T121227Z,1,NVIDIA GeForce RTX 3050 Ti Laptop GPU,610.47,P0,1965,6001,26.20,60,2.8.0+cu128,12.8,3.4.0,1,4096,bf16,triton,cuda_graph,1.729872674006398,20,5,50,71611108dd2ffe2c896d2402e035fc1614d214c7b592a247071c3286b9bdc306,bc9c4c76b074bd70bf02cf4d5a0e4b68b93850493e2e52019fa17ae4bd4bdeff,b1faf4b871a960dd2e14f9bb24ce18129bf16767,True,Not Active,Not Active,NVIDIA GeForce RTX 3050 Ti Laptop GPU,610.47,P0,1965,6001,26.56,61
20261005T121227Z,2,NVIDIA GeForce RTX 3050 Ti Laptop GPU,610.47,P0,1965,6001,26.20,60,2.8.0+cu128,12.8,3.4.0,1,4096,bf16,torch_reference,cuda_graph,5.774670609380795,20,5,50,71611108dd2ffe2c896d2402e035fc1614d214c7b592a247071c3286b9bdc306,bc9c4c76b074bd70bf02cf4d5a0e4b68b93850493e2e52019fa17ae4bd4bdeff,b1faf4b871a960dd2e14f9bb24ce18129bf16767,True,Not Active,Not Active,NVIDIA GeForce RTX 3050 Ti Laptop GPU,610.47,P0,1965,6001,26.56,61
20261005T121227Z,2,NVIDIA GeForce RTX 3050 Ti Laptop GPU,610.47,P0,1965,6001,26.20,60,2.8.0+cu128,12.8,3.4.0,1,4096,bf16,triton,cuda_graph,1.785945938360737,20,5,50,71611108dd2ffe2c896d2402e035fc1614d214c7b592a247071c3286b9bdc306,bc9c4c76b074bd70bf02cf4d5a0e4b68b93850493e2e52019fa17ae4bd4bdeff,b1faf4b871a960dd2e14f9bb24ce18129bf16767,True,Not Active,Not Active,NVIDIA GeForce RTX 3050 Ti Laptop GPU,610.47,P0,1965,6001,26.56,61
20261005T121227Z,2,NVIDIA GeForce RTX 3050 Ti Laptop GPU,610.47,P0,1965,6001,26.20,60,2.8.0+cu128,12.8,3.4.0,1,4096,bf16,torch_native,cuda_graph,2.7428942967236525,20,5,50,71611108dd2ffe2c896d2402e035fc1614d214c7b592a247071c3286b9bdc306,bc9c4c76b074bd70bf02cf4d5a0e4b68b93850493e2e52019fa17ae4bd4bdeff,b1faf4b871a960dd2e14f9bb24ce18129bf16767,True,Not Active,Not Active,NVIDIA GeForce RTX 3050 Ti Laptop GPU,610.47,P0,1965,6001,26.56,61
20261005T121227Z,3,NVIDIA GeForce RTX 3050 Ti Laptop GPU,610.47,P0,1965,6001,26.20,60,2.8.0+cu128,12.8,3.4.0,1,4096,bf16,triton,cuda_graph,1.7562566313353722,20,5,50,71611108dd2ffe2c896d2402e035fc1614d214c7b592a247071c3286b9bdc306,bc9c4c76b074bd70bf02cf4d5a0e4b68b93850493e2e52019fa17ae4bd4bdeff,b1faf4b871a960dd2e14f9bb24ce18129bf16767,True,Not Active,Not Active,NVIDIA GeForce RTX 3050 Ti Laptop GPU,610.47,P0,1965,6001,26.56,61
20261005T121227Z,3,NVIDIA GeForce RTX 3050 Ti Laptop GPU,610.47,P0,1965,6001,26.20,60,2.8.0+cu128,12.8,3.4.0,1,4096,bf16,torch_reference,cuda_graph,5.730489687043794,20,5,50,71611108dd2ffe2c896d2402e035fc1614d214c7b592a247071c3286b9bdc306,bc9c4c76b074bd70bf02cf4d5a0e4b68b93850493e2e52019fa17ae4bd4bdeff,b1faf4b871a960dd2e14f9bb24ce18129bf16767,True,Not Active,Not Active,NVIDIA GeForce RTX 3050 Ti Laptop GPU,610.47,P0,1965,6001,26.56,61
20261005T121227Z,3,NVIDIA GeForce RTX 3050 Ti Laptop GPU,610.47,P0,1965,6001,26.20,60,2.8.0+cu128,12.8,3.4.0,1,4096,bf16,torch_native,cuda_graph,2.8045450630834545,20,5,50,71611108dd2ffe2c896d2402e035fc1614d214c7b592a247071c3286b9bdc306,bc9c4c76b074bd70bf02cf4d5a0e4b68b93850493e2e52019fa17ae4bd4bdeff,b1faf4b871a960dd2e14f9bb24ce18129bf16767,True,Not Active,Not Active,NVIDIA GeForce RTX 3050 Ti Laptop GPU,610.47,P0,1965,6001,26.56,61
20261005T121227Z,4,NVIDIA GeForce RTX 3050 Ti Laptop GPU,610.47,P0,1965,6001,26.20,60,2.8.0+cu128,12.8,3.4.0,1,4096,bf16,triton,cuda_graph,1.7413264922513305,20,5,50,71611108dd2ffe2c896d2402e035fc1614d214c7b592a247071c3286b9bdc306,bc9c4c76b074bd70bf02cf4d5a0e4b68b93850493e2e52019fa17ae4bd4bdeff,b1faf4b871a960dd2e14f9bb24ce18129bf16767,True,Not Active,Not Active,NVIDIA GeForce RTX 3050 Ti Laptop GPU,610.47,P0,1965,6001,26.56,61
20261005T121227Z,4,NVIDIA GeForce RTX 3050 Ti Laptop GPU,610.47,P0,1965,6001,26.20,60,2.8.0+cu128,12.8,3.4.0,1,4096,bf16,torch_native,cuda_graph,2.7472138355525013,20,5,50,71611108dd2ffe2c896d2402e035fc1614d214c7b592a247071c3286b9bdc306,bc9c4c76b074bd70bf02cf4d5a0e4b68b93850493e2e52019fa17ae4bd4bdeff,b1faf4b871a960dd2e14f9bb24ce18129bf16767,True,Not Active,Not Active,NVIDIA GeForce RTX 3050 Ti Laptop GPU,610.47,P0,1965,6001,26.56,61
20261005T121227Z,4,NVIDIA GeForce RTX 3050 Ti Laptop GPU,610.47,P0,1965,6001,26.20,60,2.8.0+cu128,12.8,3.4.0,1,4096,bf16,torch_reference,cuda_graph,5.714495812565827,20,5,50,71611108dd2ffe2c896d2402e035fc1614d214c7b592a247071c3286b9bdc306,bc9c4c76b074bd70bf02cf4d5a0e4b68b93850493e2e52019fa17ae4bd4bdeff,b1faf4b871a960dd2e14f9bb24ce18129bf16767,True,Not Active,Not Active,NVIDIA GeForce RTX 3050 Ti Laptop GPU,610.47,P0,1965,6001,26.56,61
20261005T121227Z,5,NVIDIA GeForce RTX 3050 Ti Laptop GPU,610.47,P0,1965,6001,26.20,60,2.8.0+cu128,12.8,3.4.0,1,4096,bf16,torch_native,cuda_graph,2.7490215025086338,20,5,50,71611108dd2ffe2c896d2402e035fc1614d214c7b592a247071c3286b9bdc306,bc9c4c76b074bd70bf02cf4d5a0e4b68b93850493e2e52019fa17ae4bd4bdeff,b1faf4b871a960dd2e14f9bb24ce18129bf16767,True,Not Active,Not Active,NVIDIA GeForce RTX 3050 Ti Laptop GPU,610.47,P0,1965,6001,26.56,61
20261005T121227Z,5,NVIDIA GeForce RTX 3050 Ti Laptop GPU,610.47,P0,1965,6001,26.20,60,2.8.0+cu128,12.8,3.4.0,1,4096,bf16,triton,cuda_graph,2.935119829434346,20,5,50,71611108dd2ffe2c896d2402e035fc1614d214c7b592a247071c3286b9bdc306,bc9c4c76b074bd70bf02cf4d5a0e4b68b93850493e2e52019fa17ae4bd4bdeff,b1faf4b871a960dd2e14f9bb24ce18129bf16767,True,Not Active,Not Active,NVIDIA GeForce RTX 3050 Ti Laptop GPU,610.47,P0,1965,6001,26.56,61
20261005T121227Z,5,NVIDIA GeForce RTX 3050 Ti Laptop GPU,610.47,P0,1965,6001,26.20,60,2.8.0+cu128,12.8,3.4.0,1,4096,bf16,torch_reference,cuda_graph,5.768433496857806,20,5,50,71611108dd2ffe2c896d2402e035fc1614d214c7b592a247071c3286b9bdc306,bc9c4c76b074bd70bf02cf4d5a0e4b68b93850493e2e52019fa17ae4bd4bdeff,b1faf4b871a960dd2e14f9bb24ce18129bf16767,True,Not Active,Not Active,NVIDIA GeForce RTX 3050 Ti Laptop GPU,610.47,P0,1965,6001,26.56,61
20261005T121227Z,1,NVIDIA GeForce RTX 3050 Ti Laptop GPU,610.47,P0,1965,6001,26.58,61,2.8.0+cu128,12.8,3.4.0,1,8192,bf16,torch_reference,cuda_graph,7.1259177710912,20,5,50,71611108dd2ffe2c896d2402e035fc1614d214c7b592a247071c3286b9bdc306,bc9c4c76b074bd70bf02cf4d5a0e4b68b93850493e2e52019fa17ae4bd4bdeff,b1faf4b871a960dd2e14f9bb24ce18129bf16767,True,Not Active,Not Active,NVIDIA GeForce RTX 3050 Ti Laptop GPU,610.47,P0,1965,6001,28.30,62
20261005T121227Z,1,NVIDIA GeForce RTX 3050 Ti Laptop GPU,610.47,P0,1965,6001,26.58,61,2.8.0+cu128,12.8,3.4.0,1,8192,bf16,torch_native,cuda_graph,4.191871492097601,20,5,50,71611108dd2ffe2c896d2402e035fc1614d214c7b592a247071c3286b9bdc306,bc9c4c76b074bd70bf02cf4d5a0e4b68b93850493e2e52019fa17ae4bd4bdeff,b1faf4b871a960dd2e14f9bb24ce18129bf16767,True,Not Active,Not Active,NVIDIA GeForce RTX 3050 Ti Laptop GPU,610.47,P0,1965,6001,28.30,62
20261005T121227Z,1,NVIDIA GeForce RTX 3050 Ti Laptop GPU,610.47,P0,1965,6001,26.58,61,2.8.0+cu128,12.8,3.4.0,1,8192,bf16,triton,cuda_graph,3.1571770076772423,20,5,50,71611108dd2ffe2c896d2402e035fc1614d214c7b592a247071c3286b9bdc306,bc9c4c76b074bd70bf02cf4d5a0e4b68b93850493e2e52019fa17ae4bd4bdeff,b1faf4b871a960dd2e14f9bb24ce18129bf16767,True,Not Active,Not Active,NVIDIA GeForce RTX 3050 Ti Laptop GPU,610.47,P0,1965,6001,28.30,62
20261005T121227Z,2,NVIDIA GeForce RTX 3050 Ti Laptop GPU,610.47,P0,1965,6001,26.58,61,2.8.0+cu128,12.8,3.4.0,1,8192,bf16,torch_reference,cuda_graph,7.140854637930094,20,5,50,71611108dd2ffe2c896d2402e035fc1614d214c7b592a247071c3286b9bdc306,bc9c4c76b074bd70bf02cf4d5a0e4b68b93850493e2e52019fa17ae4bd4bdeff,b1faf4b871a960dd2e14f9bb24ce18129bf16767,True,Not Active,Not Active,NVIDIA GeForce RTX 3050 Ti Laptop GPU,610.47,P0,1965,6001,28.30,62
20261005T121227Z,2,NVIDIA GeForce RTX 3050 Ti Laptop GPU,610.47,P0,1965,6001,26.58,61,2.8.0+cu128,12.8,3.4.0,1,8192,bf16,triton,cuda_graph,2.3859198888142905,20,5,50,71611108dd2ffe2c896d2402e035fc1614d214c7b592a247071c3286b9bdc306,bc9c4c76b074bd70bf02cf4d5a0e4b68b93850493e2e52019fa17ae4bd4bdeff,b1faf4b871a960dd2e14f9bb24ce18129bf16767,True,Not Active,Not Active,NVIDIA GeForce RTX 3050 Ti Laptop GPU,610.47,P0,1965,6001,28.30,62
20261005T121227Z,2,NVIDIA GeForce RTX 3050 Ti Laptop GPU,610.47,P0,1965,6001,26.58,61,2.8.0+cu128,12.8,3.4.0,1,8192,bf16,torch_native,cuda_graph,4.1929715191089345,20,5,50,71611108dd2ffe2c896d2402e035fc1614d214c7b592a247071c3286b9bdc306,bc9c4c76b074bd70bf02cf4d5a0e4b68b93850493e2e52019fa17ae4bd4bdeff,b1faf4b871a960dd2e14f9bb24ce18129bf16767,True,Not Active,Not Active,NVIDIA GeForce RTX 3050 Ti Laptop GPU,610.47,P0,1965,6001,28.30,62
20261005T121227Z,3,NVIDIA GeForce RTX 3050 Ti Laptop GPU,610.47,P0,1965,6001,26.58,61,2.8.0+cu128,12.8,3.4.0,1,8192,bf16,triton,cuda_graph,2.3455718540410113,20,5,50,71611108dd2ffe2c896d2402e035fc1614d214c7b592a247071c3286b9bdc306,bc9c4c76b074bd70bf02cf4d5a0e4b68b93850493e2e52019fa17ae4bd4bdeff,b1faf4b871a960dd2e14f9bb24ce18129bf16767,True,Not Active,Not Active,NVIDIA GeForce RTX 3050 Ti Laptop GPU,610.47,P0,1965,6001,28.30,62
20261005T121227Z,3,NVIDIA GeForce RTX 3050 Ti Laptop GPU,610.47,P0,1965,6001,26.58,61,2.8.0+cu128,12.8,3.4.0,1,8192,bf16,torch_reference,cuda_graph,7.13160429345021,20,5,50,71611108dd2ffe2c896d2402e035fc1614d214c7b592a247071c3286b9bdc306,bc9c4c76b074bd70bf02cf4d5a0e4b68b93850493e2e52019fa17ae4bd4bdeff,b1faf4b871a960dd2e14f9bb24ce18129bf16767,True,Not Active,Not Active,NVIDIA GeForce RTX 3050 Ti Laptop GPU,610.47,P0,1965,6001,28.30,62
20261005T121227Z,3,NVIDIA GeForce RTX 3050 Ti Laptop GPU,610.47,P0,1965,6001,26.58,61,2.8.0+cu128,12.8,3.4.0,1,8192,bf16,torch_native,cuda_graph,4.200236329549476,20,5,50,71611108dd2ffe2c896d2402e035fc1614d214c7b592a247071c3286b9bdc306,bc9c4c76b074bd70bf02cf4d5a0e4b68b93850493e2e52019fa17ae4bd4bdeff,b1faf4b871a960dd2e14f9bb24ce18129bf16767,True,Not Active,Not Active,NVIDIA GeForce RTX 3050 Ti Laptop GPU,610.47,P0,1965,6001,28.30,62
20261005T121227Z,4,NVIDIA GeForce RTX 3050 Ti Laptop GPU,610.47,P0,1965,6001,26.58,61,2.8.0+cu128,12.8,3.4.0,1,8192,bf16,triton,cuda_graph,2.3254032994880047,20,5,50,71611108dd2ffe2c896d2402e035fc1614d214c7b592a247071c3286b9bdc306,bc9c4c76b074bd70bf02cf4d5a0e4b68b93850493e2e52019fa17ae4bd4bdeff,b1faf4b871a960dd2e14f9bb24ce18129bf16767,True,Not Active,Not Active,NVIDIA GeForce RTX 3050 Ti Laptop GPU,610.47,P0,1965,6001,28.30,62
20261005T121227Z,4,NVIDIA GeForce RTX 3050 Ti Laptop GPU,610.47,P0,1965,6001,26.58,61,2.8.0+cu128,12.8,3.4.0,1,8192,bf16,torch_native,cuda_graph,4.187259842525377,20,5,50,71611108dd2ffe2c896d2402e035fc1614d214c7b592a247071c3286b9bdc306,bc9c4c76b074bd70bf02cf4d5a0e4b68b93850493e2e52019fa17ae4bd4bdeff,b1faf4b871a960dd2e14f9bb24ce18129bf16767,True,Not Active,Not Active,NVIDIA GeForce RTX 3050 Ti Laptop GPU,610.47,P0,1965,6001,28.30,62
20261005T121227Z,4,NVIDIA GeForce RTX 3050 Ti Laptop GPU,610.47,P0,1965,6001,26.58,61,2.8.0+cu128,12.8,3.4.0,1,8192,bf16,torch_reference,cuda_graph,7.133847242563441,20,5,50,71611108dd2ffe2c896d2402e035fc1614d214c7b592a247071c3286b9bdc306,bc9c4c76b074bd70bf02cf4d5a0e4b68b93850493e2e52019fa17ae4bd4bdeff,b1faf4b871a960dd2e14f9bb24ce18129bf16767,True,Not Active,Not Active,NVIDIA GeForce RTX 3050 Ti Laptop GPU,610.47,P0,1965,6001,28.30,62
20261005T121227Z,5,NVIDIA GeForce RTX 3050 Ti Laptop GPU,610.47,P0,1965,6001,26.58,61,2.8.0+cu128,12.8,3.4.0,1,8192,bf16,torch_native,cuda_graph,4.189868851064259,20,5,50,71611108dd2ffe2c896d2402e035fc1614d214c7b592a247071c3286b9bdc306,bc9c4c76b074bd70bf02cf4d5a0e4b68b93850493e2e52019fa17ae4bd4bdeff,b1faf4b871a960dd2e14f9bb24ce18129bf16767,True,Not Active,Not Active,NVIDIA GeForce RTX 3050 Ti Laptop GPU,610.47,P0,1965,6001,28.30,62
20261005T121227Z,5,NVIDIA GeForce RTX 3050 Ti Laptop GPU,610.47,P0,1965,6001,26.58,61,2.8.0+cu128,12.8,3.4.0,1,8192,bf16,triton,cuda_graph,2.3135638671994316,20,5,50,71611108dd2ffe2c896d2402e035fc1614d214c7b592a247071c3286b9bdc306,bc9c4c76b074bd70bf02cf4d5a0e4b68b93850493e2e52019fa17ae4bd4bdeff,b1faf4b871a960dd2e14f9bb24ce18129bf16767,True,Not Active,Not Active,NVIDIA GeForce RTX 3050 Ti Laptop GPU,610.47,P0,1965,6001,28.30,62
20261005T121227Z,5,NVIDIA GeForce RTX 3050 Ti Laptop GPU,610.47,P0,1965,6001,26.58,61,2.8.0+cu128,12.8,3.4.0,1,8192,bf16,torch_reference,cuda_graph,7.142243952285953,20,5,50,71611108dd2ffe2c896d2402e035fc1614d214c7b592a247071c3286b9bdc306,bc9c4c76b074bd70bf02cf4d5a0e4b68b93850493e2e52019fa17ae4bd4bdeff,b1faf4b871a960dd2e14f9bb24ce18129bf16767,True,Not Active,Not Active,NVIDIA GeForce RTX 3050 Ti Laptop GPU,610.47,P0,1965,6001,28.30,62
20261005T121227Z,1,NVIDIA GeForce RTX 3050 Ti Laptop GPU,610.47,P0,1965,6001,28.11,62,2.8.0+cu128,12.8,3.4.0,16,128,bf16,torch_reference,cuda_graph,4.5598924026659935,20,5,50,71611108dd2ffe2c896d2402e035fc1614d214c7b592a247071c3286b9bdc306,bc9c4c76b074bd70bf02cf4d5a0e4b68b93850493e2e52019fa17ae4bd4bdeff,b1faf4b871a960dd2e14f9bb24ce18129bf16767,True,Not Active,Not Active,NVIDIA GeForce RTX 3050 Ti Laptop GPU,610.47,P0,1965,6001,26.32,61
20261005T121227Z,1,NVIDIA GeForce RTX 3050 Ti Laptop GPU,610.47,P0,1965,6001,28.11,62,2.8.0+cu128,12.8,3.4.0,16,128,bf16,torch_native,cuda_graph,2.7479359763009206,20,5,50,71611108dd2ffe2c896d2402e035fc1614d214c7b592a247071c3286b9bdc306,bc9c4c76b074bd70bf02cf4d5a0e4b68b93850493e2e52019fa17ae4bd4bdeff,b1faf4b871a960dd2e14f9bb24ce18129bf16767,True,Not Active,Not Active,NVIDIA GeForce RTX 3050 Ti Laptop GPU,610.47,P0,1965,6001,26.32,61
20261005T121227Z,1,NVIDIA GeForce RTX 3050 Ti Laptop GPU,610.47,P0,1965,6001,28.11,62,2.8.0+cu128,12.8,3.4.0,16,128,bf16,triton,cuda_graph,1.2796012411979127,20,5,50,71611108dd2ffe2c896d2402e035fc1614d214c7b592a247071c3286b9bdc306,bc9c4c76b074bd70bf02cf4d5a0e4b68b93850493e2e52019fa17ae4bd4bdeff,b1faf4b871a960dd2e14f9bb24ce18129bf16767,True,Not Active,Not Active,NVIDIA GeForce RTX 3050 Ti Laptop GPU,610.47,P0,1965,6001,26.32,61
20261005T121227Z,2,NVIDIA GeForce RTX 3050 Ti Laptop GPU,610.47,P0,1965,6001,28.11,62,2.8.0+cu128,12.8,3.4.0,16,128,bf16,torch_reference,cuda_graph,4.551890526983585,20,5,50,71611108dd2ffe2c896d2402e035fc1614d214c7b592a247071c3286b9bdc306,bc9c4c76b074bd70bf02cf4d5a0e4b68b93850493e2e52019fa17ae4bd4bdeff,b1faf4b871a960dd2e14f9bb24ce18129bf16767,True,Not Active,Not Active,NVIDIA GeForce RTX 3050 Ti Laptop GPU,610.47,P0,1965,6001,26.32,61
20261005T121227Z,2,NVIDIA GeForce RTX 3050 Ti Laptop GPU,610.47,P0,1965,6001,28.11,62,2.8.0+cu128,12.8,3.4.0,16,128,bf16,triton,cuda_graph,1.3029181011139401,20,5,50,71611108dd2ffe2c896d2402e035fc1614d214c7b592a247071c3286b9bdc306,bc9c4c76b074bd70bf02cf4d5a0e4b68b93850493e2e52019fa17ae4bd4bdeff,b1faf4b871a960dd2e14f9bb24ce18129bf16767,True,Not Active,Not Active,NVIDIA GeForce RTX 3050 Ti Laptop GPU,610.47,P0,1965,6001,26.32,61
20261005T121227Z,2,NVIDIA GeForce RTX 3050 Ti Laptop GPU,610.47,P0,1965,6001,28.11,62,2.8.0+cu128,12.8,3.4.0,16,128,bf16,torch_native,cuda_graph,1.7898051687771461,20,5,50,71611108dd2ffe2c896d2402e035fc1614d214c7b592a247071c3286b9bdc306,bc9c4c76b074bd70bf02cf4d5a0e4b68b93850493e2e52019fa17ae4bd4bdeff,b1faf4b871a960dd2e14f9bb24ce18129bf16767,True,Not Active,Not Active,NVIDIA GeForce RTX 3050 Ti Laptop GPU,610.47,P0,1965,6001,26.32,61
20261005T121227Z,3,NVIDIA GeForce RTX 3050 Ti Laptop GPU,610.47,P0,1965,6001,28.11,62,2.8.0+cu128,12.8,3.4.0,16,128,bf16,triton,cuda_graph,1.3599215331030825,20,5,50,71611108dd2ffe2c896d2402e035fc1614d214c7b592a247071c3286b9bdc306,bc9c4c76b074bd70bf02cf4d5a0e4b68b93850493e2e52019fa17ae4bd4bdeff,b1faf4b871a960dd2e14f9bb24ce18129bf16767,True,Not Active,Not Active,NVIDIA GeForce RTX 3050 Ti Laptop GPU,610.47,P0,1965,6001,26.32,61
20261005T121227Z,3,NVIDIA GeForce RTX 3050 Ti Laptop GPU,610.47,P0,1965,6001,28.11,62,2.8.0+cu128,12.8,3.4.0,16,128,bf16,torch_reference,cuda_graph,4.581106193474429,20,5,50,71611108dd2ffe2c896d2402e035fc1614d214c7b592a247071c3286b9bdc306,bc9c4c76b074bd70bf02cf4d5a0e4b68b93850493e2e52019fa17ae4bd4bdeff,b1faf4b871a960dd2e14f9bb24ce18129bf16767,True,Not Active,Not Active,NVIDIA GeForce RTX 3050 Ti Laptop GPU,610.47,P0,1965,6001,26.32,61
20261005T121227Z,3,NVIDIA GeForce RTX 3050 Ti Laptop GPU,610.47,P0,1965,6001,28.11,62,2.8.0+cu128,12.8,3.4.0,16,128,bf16,torch_native,cuda_graph,1.7895937589036792,20,5,50,71611108dd2ffe2c896d2402e035fc1614d214c7b592a247071c3286b9bdc306,bc9c4c76b074bd70bf02cf4d5a0e4b68b93850493e2e52019fa17ae4bd4bdeff,b1faf4b871a960dd2e14f9bb24ce18129bf16767,True,Not Active,Not Active,NVIDIA GeForce RTX 3050 Ti Laptop GPU,610.47,P0,1965,6001,26.32,61
20261005T121227Z,4,NVIDIA GeForce RTX 3050 Ti Laptop GPU,610.47,P0,1965,6001,28.11,62,2.8.0+cu128,12.8,3.4.0,16,128,bf16,triton,cuda_graph,2.4137831767924434,20,5,50,71611108dd2ffe2c896d2402e035fc1614d214c7b592a247071c3286b9bdc306,bc9c4c76b074bd70bf02cf4d5a0e4b68b93850493e2e52019fa17ae4bd4bdeff,b1faf4b871a960dd2e14f9bb24ce18129bf16767,True,Not Active,Not Active,NVIDIA GeForce RTX 3050 Ti Laptop GPU,610.47,P0,1965,6001,26.32,61
20261005T121227Z,4,NVIDIA GeForce RTX 3050 Ti Laptop GPU,610.47,P0,1965,6001,28.11,62,2.8.0+cu128,12.8,3.4.0,16,128,bf16,torch_native,cuda_graph,1.7853077735129004,20,5,50,71611108dd2ffe2c896d2402e035fc1614d214c7b592a247071c3286b9bdc306,bc9c4c76b074bd70bf02cf4d5a0e4b68b93850493e2e52019fa17ae4bd4bdeff,b1faf4b871a960dd2e14f9bb24ce18129bf16767,True,Not Active,Not Active,NVIDIA GeForce RTX 3050 Ti Laptop GPU,610.47,P0,1965,6001,26.32,61
20261005T121227Z,4,NVIDIA GeForce RTX 3050 Ti Laptop GPU,610.47,P0,1965,6001,28.11,62,2.8.0+cu128,12.8,3.4.0,16,128,bf16,torch_reference,cuda_graph,4.571954358790396,20,5,50,71611108dd2ffe2c896d2402e035fc1614d214c7b592a247071c3286b9bdc306,bc9c4c76b074bd70bf02cf4d5a0e4b68b93850493e2e52019fa17ae4bd4bdeff,b1faf4b871a960dd2e14f9bb24ce18129bf16767,True,Not Active,Not Active,NVIDIA GeForce RTX 3050 Ti Laptop GPU,610.47,P0,1965,6001,26.32,61
20261005T121227Z,5,NVIDIA GeForce RTX 3050 Ti Laptop GPU,610.47,P0,1965,6001,28.11,62,2.8.0+cu128,12.8,3.4.0,16,128,bf16,torch_native,cuda_graph,2.578629703626224,20,5,50,71611108dd2ffe2c896d2402e035fc1614d214c7b592a247071c3286b9bdc306,bc9c4c76b074bd70bf02cf4d5a0e4b68b93850493e2e52019fa17ae4bd4bdeff,b1faf4b871a960dd2e14f9bb24ce18129bf16767,True,Not Active,Not Active,NVIDIA GeForce RTX 3050 Ti Laptop GPU,610.47,P0,1965,6001,26.32,61
20261005T121227Z,5,NVIDIA GeForce RTX 3050 Ti Laptop GPU,610.47,P0,1965,6001,28.11,62,2.8.0+cu128,12.8,3.4.0,16,128,bf16,triton,cuda_graph,1.3243217116385668,20,5,50,71611108dd2ffe2c896d2402e035fc1614d214c7b592a247071c3286b9bdc306,bc9c4c76b074bd70bf02cf4d5a0e4b68b93850493e2e52019fa17ae4bd4bdeff,b1faf4b871a960dd2e14f9bb24ce18129bf16767,True,Not Active,Not Active,NVIDIA GeForce RTX 3050 Ti Laptop GPU,610.47,P0,1965,6001,26.32,61
20261005T121227Z,5,NVIDIA GeForce RTX 3050 Ti Laptop GPU,610.47,P0,1965,6001,28.11,62,2.8.0+cu128,12.8,3.4.0,16,128,bf16,torch_reference,cuda_graph,4.577606542339883,20,5,50,71611108dd2ffe2c896d2402e035fc1614d214c7b592a247071c3286b9bdc306,bc9c4c76b074bd70bf02cf4d5a0e4b68b93850493e2e52019fa17ae4bd4bdeff,b1faf4b871a960dd2e14f9bb24ce18129bf16767,True,Not Active,Not Active,NVIDIA GeForce RTX 3050 Ti Laptop GPU,610.47,P0,1965,6001,26.32,61
20261005T121227Z,1,NVIDIA GeForce RTX 3050 Ti Laptop GPU,610.47,P0,1965,6001,26.32,61,2.8.0+cu128,12.8,3.4.0,16,1024,bf16,torch_reference,cuda_graph,7.559740365753039,20,5,50,71611108dd2ffe2c896d2402e035fc1614d214c7b592a247071c3286b9bdc306,bc9c4c76b074bd70bf02cf4d5a0e4b68b93850493e2e52019fa17ae4bd4bdeff,b1faf4b871a960dd2e14f9bb24ce18129bf16767,True,Not Active,Not Active,NVIDIA GeForce RTX 3050 Ti Laptop GPU,610.47,P0,1965,6001,28.43,62
20261005T121227Z,1,NVIDIA GeForce RTX 3050 Ti Laptop GPU,610.47,P0,1965,6001,26.32,61,2.8.0+cu128,12.8,3.4.0,16,1024,bf16,torch_native,cuda_graph,4.108375395643768,20,5,50,71611108dd2ffe2c896d2402e035fc1614d214c7b592a247071c3286b9bdc306,bc9c4c76b074bd70bf02cf4d5a0e4b68b93850493e2e52019fa17ae4bd4bdeff,b1faf4b871a960dd2e14f9bb24ce18129bf16767,True,Not Active,Not Active,NVIDIA GeForce RTX 3050 Ti Laptop GPU,610.47,P0,1965,6001,28.43,62
20261005T121227Z,1,NVIDIA GeForce RTX 3050 Ti Laptop GPU,610.47,P0,1965,6001,26.32,61,2.8.0+cu128,12.8,3.4.0,16,1024,bf16,triton,cuda_graph,1.4301203408287566,20,5,50,71611108dd2ffe2c896d2402e035fc1614d214c7b592a247071c3286b9bdc306,bc9c4c76b074bd70bf02cf4d5a0e4b68b93850493e2e52019fa17ae4bd4bdeff,b1faf4b871a960dd2e14f9bb24ce18129bf16767,True,Not Active,Not Active,NVIDIA GeForce RTX 3050 Ti Laptop GPU,610.47,P0,1965,6001,28.43,62
20261005T121227Z,2,NVIDIA GeForce RTX 3050 Ti Laptop GPU,610.47,P0,1965,6001,26.32,61,2.8.0+cu128,12.8,3.4.0,16,1024,bf16,torch_reference,cuda_graph,6.747367235035423,20,5,50,71611108dd2ffe2c896d2402e035fc1614d214c7b592a247071c3286b9bdc306,bc9c4c76b074bd70bf02cf4d5a0e4b68b93850493e2e52019fa17ae4bd4bdeff,b1faf4b871a960dd2e14f9bb24ce18129bf16767,True,Not Active,Not Active,NVIDIA GeForce RTX 3050 Ti Laptop GPU,610.47,P0,1965,6001,28.43,62
20261005T121227Z,2,NVIDIA GeForce RTX 3050 Ti Laptop GPU,610.47,P0,1965,6001,26.32,61,2.8.0+cu128,12.8,3.4.0,16,1024,bf16,triton,cuda_graph,1.4082401375833191,20,5,50,71611108dd2ffe2c896d2402e035fc1614d214c7b592a247071c3286b9bdc306,bc9c4c76b074bd70bf02cf4d5a0e4b68b93850493e2e52019fa17ae4bd4bdeff,b1faf4b871a960dd2e14f9bb24ce18129bf16767,True,Not Active,Not Active,NVIDIA GeForce RTX 3050 Ti Laptop GPU,610.47,P0,1965,6001,28.43,62
20261005T121227Z,2,NVIDIA GeForce RTX 3050 Ti Laptop GPU,610.47,P0,1965,6001,26.32,61,2.8.0+cu128,12.8,3.4.0,16,1024,bf16,torch_native,cuda_graph,4.123635791596912,20,5,50,71611108dd2ffe2c896d2402e035fc1614d214c7b592a247071c3286b9bdc306,bc9c4c76b074bd70bf02cf4d5a0e4b68b93850493e2e52019fa17ae4bd4bdeff,b1faf4b871a960dd2e14f9bb24ce18129bf16767,True,Not Active,Not Active,NVIDIA GeForce RTX 3050 Ti Laptop GPU,610.47,P0,1965,6001,28.43,62
20261005T121227Z,3,NVIDIA GeForce RTX 3050 Ti Laptop GPU,610.47,P0,1965,6001,26.32,61,2.8.0+cu128,12.8,3.4.0,16,1024,bf16,triton,cuda_graph,1.3951904598682647,20,5,50,71611108dd2ffe2c896d2402e035fc1614d214c7b592a247071c3286b9bdc306,bc9c4c76b074bd70bf02cf4d5a0e4b68b93850493e2e52019fa17ae4bd4bdeff,b1faf4b871a960dd2e14f9bb24ce18129bf16767,True,Not Active,Not Active,NVIDIA GeForce RTX 3050 Ti Laptop GPU,610.47,P0,1965,6001,28.43,62
20261005T121227Z,3,NVIDIA GeForce RTX 3050 Ti Laptop GPU,610.47,P0,1965,6001,26.32,61,2.8.0+cu128,12.8,3.4.0,16,1024,bf16,torch_reference,cuda_graph,6.750668000728357,20,5,50,71611108dd2ffe2c896d2402e035fc1614d214c7b592a247071c3286b9bdc306,bc9c4c76b074bd70bf02cf4d5a0e4b68b93850493e2e52019fa17ae4bd4bdeff,b1faf4b871a960dd2e14f9bb24ce18129bf16767,True,Not Active,Not Active,NVIDIA GeForce RTX 3050 Ti Laptop GPU,610.47,P0,1965,6001,28.43,62
20261005T121227Z,3,NVIDIA GeForce RTX 3050 Ti Laptop GPU,610.47,P0,1965,6001,26.32,61,2.8.0+cu128,12.8,3.4.0,16,1024,bf16,torch_native,cuda_graph,4.11187602736061,20,5,50,71611108dd2ffe2c896d2402e035fc1614d214c7b592a247071c3286b9bdc306,bc9c4c76b074bd70bf02cf4d5a0e4b68b93850493e2e52019fa17ae4bd4bdeff,b1faf4b871a960dd2e14f9bb24ce18129bf16767,True,Not Active,Not Active,NVIDIA GeForce RTX 3050 Ti Laptop GPU,610.47,P0,1965,6001,28.43,62
20261005T121227Z,4,NVIDIA GeForce RTX 3050 Ti Laptop GPU,610.47,P0,1965,6001,26.32,61,2.8.0+cu128,12.8,3.4.0,16,1024,bf16,triton,cuda_graph,1.4250506603248123,20,5,50,71611108dd2ffe2c896d2402e035fc1614d214c7b592a247071c3286b9bdc306,bc9c4c76b074bd70bf02cf4d5a0e4b68b93850493e2e52019fa17ae4bd4bdeff,b1faf4b871a960dd2e14f9bb24ce18129bf16767,True,Not Active,Not Active,NVIDIA GeForce RTX 3050 Ti Laptop GPU,610.47,P0,1965,6001,28.43,62
20261005T121227Z,4,NVIDIA GeForce RTX 3050 Ti Laptop GPU,610.47,P0,1965,6001,26.32,61,2.8.0+cu128,12.8,3.4.0,16,1024,bf16,torch_native,cuda_graph,4.116447334980178,20,5,50,71611108dd2ffe2c896d2402e035fc1614d214c7b592a247071c3286b9bdc306,bc9c4c76b074bd70bf02cf4d5a0e4b68b93850493e2e52019fa17ae4bd4bdeff,b1faf4b871a960dd2e14f9bb24ce18129bf16767,True,Not Active,Not Active,NVIDIA GeForce RTX 3050 Ti Laptop GPU,610.47,P0,1965,6001,28.43,62
20261005T121227Z,4,NVIDIA GeForce RTX 3050 Ti Laptop GPU,610.47,P0,1965,6001,26.32,61,2.8.0+cu128,12.8,3.4.0,16,1024,bf16,torch_reference,cuda_graph,6.7422806194163,20,5,50,71611108dd2ffe2c896d2402e035fc1614d214c7b592a247071c3286b9bdc306,bc9c4c76b074bd70bf02cf4d5a0e4b68b93850493e2e52019fa17ae4bd4bdeff,b1faf4b871a960dd2e14f9bb24ce18129bf16767,True,Not Active,Not Active,NVIDIA GeForce RTX 3050 Ti Laptop GPU,610.47,P0,1965,6001,28.43,62
20261005T121227Z,5,NVIDIA GeForce RTX 3050 Ti Laptop GPU,610.47,P0,1965,6001,26.32,61,2.8.0+cu128,12.8,3.4.0,16,1024,bf16,torch_native,cuda_graph,4.104103996229415,20,5,50,71611108dd2ffe2c896d2402e035fc1614d214c7b592a247071c3286b9bdc306,bc9c4c76b074bd70bf02cf4d5a0e4b68b93850493e2e52019fa17ae4bd4bdeff,b1faf4b871a960dd2e14f9bb24ce18129bf16767,True,Not Active,Not Active,NVIDIA GeForce RTX 3050 Ti Laptop GPU,610.47,P0,1965,6001,28.43,62
20261005T121227Z,5,NVIDIA GeForce RTX 3050 Ti Laptop GPU,610.47,P0,1965,6001,26.32,61,2.8.0+cu128,12.8,3.4.0,16,1024,bf16,triton,cuda_graph,1.417846161855292,20,5,50,71611108dd2ffe2c896d2402e035fc1614d214c7b592a247071c3286b9bdc306,bc9c4c76b074bd70bf02cf4d5a0e4b68b93850493e2e52019fa17ae4bd4bdeff,b1faf4b871a960dd2e14f9bb24ce18129bf16767,True,Not Active,Not Active,NVIDIA GeForce RTX 3050 Ti Laptop GPU,610.47,P0,1965,6001,28.43,62
20261005T121227Z,5,NVIDIA GeForce RTX 3050 Ti Laptop GPU,610.47,P0,1965,6001,26.32,61,2.8.0+cu128,12.8,3.4.0,16,1024,bf16,torch_reference,cuda_graph,6.806852600791238,20,5,50,71611108dd2ffe2c896d2402e035fc1614d214c7b592a247071c3286b9bdc306,bc9c4c76b074bd70bf02cf4d5a0e4b68b93850493e2e52019fa17ae4bd4bdeff,b1faf4b871a960dd2e14f9bb24ce18129bf16767,True,Not Active,Not Active,NVIDIA GeForce RTX 3050 Ti Laptop GPU,610.47,P0,1965,6001,28.43,62
20261005T121227Z,1,NVIDIA GeForce RTX 3050 Ti Laptop GPU,610.47,P0,1965,6001,28.50,62,2.8.0+cu128,12.8,3.4.0,16,4096,bf16,torch_reference,cuda_graph,6.64833369739553,20,5,50,71611108dd2ffe2c896d2402e035fc1614d214c7b592a247071c3286b9bdc306,bc9c4c76b074bd70bf02cf4d5a0e4b68b93850493e2e52019fa17ae4bd4bdeff,b1faf4b871a960dd2e14f9bb24ce18129bf16767,True,Not Active,Not Active,NVIDIA GeForce RTX 3050 Ti Laptop GPU,610.47,P0,1950,6001,37.35,65
20261005T121227Z,1,NVIDIA GeForce RTX 3050 Ti Laptop GPU,610.47,P0,1965,6001,28.50,62,2.8.0+cu128,12.8,3.4.0,16,4096,bf16,torch_native,cuda_graph,2.8463409524615244,20,5,50,71611108dd2ffe2c896d2402e035fc1614d214c7b592a247071c3286b9bdc306,bc9c4c76b074bd70bf02cf4d5a0e4b68b93850493e2e52019fa17ae4bd4bdeff,b1faf4b871a960dd2e14f9bb24ce18129bf16767,True,Not Active,Not Active,NVIDIA GeForce RTX 3050 Ti Laptop GPU,610.47,P0,1950,6001,37.35,65
20261005T121227Z,1,NVIDIA GeForce RTX 3050 Ti Laptop GPU,610.47,P0,1965,6001,28.50,62,2.8.0+cu128,12.8,3.4.0,16,4096,bf16,triton,cuda_graph,1.9071820088266824,20,5,50,71611108dd2ffe2c896d2402e035fc1614d214c7b592a247071c3286b9bdc306,bc9c4c76b074bd70bf02cf4d5a0e4b68b93850493e2e52019fa17ae4bd4bdeff,b1faf4b871a960dd2e14f9bb24ce18129bf16767,True,Not Active,Not Active,NVIDIA GeForce RTX 3050 Ti Laptop GPU,610.47,P0,1950,6001,37.35,65
20261005T121227Z,2,NVIDIA GeForce RTX 3050 Ti Laptop GPU,610.47,P0,1965,6001,28.50,62,2.8.0+cu128,12.8,3.4.0,16,4096,bf16,torch_reference,cuda_graph,6.649806614845029,20,5,50,71611108dd2ffe2c896d2402e035fc1614d214c7b592a247071c3286b9bdc306,bc9c4c76b074bd70bf02cf4d5a0e4b68b93850493e2e52019fa17ae4bd4bdeff,b1faf4b871a960dd2e14f9bb24ce18129bf16767,True,Not Active,Not Active,NVIDIA GeForce RTX 3050 Ti Laptop GPU,610.47,P0,1950,6001,37.35,65
20261005T121227Z,2,NVIDIA GeForce RTX 3050 Ti Laptop GPU,610.47,P0,1965,6001,28.50,62,2.8.0+cu128,12.8,3.4.0,16,4096,bf16,triton,cuda_graph,1.9082541325513054,20,5,50,71611108dd2ffe2c896d2402e035fc1614d214c7b592a247071c3286b9bdc306,bc9c4c76b074bd70bf02cf4d5a0e4b68b93850493e2e52019fa17ae4bd4bdeff,b1faf4b871a960dd2e14f9bb24ce18129bf16767,True,Not Active,Not Active,NVIDIA GeForce RTX 3050 Ti Laptop GPU,610.47,P0,1950,6001,37.35,65
20261005T121227Z,2,NVIDIA GeForce RTX 3050 Ti Laptop GPU,610.47,P0,1965,6001,28.50,62,2.8.0+cu128,12.8,3.4.0,16,4096,bf16,torch_native,cuda_graph,2.8357555628589495,20,5,50,71611108dd2ffe2c896d2402e035fc1614d214c7b592a247071c3286b9bdc306,bc9c4c76b074bd70bf02cf4d5a0e4b68b93850493e2e52019fa17ae4bd4bdeff,b1faf4b871a960dd2e14f9bb24ce18129bf16767,True,Not Active,Not Active,NVIDIA GeForce RTX 3050 Ti Laptop GPU,610.47,P0,1950,6001,37.35,65
20261005T121227Z,3,NVIDIA GeForce RTX 3050 Ti Laptop GPU,610.47,P0,1965,6001,28.50,62,2.8.0+cu128,12.8,3.4.0,16,4096,bf16,triton,cuda_graph,1.916829637349374,20,5,50,71611108dd2ffe2c896d2402e035fc1614d214c7b592a247071c3286b9bdc306,bc9c4c76b074bd70bf02cf4d5a0e4b68b93850493e2e52019fa17ae4bd4bdeff,b1faf4b871a960dd2e14f9bb24ce18129bf16767,True,Not Active,Not Active,NVIDIA GeForce RTX 3050 Ti Laptop GPU,610.47,P0,1950,6001,37.35,65
20261005T121227Z,3,NVIDIA GeForce RTX 3050 Ti Laptop GPU,610.47,P0,1965,6001,28.50,62,2.8.0+cu128,12.8,3.4.0,16,4096,bf16,torch_reference,cuda_graph,6.659860548042779,20,5,50,71611108dd2ffe2c896d2402e035fc1614d214c7b592a247071c3286b9bdc306,bc9c4c76b074bd70bf02cf4d5a0e4b68b93850493e2e52019fa17ae4bd4bdeff,b1faf4b871a960dd2e14f9bb24ce18129bf16767,True,Not Active,Not Active,NVIDIA GeForce RTX 3050 Ti Laptop GPU,610.47,P0,1950,6001,37.35,65
20261005T121227Z,3,NVIDIA GeForce RTX 3050 Ti Laptop GPU,610.47,P0,1965,6001,28.50,62,2.8.0+cu128,12.8,3.4.0,16,4096,bf16,torch_native,cuda_graph,2.846460805160587,20,5,50,71611108dd2ffe2c896d2402e035fc1614d214c7b592a247071c3286b9bdc306,bc9c4c76b074bd70bf02cf4d5a0e4b68b93850493e2e52019fa17ae4bd4bdeff,b1faf4b871a960dd2e14f9bb24ce18129bf16767,True,Not Active,Not Active,NVIDIA GeForce RTX 3050 Ti Laptop GPU,610.47,P0,1950,6001,37.35,65
20261005T121227Z,4,NVIDIA GeForce RTX 3050 Ti Laptop GPU,610.47,P0,1965,6001,28.50,62,2.8.0+cu128,12.8,3.4.0,16,4096,bf16,triton,cuda_graph,1.9293714542778173,20,5,50,71611108dd2ffe2c896d2402e035fc1614d214c7b592a247071c3286b9bdc306,bc9c4c76b074bd70bf02cf4d5a0e4b68b93850493e2e52019fa17ae4bd4bdeff,b1faf4b871a960dd2e14f9bb24ce18129bf16767,True,Not Active,Not Active,NVIDIA GeForce RTX 3050 Ti Laptop GPU,610.47,P0,1950,6001,37.35,65
20261005T121227Z,4,NVIDIA GeForce RTX 3050 Ti Laptop GPU,610.47,P0,1965,6001,28.50,62,2.8.0+cu128,12.8,3.4.0,16,4096,bf16,torch_native,cuda_graph,3.038896568890275,20,5,50,71611108dd2ffe2c896d2402e035fc1614d214c7b592a247071c3286b9bdc306,bc9c4c76b074bd70bf02cf4d5a0e4b68b93850493e2e52019fa17ae4bd4bdeff,b1faf4b871a960dd2e14f9bb24ce18129bf16767,True,Not Active,Not Active,NVIDIA GeForce RTX 3050 Ti Laptop GPU,610.47,P0,1950,6001,37.35,65
20261005T121227Z,4,NVIDIA GeForce RTX 3050 Ti Laptop GPU,610.47,P0,1965,6001,28.50,62,2.8.0+cu128,12.8,3.4.0,16,4096,bf16,torch_reference,cuda_graph,6.687295257285461,20,5,50,71611108dd2ffe2c896d2402e035fc1614d214c7b592a247071c3286b9bdc306,bc9c4c76b074bd70bf02cf4d5a0e4b68b93850493e2e52019fa17ae4bd4bdeff,b1faf4b871a960dd2e14f9bb24ce18129bf16767,True,Not Active,Not Active,NVIDIA GeForce RTX 3050 Ti Laptop GPU,610.47,P0,1950,6001,37.35,65
20261005T121227Z,5,NVIDIA GeForce RTX 3050 Ti Laptop GPU,610.47,P0,1965,6001,28.50,62,2.8.0+cu128,12.8,3.4.0,16,4096,bf16,torch_native,cuda_graph,2.836020345482905,20,5,50,71611108dd2ffe2c896d2402e035fc1614d214c7b592a247071c3286b9bdc306,bc9c4c76b074bd70bf02cf4d5a0e4b68b93850493e2e52019fa17ae4bd4bdeff,b1faf4b871a960dd2e14f9bb24ce18129bf16767,True,Not Active,Not Active,NVIDIA GeForce RTX 3050 Ti Laptop GPU,610.47,P0,1950,6001,37.35,65
20261005T121227Z,5,NVIDIA GeForce RTX 3050 Ti Laptop GPU,610.47,P0,1965,6001,28.50,62,2.8.0+cu128,12.8,3.4.0,16,4096,bf16,triton,cuda_graph,1.9085520308295303,20,5,50,71611108dd2ffe2c896d2402e035fc1614d214c7b592a247071c3286b9bdc306,bc9c4c76b074bd70bf02cf4d5a0e4b68b93850493e2e52019fa17ae4bd4bdeff,b1faf4b871a960dd2e14f9bb24ce18129bf16767,True,Not Active,Not Active,NVIDIA GeForce RTX 3050 Ti Laptop GPU,610.47,P0,1950,6001,37.35,65
20261005T121227Z,5,NVIDIA GeForce RTX 3050 Ti Laptop GPU,610.47,P0,1965,6001,28.50,62,2.8.0+cu128,12.8,3.4.0,16,4096,bf16,torch_reference,cuda_graph,6.667016471018557,20,5,50,71611108dd2ffe2c896d2402e035fc1614d214c7b592a247071c3286b9bdc306,bc9c4c76b074bd70bf02cf4d5a0e4b68b93850493e2e52019fa17ae4bd4bdeff,b1faf4b871a960dd2e14f9bb24ce18129bf16767,True,Not Active,Not Active,NVIDIA GeForce RTX 3050 Ti Laptop GPU,610.47,P0,1950,6001,37.35,65
20261005T121227Z,1,NVIDIA GeForce RTX 3050 Ti Laptop GPU,610.47,P0,1950,6001,37.54,65,2.8.0+cu128,12.8,3.4.0,16,8192,bf16,torch_reference,cuda_graph,10.44964249018738,20,5,50,71611108dd2ffe2c896d2402e035fc1614d214c7b592a247071c3286b9bdc306,bc9c4c76b074bd70bf02cf4d5a0e4b68b93850493e2e52019fa17ae4bd4bdeff,b1faf4b871a960dd2e14f9bb24ce18129bf16767,True,Not Active,Not Active,NVIDIA GeForce RTX 3050 Ti Laptop GPU,610.47,P0,1950,6001,51.15,66
20261005T121227Z,1,NVIDIA GeForce RTX 3050 Ti Laptop GPU,610.47,P0,1950,6001,37.54,65,2.8.0+cu128,12.8,3.4.0,16,8192,bf16,torch_native,cuda_graph,4.331619658644743,20,5,50,71611108dd2ffe2c896d2402e035fc1614d214c7b592a247071c3286b9bdc306,bc9c4c76b074bd70bf02cf4d5a0e4b68b93850493e2e52019fa17ae4bd4bdeff,b1faf4b871a960dd2e14f9bb24ce18129bf16767,True,Not Active,Not Active,NVIDIA GeForce RTX 3050 Ti Laptop GPU,610.47,P0,1950,6001,51.15,66
20261005T121227Z,1,NVIDIA GeForce RTX 3050 Ti Laptop GPU,610.47,P0,1950,6001,37.54,65,2.8.0+cu128,12.8,3.4.0,16,8192,bf16,triton,cuda_graph,2.733018192542991,20,5,50,71611108dd2ffe2c896d2402e035fc1614d214c7b592a247071c3286b9bdc306,bc9c4c76b074bd70bf02cf4d5a0e4b68b93850493e2e52019fa17ae4bd4bdeff,b1faf4b871a960dd2e14f9bb24ce18129bf16767,True,Not Active,Not Active,NVIDIA GeForce RTX 3050 Ti Laptop GPU,610.47,P0,1950,6001,51.15,66
20261005T121227Z,2,NVIDIA GeForce RTX 3050 Ti Laptop GPU,610.47,P0,1950,6001,37.54,65,2.8.0+cu128,12.8,3.4.0,16,8192,bf16,torch_reference,cuda_graph,10.460588480407447,20,5,50,71611108dd2ffe2c896d2402e035fc1614d214c7b592a247071c3286b9bdc306,bc9c4c76b074bd70bf02cf4d5a0e4b68b93850493e2e52019fa17ae4bd4bdeff,b1faf4b871a960dd2e14f9bb24ce18129bf16767,True,Not Active,Not Active,NVIDIA GeForce RTX 3050 Ti Laptop GPU,610.47,P0,1950,6001,51.15,66
20261005T121227Z,2,NVIDIA GeForce RTX 3050 Ti Laptop GPU,610.47,P0,1950,6001,37.54,65,2.8.0+cu128,12.8,3.4.0,16,8192,bf16,triton,cuda_graph,2.815366141164644,20,5,50,71611108dd2ffe2c896d2402e035fc1614d214c7b592a247071c3286b9bdc306,bc9c4c76b074bd70bf02cf4d5a0e4b68b93850493e2e52019fa17ae4bd4bdeff,b1faf4b871a960dd2e14f9bb24ce18129bf16767,True,Not Active,Not Active,NVIDIA GeForce RTX 3050 Ti Laptop GPU,610.47,P0,1950,6001,51.15,66
20261005T121227Z,2,NVIDIA GeForce RTX 3050 Ti Laptop GPU,610.47,P0,1950,6001,37.54,65,2.8.0+cu128,12.8,3.4.0,16,8192,bf16,torch_native,cuda_graph,4.327641235752084,20,5,50,71611108dd2ffe2c896d2402e035fc1614d214c7b592a247071c3286b9bdc306,bc9c4c76b074bd70bf02cf4d5a0e4b68b93850493e2e52019fa17ae4bd4bdeff,b1faf4b871a960dd2e14f9bb24ce18129bf16767,True,Not Active,Not Active,NVIDIA GeForce RTX 3050 Ti Laptop GPU,610.47,P0,1950,6001,51.15,66
20261005T121227Z,3,NVIDIA GeForce RTX 3050 Ti Laptop GPU,610.47,P0,1950,6001,37.54,65,2.8.0+cu128,12.8,3.4.0,16,8192,bf16,triton,cuda_graph,2.742177040263731,20,5,50,71611108dd2ffe2c896d2402e035fc1614d214c7b592a247071c3286b9bdc306,bc9c4c76b074bd70bf02cf4d5a0e4b68b93850493e2e52019fa17ae4bd4bdeff,b1faf4b871a960dd2e14f9bb24ce18129bf16767,True,Not Active,Not Active,NVIDIA GeForce RTX 3050 Ti Laptop GPU,610.47,P0,1950,6001,51.15,66
20261005T121227Z,3,NVIDIA GeForce RTX 3050 Ti Laptop GPU,610.47,P0,1950,6001,37.54,65,2.8.0+cu128,12.8,3.4.0,16,8192,bf16,torch_reference,cuda_graph,10.44692963268316,20,5,50,71611108dd2ffe2c896d2402e035fc1614d214c7b592a247071c3286b9bdc306,bc9c4c76b074bd70bf02cf4d5a0e4b68b93850493e2e52019fa17ae4bd4bdeff,b1faf4b871a960dd2e14f9bb24ce18129bf16767,True,Not Active,Not Active,NVIDIA GeForce RTX 3050 Ti Laptop GPU,610.47,P0,1950,6001,51.15,66
20261005T121227Z,3,NVIDIA GeForce RTX 3050 Ti Laptop GPU,610.47,P0,1950,6001,37.54,65,2.8.0+cu128,12.8,3.4.0,16,8192,bf16,torch_native,cuda_graph,4.328213678003581,20,5,50,71611108dd2ffe2c896d2402e035fc1614d214c7b592a247071c3286b9bdc306,bc9c4c76b074bd70bf02cf4d5a0e4b68b93850493e2e52019fa17ae4bd4bdeff,b1faf4b871a960dd2e14f9bb24ce18129bf16767,True,Not Active,Not Active,NVIDIA GeForce RTX 3050 Ti Laptop GPU,610.47,P0,1950,6001,51.15,66
20261005T121227Z,4,NVIDIA GeForce RTX 3050 Ti Laptop GPU,610.47,P0,1950,6001,37.54,65,2.8.0+cu128,12.8,3.4.0,16,8192,bf16,triton,cuda_graph,2.7213806388247845,20,5,50,71611108dd2ffe2c896d2402e035fc1614d214c7b592a247071c3286b9bdc306,bc9c4c76b074bd70bf02cf4d5a0e4b68b93850493e2e52019fa17ae4bd4bdeff,b1faf4b871a960dd2e14f9bb24ce18129bf16767,True,Not Active,Not Active,NVIDIA GeForce RTX 3050 Ti Laptop GPU,610.47,P0,1950,6001,51.15,66
20261005T121227Z,4,NVIDIA GeForce RTX 3050 Ti Laptop GPU,610.47,P0,1950,6001,37.54,65,2.8.0+cu128,12.8,3.4.0,16,8192,bf16,torch_native,cuda_graph,4.326253916839731,20,5,50,71611108dd2ffe2c896d2402e035fc1614d214c7b592a247071c3286b9bdc306,bc9c4c76b074bd70bf02cf4d5a0e4b68b93850493e2e52019fa17ae4bd4bdeff,b1faf4b871a960dd2e14f9bb24ce18129bf16767,True,Not Active,Not Active,NVIDIA GeForce RTX 3050 Ti Laptop GPU,610.47,P0,1950,6001,51.15,66
20261005T121227Z,4,NVIDIA GeForce RTX 3050 Ti Laptop GPU,610.47,P0,1950,6001,37.54,65,2.8.0+cu128,12.8,3.4.0,16,8192,bf16,torch_reference,cuda_graph,10.434224758715095,20,5,50,71611108dd2ffe2c896d2402e035fc1614d214c7b592a247071c3286b9bdc306,bc9c4c76b074bd70bf02cf4d5a0e4b68b93850493e2e52019fa17ae4bd4bdeff,b1faf4b871a960dd2e14f9bb24ce18129bf16767,True,Not Active,Not Active,NVIDIA GeForce RTX 3050 Ti Laptop GPU,610.47,P0,1950,6001,51.15,66
20261005T121227Z,5,NVIDIA GeForce RTX 3050 Ti Laptop GPU,610.47,P0,1950,6001,37.54,65,2.8.0+cu128,12.8,3.4.0,16,8192,bf16,torch_native,cuda_graph,4.32586669921875,20,5,50,71611108dd2ffe2c896d2402e035fc1614d214c7b592a247071c3286b9bdc306,bc9c4c76b074bd70bf02cf4d5a0e4b68b93850493e2e52019fa17ae4bd4bdeff,b1faf4b871a960dd2e14f9bb24ce18129bf16767,True,Not Active,Not Active,NVIDIA GeForce RTX 3050 Ti Laptop GPU,610.47,P0,1950,6001,51.15,66
20261005T121227Z,5,NVIDIA GeForce RTX 3050 Ti Laptop GPU,610.47,P0,1950,6001,37.54,65,2.8.0+cu128,12.8,3.4.0,16,8192,bf16,triton,cuda_graph,2.742622467066278,20,5,50,71611108dd2ffe2c896d2402e035fc1614d214c7b592a247071c3286b9bdc306,bc9c4c76b074bd70bf02cf4d5a0e4b68b93850493e2e52019fa17ae4bd4bdeff,b1faf4b871a960dd2e14f9bb24ce18129bf16767,True,Not Active,Not Active,NVIDIA GeForce RTX 3050 Ti Laptop GPU,610.47,P0,1950,6001,51.15,66
20261005T121227Z,5,NVIDIA GeForce RTX 3050 Ti Laptop GPU,610.47,P0,1950,6001,37.54,65,2.8.0+cu128,12.8,3.4.0,16,8192,bf16,torch_reference,cuda_graph,10.445589326026681,20,5,50,71611108dd2ffe2c896d2402e035fc1614d214c7b592a247071c3286b9bdc306,bc9c4c76b074bd70bf02cf4d5a0e4b68b93850493e2e52019fa17ae4bd4bdeff,b1faf4b871a960dd2e14f9bb24ce18129bf16767,True,Not Active,Not Active,NVIDIA GeForce RTX 3050 Ti Laptop GPU,610.47,P0,1950,6001,51.15,66
20261005T121227Z,1,NVIDIA GeForce RTX 3050 Ti Laptop GPU,610.47,P0,1950,6001,49.10,66,2.8.0+cu128,12.8,3.4.0,128,128,bf16,torch_reference,cuda_graph,4.815100699432136,20,5,50,71611108dd2ffe2c896d2402e035fc1614d214c7b592a247071c3286b9bdc306,bc9c4c76b074bd70bf02cf4d5a0e4b68b93850493e2e52019fa17ae4bd4bdeff,b1faf4b871a960dd2e14f9bb24ce18129bf16767,True,Not Active,Not Active,NVIDIA GeForce RTX 3050 Ti Laptop GPU,610.47,P0,1950,6001,31.17,63
20261005T121227Z,1,NVIDIA GeForce RTX 3050 Ti Laptop GPU,610.47,P0,1950,6001,49.10,66,2.8.0+cu128,12.8,3.4.0,128,128,bf16,torch_native,cuda_graph,1.845527187851835,20,5,50,71611108dd2ffe2c896d2402e035fc1614d214c7b592a247071c3286b9bdc306,bc9c4c76b074bd70bf02cf4d5a0e4b68b93850493e2e52019fa17ae4bd4bdeff,b1faf4b871a960dd2e14f9bb24ce18129bf16767,True,Not Active,Not Active,NVIDIA GeForce RTX 3050 Ti Laptop GPU,610.47,P0,1950,6001,31.17,63
20261005T121227Z,1,NVIDIA GeForce RTX 3050 Ti Laptop GPU,610.47,P0,1950,6001,49.10,66,2.8.0+cu128,12.8,3.4.0,128,128,bf16,triton,cuda_graph,1.7249725854375026,20,5,50,71611108dd2ffe2c896d2402e035fc1614d214c7b592a247071c3286b9bdc306,bc9c4c76b074bd70bf02cf4d5a0e4b68b93850493e2e52019fa17ae4bd4bdeff,b1faf4b871a960dd2e14f9bb24ce18129bf16767,True,Not Active,Not Active,NVIDIA GeForce RTX 3050 Ti Laptop GPU,610.47,P0,1950,6001,31.17,63
20261005T121227Z,2,NVIDIA GeForce RTX 3050 Ti Laptop GPU,610.47,P0,1950,6001,49.10,66,2.8.0+cu128,12.8,3.4.0,128,128,bf16,torch_reference,cuda_graph,4.788585195146824,20,5,50,71611108dd2ffe2c896d2402e035fc1614d214c7b592a247071c3286b9bdc306,bc9c4c76b074bd70bf02cf4d5a0e4b68b93850493e2e52019fa17ae4bd4bdeff,b1faf4b871a960dd2e14f9bb24ce18129bf16767,True,Not Active,Not Active,NVIDIA GeForce RTX 3050 Ti Laptop GPU,610.47,P0,1950,6001,31.17,63
20261005T121227Z,2,NVIDIA GeForce RTX 3050 Ti Laptop GPU,610.47,P0,1950,6001,49.10,66,2.8.0+cu128,12.8,3.4.0,128,128,bf16,triton,cuda_graph,1.722303672610777,20,5,50,71611108dd2ffe2c896d2402e035fc1614d214c7b592a247071c3286b9bdc306,bc9c4c76b074bd70bf02cf4d5a0e4b68b93850493e2e52019fa17ae4bd4bdeff,b1faf4b871a960dd2e14f9bb24ce18129bf16767,True,Not Active,Not Active,NVIDIA GeForce RTX 3050 Ti Laptop GPU,610.47,P0,1950,6001,31.17,63
20261005T121227Z,2,NVIDIA GeForce RTX 3050 Ti Laptop GPU,610.47,P0,1950,6001,49.10,66,2.8.0+cu128,12.8,3.4.0,128,128,bf16,torch_native,cuda_graph,1.8476056574580064,20,5,50,71611108dd2ffe2c896d2402e035fc1614d214c7b592a247071c3286b9bdc306,bc9c4c76b074bd70bf02cf4d5a0e4b68b93850493e2e52019fa17ae4bd4bdeff,b1faf4b871a960dd2e14f9bb24ce18129bf16767,True,Not Active,Not Active,NVIDIA GeForce RTX 3050 Ti Laptop GPU,610.47,P0,1950,6001,31.17,63
20261005T121227Z,3,NVIDIA GeForce RTX 3050 Ti Laptop GPU,610.47,P0,1950,6001,49.10,66,2.8.0+cu128,12.8,3.4.0,128,128,bf16,triton,cuda_graph,1.7270763953407666,20,5,50,71611108dd2ffe2c896d2402e035fc1614d214c7b592a247071c3286b9bdc306,bc9c4c76b074bd70bf02cf4d5a0e4b68b93850493e2e52019fa17ae4bd4bdeff,b1faf4b871a960dd2e14f9bb24ce18129bf16767,True,Not Active,Not Active,NVIDIA GeForce RTX 3050 Ti Laptop GPU,610.47,P0,1950,6001,31.17,63
20261005T121227Z,3,NVIDIA GeForce RTX 3050 Ti Laptop GPU,610.47,P0,1950,6001,49.10,66,2.8.0+cu128,12.8,3.4.0,128,128,bf16,torch_reference,cuda_graph,4.779199903661555,20,5,50,71611108dd2ffe2c896d2402e035fc1614d214c7b592a247071c3286b9bdc306,bc9c4c76b074bd70bf02cf4d5a0e4b68b93850493e2e52019fa17ae4bd4bdeff,b1faf4b871a960dd2e14f9bb24ce18129bf16767,True,Not Active,Not Active,NVIDIA GeForce RTX 3050 Ti Laptop GPU,610.47,P0,1950,6001,31.17,63
20261005T121227Z,3,NVIDIA GeForce RTX 3050 Ti Laptop GPU,610.47,P0,1950,6001,49.10,66,2.8.0+cu128,12.8,3.4.0,128,128,bf16,torch_native,cuda_graph,1.8353265902904956,20,5,50,71611108dd2ffe2c896d2402e035fc1614d214c7b592a247071c3286b9bdc306,bc9c4c76b074bd70bf02cf4d5a0e4b68b93850493e2e52019fa17ae4bd4bdeff,b1faf4b871a960dd2e14f9bb24ce18129bf16767,True,Not Active,Not Active,NVIDIA GeForce RTX 3050 Ti Laptop GPU,610.47,P0,1950,6001,31.17,63
20261005T121227Z,4,NVIDIA GeForce RTX 3050 Ti Laptop GPU,610.47,P0,1950,6001,49.10,66,2.8.0+cu128,12.8,3.4.0,128,128,bf16,triton,cuda_graph,1.7590128210945424,20,5,50,71611108dd2ffe2c896d2402e035fc1614d214c7b592a247071c3286b9bdc306,bc9c4c76b074bd70bf02cf4d5a0e4b68b93850493e2e52019fa17ae4bd4bdeff,b1faf4b871a960dd2e14f9bb24ce18129bf16767,True,Not Active,Not Active,NVIDIA GeForce RTX 3050 Ti Laptop GPU,610.47,P0,1950,6001,31.17,63
20261005T121227Z,4,NVIDIA GeForce RTX 3050 Ti Laptop GPU,610.47,P0,1950,6001,49.10,66,2.8.0+cu128,12.8,3.4.0,128,128,bf16,torch_native,cuda_graph,1.8436120069722537,20,5,50,71611108dd2ffe2c896d2402e035fc1614d214c7b592a247071c3286b9bdc306,bc9c4c76b074bd70bf02cf4d5a0e4b68b93850493e2e52019fa17ae4bd4bdeff,b1faf4b871a960dd2e14f9bb24ce18129bf16767,True,Not Active,Not Active,NVIDIA GeForce RTX 3050 Ti Laptop GPU,610.47,P0,1950,6001,31.17,63
20261005T121227Z,4,NVIDIA GeForce RTX 3050 Ti Laptop GPU,610.47,P0,1950,6001,49.10,66,2.8.0+cu128,12.8,3.4.0,128,128,bf16,torch_reference,cuda_graph,4.7987177053513514,20,5,50,71611108dd2ffe2c896d2402e035fc1614d214c7b592a247071c3286b9bdc306,bc9c4c76b074bd70bf02cf4d5a0e4b68b93850493e2e52019fa17ae4bd4bdeff,b1faf4b871a960dd2e14f9bb24ce18129bf16767,True,Not Active,Not Active,NVIDIA GeForce RTX 3050 Ti Laptop GPU,610.47,P0,1950,6001,31.17,63
20261005T121227Z,5,NVIDIA GeForce RTX 3050 Ti Laptop GPU,610.47,P0,1950,6001,49.10,66,2.8.0+cu128,12.8,3.4.0,128,128,bf16,torch_native,cuda_graph,1.8522915439070942,20,5,50,71611108dd2ffe2c896d2402e035fc1614d214c7b592a247071c3286b9bdc306,bc9c4c76b074bd70bf02cf4d5a0e4b68b93850493e2e52019fa17ae4bd4bdeff,b1faf4b871a960dd2e14f9bb24ce18129bf16767,True,Not Active,Not Active,NVIDIA GeForce RTX 3050 Ti Laptop GPU,610.47,P0,1950,6001,31.17,63
20261005T121227Z,5,NVIDIA GeForce RTX 3050 Ti Laptop GPU,610.47,P0,1950,6001,49.10,66,2.8.0+cu128,12.8,3.4.0,128,128,bf16,triton,cuda_graph,1.7191349064626023,20,5,50,71611108dd2ffe2c896d2402e035fc1614d214c7b592a247071c3286b9bdc306,bc9c4c76b074bd70bf02cf4d5a0e4b68b93850493e2e52019fa17ae4bd4bdeff,b1faf4b871a960dd2e14f9bb24ce18129bf16767,True,Not Active,Not Active,NVIDIA GeForce RTX 3050 Ti Laptop GPU,610.47,P0,1950,6001,31.17,63
20261005T121227Z,5,NVIDIA GeForce RTX 3050 Ti Laptop GPU,610.47,P0,1950,6001,49.10,66,2.8.0+cu128,12.8,3.4.0,128,128,bf16,torch_reference,cuda_graph,4.759159365469698,20,5,50,71611108dd2ffe2c896d2402e035fc1614d214c7b592a247071c3286b9bdc306,bc9c4c76b074bd70bf02cf4d5a0e4b68b93850493e2e52019fa17ae4bd4bdeff,b1faf4b871a960dd2e14f9bb24ce18129bf16767,True,Not Active,Not Active,NVIDIA GeForce RTX 3050 Ti Laptop GPU,610.47,P0,1950,6001,31.17,63
20261005T121227Z,1,NVIDIA GeForce RTX 3050 Ti Laptop GPU,610.47,P0,1950,6001,31.52,63,2.8.0+cu128,12.8,3.4.0,128,1024,bf16,torch_reference,cuda_graph,10.046296699872036,20,5,50,71611108dd2ffe2c896d2402e035fc1614d214c7b592a247071c3286b9bdc306,bc9c4c76b074bd70bf02cf4d5a0e4b68b93850493e2e52019fa17ae4bd4bdeff,b1faf4b871a960dd2e14f9bb24ce18129bf16767,True,Not Active,Not Active,NVIDIA GeForce RTX 3050 Ti Laptop GPU,610.47,P0,1950,6001,44.38,65
20261005T121227Z,1,NVIDIA GeForce RTX 3050 Ti Laptop GPU,610.47,P0,1950,6001,31.52,63,2.8.0+cu128,12.8,3.4.0,128,1024,bf16,torch_native,cuda_graph,4.512438161737369,20,5,50,71611108dd2ffe2c896d2402e035fc1614d214c7b592a247071c3286b9bdc306,bc9c4c76b074bd70bf02cf4d5a0e4b68b93850493e2e52019fa17ae4bd4bdeff,b1faf4b871a960dd2e14f9bb24ce18129bf16767,True,Not Active,Not Active,NVIDIA GeForce RTX 3050 Ti Laptop GPU,610.47,P0,1950,6001,44.38,65
20261005T121227Z,1,NVIDIA GeForce RTX 3050 Ti Laptop GPU,610.47,P0,1950,6001,31.52,63,2.8.0+cu128,12.8,3.4.0,128,1024,bf16,triton,cuda_graph,2.2200391036291465,20,5,50,71611108dd2ffe2c896d2402e035fc1614d214c7b592a247071c3286b9bdc306,bc9c4c76b074bd70bf02cf4d5a0e4b68b93850493e2e52019fa17ae4bd4bdeff,b1faf4b871a960dd2e14f9bb24ce18129bf16767,True,Not Active,Not Active,NVIDIA GeForce RTX 3050 Ti Laptop GPU,610.47,P0,1950,6001,44.38,65
20261005T121227Z,2,NVIDIA GeForce RTX 3050 Ti Laptop GPU,610.47,P0,1950,6001,31.52,63,2.8.0+cu128,12.8,3.4.0,128,1024,bf16,torch_reference,cuda_graph,10.072410520005986,20,5,50,71611108dd2ffe2c896d2402e035fc1614d214c7b592a247071c3286b9bdc306,bc9c4c76b074bd70bf02cf4d5a0e4b68b93850493e2e52019fa17ae4bd4bdeff,b1faf4b871a960dd2e14f9bb24ce18129bf16767,True,Not Active,Not Active,NVIDIA GeForce RTX 3050 Ti Laptop GPU,610.47,P0,1950,6001,44.38,65
20261005T121227Z,2,NVIDIA GeForce RTX 3050 Ti Laptop GPU,610.47,P0,1950,6001,31.52,63,2.8.0+cu128,12.8,3.4.0,128,1024,bf16,triton,cuda_graph,2.2260870368482717,20,5,50,71611108dd2ffe2c896d2402e035fc1614d214c7b592a247071c3286b9bdc306,bc9c4c76b074bd70bf02cf4d5a0e4b68b93850493e2e52019fa17ae4bd4bdeff,b1faf4b871a960dd2e14f9bb24ce18129bf16767,True,Not Active,Not Active,NVIDIA GeForce RTX 3050 Ti Laptop GPU,610.47,P0,1950,6001,44.38,65
20261005T121227Z,2,NVIDIA GeForce RTX 3050 Ti Laptop GPU,610.47,P0,1950,6001,31.52,63,2.8.0+cu128,12.8,3.4.0,128,1024,bf16,torch_native,cuda_graph,4.512000011234749,20,5,50,71611108dd2ffe2c896d2402e035fc1614d214c7b592a247071c3286b9bdc306,bc9c4c76b074bd70bf02cf4d5a0e4b68b93850493e2e52019fa17ae4bd4bdeff,b1faf4b871a960dd2e14f9bb24ce18129bf16767,True,Not Active,Not Active,NVIDIA GeForce RTX 3050 Ti Laptop GPU,610.47,P0,1950,6001,44.38,65
20261005T121227Z,3,NVIDIA GeForce RTX 3050 Ti Laptop GPU,610.47,P0,1950,6001,31.52,63,2.8.0+cu128,12.8,3.4.0,128,1024,bf16,triton,cuda_graph,2.2276395636055093,20,5,50,71611108dd2ffe2c896d2402e035fc1614d214c7b592a247071c3286b9bdc306,bc9c4c76b074bd70bf02cf4d5a0e4b68b93850493e2e52019fa17ae4bd4bdeff,b1faf4b871a960dd2e14f9bb24ce18129bf16767,True,Not Active,Not Active,NVIDIA GeForce RTX 3050 Ti Laptop GPU,610.47,P0,1950,6001,44.38,65
20261005T121227Z,3,NVIDIA GeForce RTX 3050 Ti Laptop GPU,610.47,P0,1950,6001,31.52,63,2.8.0+cu128,12.8,3.4.0,128,1024,bf16,torch_reference,cuda_graph,10.070432186126709,20,5,50,71611108dd2ffe2c896d2402e035fc1614d214c7b592a247071c3286b9bdc306,bc9c4c76b074bd70bf02cf4d5a0e4b68b93850493e2e52019fa17ae4bd4bdeff,b1faf4b871a960dd2e14f9bb24ce18129bf16767,True,Not Active,Not Active,NVIDIA GeForce RTX 3050 Ti Laptop GPU,610.47,P0,1950,6001,44.38,65
20261005T121227Z,3,NVIDIA GeForce RTX 3050 Ti Laptop GPU,610.47,P0,1950,6001,31.52,63,2.8.0+cu128,12.8,3.4.0,128,1024,bf16,torch_native,cuda_graph,4.52899278224922,20,5,50,71611108dd2ffe2c896d2402e035fc1614d214c7b592a247071c3286b9bdc306,bc9c4c76b074bd70bf02cf4d5a0e4b68b93850493e2e52019fa17ae4bd4bdeff,b1faf4b871a960dd2e14f9bb24ce18129bf16767,True,Not Active,Not Active,NVIDIA GeForce RTX 3050 Ti Laptop GPU,610.47,P0,1950,6001,44.38,65
20261005T121227Z,4,NVIDIA GeForce RTX 3050 Ti Laptop GPU,610.47,P0,1950,6001,31.52,63,2.8.0+cu128,12.8,3.4.0,128,1024,bf16,triton,cuda_graph,2.221330159566268,20,5,50,71611108dd2ffe2c896d2402e035fc1614d214c7b592a247071c3286b9bdc306,bc9c4c76b074bd70bf02cf4d5a0e4b68b93850493e2e52019fa17ae4bd4bdeff,b1faf4b871a960dd2e14f9bb24ce18129bf16767,True,Not Active,Not Active,NVIDIA GeForce RTX 3050 Ti Laptop GPU,610.47,P0,1950,6001,44.38,65
20261005T121227Z,4,NVIDIA GeForce RTX 3050 Ti Laptop GPU,610.47,P0,1950,6001,31.52,63,2.8.0+cu128,12.8,3.4.0,128,1024,bf16,torch_native,cuda_graph,4.516026825362427,20,5,50,71611108dd2ffe2c896d2402e035fc1614d214c7b592a247071c3286b9bdc306,bc9c4c76b074bd70bf02cf4d5a0e4b68b93850493e2e52019fa17ae4bd4bdeff,b1faf4b871a960dd2e14f9bb24ce18129bf16767,True,Not Active,Not Active,NVIDIA GeForce RTX 3050 Ti Laptop GPU,610.47,P0,1950,6001,44.38,65
20261005T121227Z,4,NVIDIA GeForce RTX 3050 Ti Laptop GPU,610.47,P0,1950,6001,31.52,63,2.8.0+cu128,12.8,3.4.0,128,1024,bf16,torch_reference,cuda_graph,10.047435760498047,20,5,50,71611108dd2ffe2c896d2402e035fc1614d214c7b592a247071c3286b9bdc306,bc9c4c76b074bd70bf02cf4d5a0e4b68b93850493e2e52019fa17ae4bd4bdeff,b1faf4b871a960dd2e14f9bb24ce18129bf16767,True,Not Active,Not Active,NVIDIA GeForce RTX 3050 Ti Laptop GPU,610.47,P0,1950,6001,44.38,65
20261005T121227Z,5,NVIDIA GeForce RTX 3050 Ti Laptop GPU,610.47,P0,1950,6001,31.52,63,2.8.0+cu128,12.8,3.4.0,128,1024,bf16,torch_native,cuda_graph,4.53269517829938,20,5,50,71611108dd2ffe2c896d2402e035fc1614d214c7b592a247071c3286b9bdc306,bc9c4c76b074bd70bf02cf4d5a0e4b68b93850493e2e52019fa17ae4bd4bdeff,b1faf4b871a960dd2e14f9bb24ce18129bf16767,True,Not Active,Not Active,NVIDIA GeForce RTX 3050 Ti Laptop GPU,610.47,P0,1950,6001,44.38,65
20261005T121227Z,5,NVIDIA GeForce RTX 3050 Ti Laptop GPU,610.47,P0,1950,6001,31.52,63,2.8.0+cu128,12.8,3.4.0,128,1024,bf16,triton,cuda_graph,2.215360758091001,20,5,50,71611108dd2ffe2c896d2402e035fc1614d214c7b592a247071c3286b9bdc306,bc9c4c76b074bd70bf02cf4d5a0e4b68b93850493e2e52019fa17ae4bd4bdeff,b1faf4b871a960dd2e14f9bb24ce18129bf16767,True,Not Active,Not Active,NVIDIA GeForce RTX 3050 Ti Laptop GPU,610.47,P0,1950,6001,44.38,65
20261005T121227Z,5,NVIDIA GeForce RTX 3050 Ti Laptop GPU,610.47,P0,1950,6001,31.52,63,2.8.0+cu128,12.8,3.4.0,128,1024,bf16,torch_reference,cuda_graph,10.11450968536676,20,5,50,71611108dd2ffe2c896d2402e035fc1614d214c7b592a247071c3286b9bdc306,bc9c4c76b074bd70bf02cf4d5a0e4b68b93850493e2e52019fa17ae4bd4bdeff,b1faf4b871a960dd2e14f9bb24ce18129bf16767,True,Not Active,Not Active,NVIDIA GeForce RTX 3050 Ti Laptop GPU,610.47,P0,1950,6001,44.38,65
20261005T121227Z,1,NVIDIA GeForce RTX 3050 Ti Laptop GPU,610.47,P0,1950,6001,44.32,65,2.8.0+cu128,12.8,3.4.0,128,4096,bf16,torch_reference,cuda_graph,63.24545879046603,20,5,50,71611108dd2ffe2c896d2402e035fc1614d214c7b592a247071c3286b9bdc306,bc9c4c76b074bd70bf02cf4d5a0e4b68b93850493e2e52019fa17ae4bd4bdeff,b1faf4b871a960dd2e14f9bb24ce18129bf16767,True,Not Active,Not Active,NVIDIA GeForce RTX 3050 Ti Laptop GPU,610.47,P0,1942,6001,59.76,71
20261005T121227Z,1,NVIDIA GeForce RTX 3050 Ti Laptop GPU,610.47,P0,1950,6001,44.32,65,2.8.0+cu128,12.8,3.4.0,128,4096,bf16,torch_native,cuda_graph,16.40953679622628,20,5,50,71611108dd2ffe2c896d2402e035fc1614d214c7b592a247071c3286b9bdc306,bc9c4c76b074bd70bf02cf4d5a0e4b68b93850493e2e52019fa17ae4bd4bdeff,b1faf4b871a960dd2e14f9bb24ce18129bf16767,True,Not Active,Not Active,NVIDIA GeForce RTX 3050 Ti Laptop GPU,610.47,P0,1942,6001,59.76,71
20261005T121227Z,1,NVIDIA GeForce RTX 3050 Ti Laptop GPU,610.47,P0,1950,6001,44.32,65,2.8.0+cu128,12.8,3.4.0,128,4096,bf16,triton,cuda_graph,5.2482626222921285,20,5,50,71611108dd2ffe2c896d2402e035fc1614d214c7b592a247071c3286b9bdc306,bc9c4c76b074bd70bf02cf4d5a0e4b68b93850493e2e52019fa17ae4bd4bdeff,b1faf4b871a960dd2e14f9bb24ce18129bf16767,True,Not Active,Not Active,NVIDIA GeForce RTX 3050 Ti Laptop GPU,610.47,P0,1942,6001,59.76,71
20261005T121227Z,2,NVIDIA GeForce RTX 3050 Ti Laptop GPU,610.47,P0,1950,6001,44.32,65,2.8.0+cu128,12.8,3.4.0,128,4096,bf16,torch_reference,cuda_graph,63.27811707841588,20,5,50,71611108dd2ffe2c896d2402e035fc1614d214c7b592a247071c3286b9bdc306,bc9c4c76b074bd70bf02cf4d5a0e4b68b93850493e2e52019fa17ae4bd4bdeff,b1faf4b871a960dd2e14f9bb24ce18129bf16767,True,Not Active,Not Active,NVIDIA GeForce RTX 3050 Ti Laptop GPU,610.47,P0,1942,6001,59.76,71
20261005T121227Z,2,NVIDIA GeForce RTX 3050 Ti Laptop GPU,610.47,P0,1950,6001,44.32,65,2.8.0+cu128,12.8,3.4.0,128,4096,bf16,triton,cuda_graph,5.275640222761367,20,5,50,71611108dd2ffe2c896d2402e035fc1614d214c7b592a247071c3286b9bdc306,bc9c4c76b074bd70bf02cf4d5a0e4b68b93850493e2e52019fa17ae4bd4bdeff,b1faf4b871a960dd2e14f9bb24ce18129bf16767,True,Not Active,Not Active,NVIDIA GeForce RTX 3050 Ti Laptop GPU,610.47,P0,1942,6001,59.76,71
20261005T121227Z,2,NVIDIA GeForce RTX 3050 Ti Laptop GPU,610.47,P0,1950,6001,44.32,65,2.8.0+cu128,12.8,3.4.0,128,4096,bf16,torch_native,cuda_graph,16.431901731791495,20,5,50,71611108dd2ffe2c896d2402e035fc1614d214c7b592a247071c3286b9bdc306,bc9c4c76b074bd70bf02cf4d5a0e4b68b93850493e2e52019fa17ae4bd4bdeff,b1faf4b871a960dd2e14f9bb24ce18129bf16767,True,Not Active,Not Active,NVIDIA GeForce RTX 3050 Ti Laptop GPU,610.47,P0,1942,6001,59.76,71
20261005T121227Z,3,NVIDIA GeForce RTX 3050 Ti Laptop GPU,610.47,P0,1950,6001,44.32,65,2.8.0+cu128,12.8,3.4.0,128,4096,bf16,triton,cuda_graph,5.266285542422121,20,5,50,71611108dd2ffe2c896d2402e035fc1614d214c7b592a247071c3286b9bdc306,bc9c4c76b074bd70bf02cf4d5a0e4b68b93850493e2e52019fa17ae4bd4bdeff,b1faf4b871a960dd2e14f9bb24ce18129bf16767,True,Not Active,Not Active,NVIDIA GeForce RTX 3050 Ti Laptop GPU,610.47,P0,1942,6001,59.76,71
20261005T121227Z,3,NVIDIA GeForce RTX 3050 Ti Laptop GPU,610.47,P0,1950,6001,44.32,65,2.8.0+cu128,12.8,3.4.0,128,4096,bf16,torch_reference,cuda_graph,63.2657918533408,20,5,50,71611108dd2ffe2c896d2402e035fc1614d214c7b592a247071c3286b9bdc306,bc9c4c76b074bd70bf02cf4d5a0e4b68b93850493e2e52019fa17ae4bd4bdeff,b1faf4b871a960dd2e14f9bb24ce18129bf16767,True,Not Active,Not Active,NVIDIA GeForce RTX 3050 Ti Laptop GPU,610.47,P0,1942,6001,59.76,71
20261005T121227Z,3,NVIDIA GeForce RTX 3050 Ti Laptop GPU,610.47,P0,1950,6001,44.32,65,2.8.0+cu128,12.8,3.4.0,128,4096,bf16,torch_native,cuda_graph,16.421061313914734,20,5,50,71611108dd2ffe2c896d2402e035fc1614d214c7b592a247071c3286b9bdc306,bc9c4c76b074bd70bf02cf4d5a0e4b68b93850493e2e52019fa17ae4bd4bdeff,b1faf4b871a960dd2e14f9bb24ce18129bf16767,True,Not Active,Not Active,NVIDIA GeForce RTX 3050 Ti Laptop GPU,610.47,P0,1942,6001,59.76,71
20261005T121227Z,4,NVIDIA GeForce RTX 3050 Ti Laptop GPU,610.47,P0,1950,6001,44.32,65,2.8.0+cu128,12.8,3.4.0,128,4096,bf16,triton,cuda_graph,5.259378834336632,20,5,50,71611108dd2ffe2c896d2402e035fc1614d214c7b592a247071c3286b9bdc306,bc9c4c76b074bd70bf02cf4d5a0e4b68b93850493e2e52019fa17ae4bd4bdeff,b1faf4b871a960dd2e14f9bb24ce18129bf16767,True,Not Active,Not Active,NVIDIA GeForce RTX 3050 Ti Laptop GPU,610.47,P0,1942,6001,59.76,71
20261005T121227Z,4,NVIDIA GeForce RTX 3050 Ti Laptop GPU,610.47,P0,1950,6001,44.32,65,2.8.0+cu128,12.8,3.4.0,128,4096,bf16,torch_native,cuda_graph,16.425408030110244,20,5,50,71611108dd2ffe2c896d2402e035fc1614d214c7b592a247071c3286b9bdc306,bc9c4c76b074bd70bf02cf4d5a0e4b68b93850493e2e52019fa17ae4bd4bdeff,b1faf4b871a960dd2e14f9bb24ce18129bf16767,True,Not Active,Not Active,NVIDIA GeForce RTX 3050 Ti Laptop GPU,610.47,P0,1942,6001,59.76,71
20261005T121227Z,4,NVIDIA GeForce RTX 3050 Ti Laptop GPU,610.47,P0,1950,6001,44.32,65,2.8.0+cu128,12.8,3.4.0,128,4096,bf16,torch_reference,cuda_graph,63.29796116822845,20,5,50,71611108dd2ffe2c896d2402e035fc1614d214c7b592a247071c3286b9bdc306,bc9c4c76b074bd70bf02cf4d5a0e4b68b93850493e2e52019fa17ae4bd4bdeff,b1faf4b871a960dd2e14f9bb24ce18129bf16767,True,Not Active,Not Active,NVIDIA GeForce RTX 3050 Ti Laptop GPU,610.47,P0,1942,6001,59.76,71
20261005T121227Z,5,NVIDIA GeForce RTX 3050 Ti Laptop GPU,610.47,P0,1950,6001,44.32,65,2.8.0+cu128,12.8,3.4.0,128,4096,bf16,torch_native,cuda_graph,16.44758435038777,20,5,50,71611108dd2ffe2c896d2402e035fc1614d214c7b592a247071c3286b9bdc306,bc9c4c76b074bd70bf02cf4d5a0e4b68b93850493e2e52019fa17ae4bd4bdeff,b1faf4b871a960dd2e14f9bb24ce18129bf16767,True,Not Active,Not Active,NVIDIA GeForce RTX 3050 Ti Laptop GPU,610.47,P0,1942,6001,59.76,71
20261005T121227Z,5,NVIDIA GeForce RTX 3050 Ti Laptop GPU,610.47,P0,1950,6001,44.32,65,2.8.0+cu128,12.8,3.4.0,128,4096,bf16,triton,cuda_graph,5.298888623813623,20,5,50,71611108dd2ffe2c896d2402e035fc1614d214c7b592a247071c3286b9bdc306,bc9c4c76b074bd70bf02cf4d5a0e4b68b93850493e2e52019fa17ae4bd4bdeff,b1faf4b871a960dd2e14f9bb24ce18129bf16767,True,Not Active,Not Active,NVIDIA GeForce RTX 3050 Ti Laptop GPU,610.47,P0,1942,6001,59.76,71
20261005T121227Z,5,NVIDIA GeForce RTX 3050 Ti Laptop GPU,610.47,P0,1950,6001,44.32,65,2.8.0+cu128,12.8,3.4.0,128,4096,bf16,torch_reference,cuda_graph,63.33284873466988,20,5,50,71611108dd2ffe2c896d2402e035fc1614d214c7b592a247071c3286b9bdc306,bc9c4c76b074bd70bf02cf4d5a0e4b68b93850493e2e52019fa17ae4bd4bdeff,b1faf4b871a960dd2e14f9bb24ce18129bf16767,True,Not Active,Not Active,NVIDIA GeForce RTX 3050 Ti Laptop GPU,610.47,P0,1942,6001,59.76,71
20261005T121227Z,1,NVIDIA GeForce RTX 3050 Ti Laptop GPU,610.47,P0,1942,6001,59.76,71,2.8.0+cu128,12.8,3.4.0,128,8192,bf16,torch_reference,cuda_graph,117.77183808476092,20,5,50,71611108dd2ffe2c896d2402e035fc1614d214c7b592a247071c3286b9bdc306,bc9c4c76b074bd70bf02cf4d5a0e4b68b93850493e2e52019fa17ae4bd4bdeff,b1faf4b871a960dd2e14f9bb24ce18129bf16767,True,Not Active,Not Active,NVIDIA GeForce RTX 3050 Ti Laptop GPU,610.47,P0,1927,6001,64.32,73
20261005T121227Z,1,NVIDIA GeForce RTX 3050 Ti Laptop GPU,610.47,P0,1942,6001,59.76,71,2.8.0+cu128,12.8,3.4.0,128,8192,bf16,torch_native,cuda_graph,33.75727784831316,20,5,50,71611108dd2ffe2c896d2402e035fc1614d214c7b592a247071c3286b9bdc306,bc9c4c76b074bd70bf02cf4d5a0e4b68b93850493e2e52019fa17ae4bd4bdeff,b1faf4b871a960dd2e14f9bb24ce18129bf16767,True,Not Active,Not Active,NVIDIA GeForce RTX 3050 Ti Laptop GPU,610.47,P0,1927,6001,64.32,73
20261005T121227Z,1,NVIDIA GeForce RTX 3050 Ti Laptop GPU,610.47,P0,1942,6001,59.76,71,2.8.0+cu128,12.8,3.4.0,128,8192,bf16,triton,cuda_graph,22.626483446309397,20,5,50,71611108dd2ffe2c896d2402e035fc1614d214c7b592a247071c3286b9bdc306,bc9c4c76b074bd70bf02cf4d5a0e4b68b93850493e2e52019fa17ae4bd4bdeff,b1faf4b871a960dd2e14f9bb24ce18129bf16767,True,Not Active,Not Active,NVIDIA GeForce RTX 3050 Ti Laptop GPU,610.47,P0,1927,6001,64.32,73
20261005T121227Z,2,NVIDIA GeForce RTX 3050 Ti Laptop GPU,610.47,P0,1942,6001,59.76,71,2.8.0+cu128,12.8,3.4.0,128,8192,bf16,torch_reference,cuda_graph,117.78683490063771,20,5,50,71611108dd2ffe2c896d2402e035fc1614d214c7b592a247071c3286b9bdc306,bc9c4c76b074bd70bf02cf4d5a0e4b68b93850493e2e52019fa17ae4bd4bdeff,b1faf4b871a960dd2e14f9bb24ce18129bf16767,True,Not Active,Not Active,NVIDIA GeForce RTX 3050 Ti Laptop GPU,610.47,P0,1927,6001,64.32,73
20261005T121227Z,2,NVIDIA GeForce RTX 3050 Ti Laptop GPU,610.47,P0,1942,6001,59.76,71,2.8.0+cu128,12.8,3.4.0,128,8192,bf16,triton,cuda_graph,22.63113194781257,20,5,50,71611108dd2ffe2c896d2402e035fc1614d214c7b592a247071c3286b9bdc306,bc9c4c76b074bd70bf02cf4d5a0e4b68b93850493e2e52019fa17ae4bd4bdeff,b1faf4b871a960dd2e14f9bb24ce18129bf16767,True,Not Active,Not Active,NVIDIA GeForce RTX 3050 Ti Laptop GPU,610.47,P0,1927,6001,64.32,73
20261005T121227Z,2,NVIDIA GeForce RTX 3050 Ti Laptop GPU,610.47,P0,1942,6001,59.76,71,2.8.0+cu128,12.8,3.4.0,128,8192,bf16,torch_native,cuda_graph,33.74869429752558,20,5,50,71611108dd2ffe2c896d2402e035fc1614d214c7b592a247071c3286b9bdc306,bc9c4c76b074bd70bf02cf4d5a0e4b68b93850493e2e52019fa17ae4bd4bdeff,b1faf4b871a960dd2e14f9bb24ce18129bf16767,True,Not Active,Not Active,NVIDIA GeForce RTX 3050 Ti Laptop GPU,610.47,P0,1927,6001,64.32,73
20261005T121227Z,3,NVIDIA GeForce RTX 3050 Ti Laptop GPU,610.47,P0,1942,6001,59.76,71,2.8.0+cu128,12.8,3.4.0,128,8192,bf16,triton,cuda_graph,22.63509650384226,20,5,50,71611108dd2ffe2c896d2402e035fc1614d214c7b592a247071c3286b9bdc306,bc9c4c76b074bd70bf02cf4d5a0e4b68b93850493e2e52019fa17ae4bd4bdeff,b1faf4b871a960dd2e14f9bb24ce18129bf16767,True,Not Active,Not Active,NVIDIA GeForce RTX 3050 Ti Laptop GPU,610.47,P0,1927,6001,64.32,73
20261005T121227Z,3,NVIDIA GeForce RTX 3050 Ti Laptop GPU,610.47,P0,1942,6001,59.76,71,2.8.0+cu128,12.8,3.4.0,128,8192,bf16,torch_reference,cuda_graph,117.70954040380624,20,5,50,71611108dd2ffe2c896d2402e035fc1614d214c7b592a247071c3286b9bdc306,bc9c4c76b074bd70bf02cf4d5a0e4b68b93850493e2e52019fa17ae4bd4bdeff,b1faf4b871a960dd2e14f9bb24ce18129bf16767,True,Not Active,Not Active,NVIDIA GeForce RTX 3050 Ti Laptop GPU,610.47,P0,1927,6001,64.32,73
20261005T121227Z,3,NVIDIA GeForce RTX 3050 Ti Laptop GPU,610.47,P0,1942,6001,59.76,71,2.8.0+cu128,12.8,3.4.0,128,8192,bf16,torch_native,cuda_graph,33.74605266202748,20,5,50,71611108dd2ffe2c896d2402e035fc1614d214c7b592a247071c3286b9bdc306,bc9c4c76b074bd70bf02cf4d5a0e4b68b93850493e2e52019fa17ae4bd4bdeff,b1faf4b871a960dd2e14f9bb24ce18129bf16767,True,Not Active,Not Active,NVIDIA GeForce RTX 3050 Ti Laptop GPU,610.47,P0,1927,6001,64.32,73
20261005T121227Z,4,NVIDIA GeForce RTX 3050 Ti Laptop GPU,610.47,P0,1942,6001,59.76,71,2.8.0+cu128,12.8,3.4.0,128,8192,bf16,triton,cuda_graph,22.624849640162648,20,5,50,71611108dd2ffe2c896d2402e035fc1614d214c7b592a247071c3286b9bdc306,bc9c4c76b074bd70bf02cf4d5a0e4b68b93850493e2e52019fa17ae4bd4bdeff,b1faf4b871a960dd2e14f9bb24ce18129bf16767,True,Not Active,Not Active,NVIDIA GeForce RTX 3050 Ti Laptop GPU,610.47,P0,1927,6001,64.32,73
20261005T121227Z,4,NVIDIA GeForce RTX 3050 Ti Laptop GPU,610.47,P0,1942,6001,59.76,71,2.8.0+cu128,12.8,3.4.0,128,8192,bf16,torch_native,cuda_graph,33.77192817410655,20,5,50,71611108dd2ffe2c896d2402e035fc1614d214c7b592a247071c3286b9bdc306,bc9c4c76b074bd70bf02cf4d5a0e4b68b93850493e2e52019fa17ae4bd4bdeff,b1faf4b871a960dd2e14f9bb24ce18129bf16767,True,Not Active,Not Active,NVIDIA GeForce RTX 3050 Ti Laptop GPU,610.47,P0,1927,6001,64.32,73
20261005T121227Z,4,NVIDIA GeForce RTX 3050 Ti Laptop GPU,610.47,P0,1942,6001,59.76,71,2.8.0+cu128,12.8,3.4.0,128,8192,bf16,torch_reference,cuda_graph,117.76978852318936,20,5,50,71611108dd2ffe2c896d2402e035fc1614d214c7b592a247071c3286b9bdc306,bc9c4c76b074bd70bf02cf4d5a0e4b68b93850493e2e52019fa17ae4bd4bdeff,b1faf4b871a960dd2e14f9bb24ce18129bf16767,True,Not Active,Not Active,NVIDIA GeForce RTX 3050 Ti Laptop GPU,610.47,P0,1927,6001,64.32,73
20261005T121227Z,5,NVIDIA GeForce RTX 3050 Ti Laptop GPU,610.47,P0,1942,6001,59.76,71,2.8.0+cu128,12.8,3.4.0,128,8192,bf16,torch_native,cuda_graph,33.88918219288729,20,5,50,71611108dd2ffe2c896d2402e035fc1614d214c7b592a247071c3286b9bdc306,bc9c4c76b074bd70bf02cf4d5a0e4b68b93850493e2e52019fa17ae4bd4bdeff,b1faf4b871a960dd2e14f9bb24ce18129bf16767,True,Not Active,Not Active,NVIDIA GeForce RTX 3050 Ti Laptop GPU,610.47,P0,1927,6001,64.32,73
20261005T121227Z,5,NVIDIA GeForce RTX 3050 Ti Laptop GPU,610.47,P0,1942,6001,59.76,71,2.8.0+cu128,12.8,3.4.0,128,8192,bf16,triton,cuda_graph,22.629193933291127,20,5,50,71611108dd2ffe2c896d2402e035fc1614d214c7b592a247071c3286b9bdc306,bc9c4c76b074bd70bf02cf4d5a0e4b68b93850493e2e52019fa17ae4bd4bdeff,b1faf4b871a960dd2e14f9bb24ce18129bf16767,True,Not Active,Not Active,NVIDIA GeForce RTX 3050 Ti Laptop GPU,610.47,P0,1927,6001,64.32,73
20261005T121227Z,5,NVIDIA GeForce RTX 3050 Ti Laptop GPU,610.47,P0,1942,6001,59.76,71,2.8.0+cu128,12.8,3.4.0,128,8192,bf16,torch_reference,cuda_graph,117.79084263077702,20,5,50,71611108dd2ffe2c896d2402e035fc1614d214c7b592a247071c3286b9bdc306,bc9c4c76b074bd70bf02cf4d5a0e4b68b93850493e2e52019fa17ae4bd4bdeff,b1faf4b871a960dd2e14f9bb24ce18129bf16767,True,Not Active,Not Active,NVIDIA GeForce RTX 3050 Ti Laptop GPU,610.47,P0,1927,6001,64.32,73
20261005T121227Z,1,NVIDIA GeForce RTX 3050 Ti Laptop GPU,610.47,P0,1927,6001,64.32,73,2.8.0+cu128,12.8,3.4.0,512,128,bf16,torch_reference,cuda_graph,5.9695307609966255,20,5,50,71611108dd2ffe2c896d2402e035fc1614d214c7b592a247071c3286b9bdc306,bc9c4c76b074bd70bf02cf4d5a0e4b68b93850493e2e52019fa17ae4bd4bdeff,b1faf4b871a960dd2e14f9bb24ce18129bf16767,True,Not Active,Not Active,NVIDIA GeForce RTX 3050 Ti Laptop GPU,610.47,P0,1942,6001,37.78,67
20261005T121227Z,1,NVIDIA GeForce RTX 3050 Ti Laptop GPU,610.47,P0,1927,6001,64.32,73,2.8.0+cu128,12.8,3.4.0,512,128,bf16,torch_native,cuda_graph,2.2045780566551976,20,5,50,71611108dd2ffe2c896d2402e035fc1614d214c7b592a247071c3286b9bdc306,bc9c4c76b074bd70bf02cf4d5a0e4b68b93850493e2e52019fa17ae4bd4bdeff,b1faf4b871a960dd2e14f9bb24ce18129bf16767,True,Not Active,Not Active,NVIDIA GeForce RTX 3050 Ti Laptop GPU,610.47,P0,1942,6001,37.78,67
20261005T121227Z,1,NVIDIA GeForce RTX 3050 Ti Laptop GPU,610.47,P0,1927,6001,64.32,73,2.8.0+cu128,12.8,3.4.0,512,128,bf16,triton,cuda_graph,3.875517682472443,20,5,50,71611108dd2ffe2c896d2402e035fc1614d214c7b592a247071c3286b9bdc306,bc9c4c76b074bd70bf02cf4d5a0e4b68b93850493e2e52019fa17ae4bd4bdeff,b1faf4b871a960dd2e14f9bb24ce18129bf16767,True,Not Active,Not Active,NVIDIA GeForce RTX 3050 Ti Laptop GPU,610.47,P0,1942,6001,37.78,67
20261005T121227Z,2,NVIDIA GeForce RTX 3050 Ti Laptop GPU,610.47,P0,1927,6001,64.32,73,2.8.0+cu128,12.8,3.4.0,512,128,bf16,torch_reference,cuda_graph,5.9470647010044075,20,5,50,71611108dd2ffe2c896d2402e035fc1614d214c7b592a247071c3286b9bdc306,bc9c4c76b074bd70bf02cf4d5a0e4b68b93850493e2e52019fa17ae4bd4bdeff,b1faf4b871a960dd2e14f9bb24ce18129bf16767,True,Not Active,Not Active,NVIDIA GeForce RTX 3050 Ti Laptop GPU,610.47,P0,1942,6001,37.78,67
20261005T121227Z,2,NVIDIA GeForce RTX 3050 Ti Laptop GPU,610.47,P0,1927,6001,64.32,73,2.8.0+cu128,12.8,3.4.0,512,128,bf16,triton,cuda_graph,3.8782193742949382,20,5,50,71611108dd2ffe2c896d2402e035fc1614d214c7b592a247071c3286b9bdc306,bc9c4c76b074bd70bf02cf4d5a0e4b68b93850493e2e52019fa17ae4bd4bdeff,b1faf4b871a960dd2e14f9bb24ce18129bf16767,True,Not Active,Not Active,NVIDIA GeForce RTX 3050 Ti Laptop GPU,610.47,P0,1942,6001,37.78,67
20261005T121227Z,2,NVIDIA GeForce RTX 3050 Ti Laptop GPU,610.47,P0,1927,6001,64.32,73,2.8.0+cu128,12.8,3.4.0,512,128,bf16,torch_native,cuda_graph,2.224095880168758,20,5,50,71611108dd2ffe2c896d2402e035fc1614d214c7b592a247071c3286b9bdc306,bc9c4c76b074bd70bf02cf4d5a0e4b68b93850493e2e52019fa17ae4bd4bdeff,b1faf4b871a960dd2e14f9bb24ce18129bf16767,True,Not Active,Not Active,NVIDIA GeForce RTX 3050 Ti Laptop GPU,610.47,P0,1942,6001,37.78,67
20261005T121227Z,3,NVIDIA GeForce RTX 3050 Ti Laptop GPU,610.47,P0,1927,6001,64.32,73,2.8.0+cu128,12.8,3.4.0,512,128,bf16,triton,cuda_graph,3.8822964538911164,20,5,50,71611108dd2ffe2c896d2402e035fc1614d214c7b592a247071c3286b9bdc306,bc9c4c76b074bd70bf02cf4d5a0e4b68b93850493e2e52019fa17ae4bd4bdeff,b1faf4b871a960dd2e14f9bb24ce18129bf16767,True,Not Active,Not Active,NVIDIA GeForce RTX 3050 Ti Laptop GPU,610.47,P0,1942,6001,37.78,67
20261005T121227Z,3,NVIDIA GeForce RTX 3050 Ti Laptop GPU,610.47,P0,1927,6001,64.32,73,2.8.0+cu128,12.8,3.4.0,512,128,bf16,torch_reference,cuda_graph,6.175616699429701,20,5,50,71611108dd2ffe2c896d2402e035fc1614d214c7b592a247071c3286b9bdc306,bc9c4c76b074bd70bf02cf4d5a0e4b68b93850493e2e52019fa17ae4bd4bdeff,b1faf4b871a960dd2e14f9bb24ce18129bf16767,True,Not Active,Not Active,NVIDIA GeForce RTX 3050 Ti Laptop GPU,610.47,P0,1942,6001,37.78,67
20261005T121227Z,3,NVIDIA GeForce RTX 3050 Ti Laptop GPU,610.47,P0,1927,6001,64.32,73,2.8.0+cu128,12.8,3.4.0,512,128,bf16,torch_native,cuda_graph,2.2114416190815915,20,5,50,71611108dd2ffe2c896d2402e035fc1614d214c7b592a247071c3286b9bdc306,bc9c4c76b074bd70bf02cf4d5a0e4b68b93850493e2e52019fa17ae4bd4bdeff,b1faf4b871a960dd2e14f9bb24ce18129bf16767,True,Not Active,Not Active,NVIDIA GeForce RTX 3050 Ti Laptop GPU,610.47,P0,1942,6001,37.78,67
20261005T121227Z,4,NVIDIA GeForce RTX 3050 Ti Laptop GPU,610.47,P0,1927,6001,64.32,73,2.8.0+cu128,12.8,3.4.0,512,128,bf16,triton,cuda_graph,3.915130901641358,20,5,50,71611108dd2ffe2c896d2402e035fc1614d214c7b592a247071c3286b9bdc306,bc9c4c76b074bd70bf02cf4d5a0e4b68b93850493e2e52019fa17ae4bd4bdeff,b1faf4b871a960dd2e14f9bb24ce18129bf16767,True,Not Active,Not Active,NVIDIA GeForce RTX 3050 Ti Laptop GPU,610.47,P0,1942,6001,37.78,67
20261005T121227Z,4,NVIDIA GeForce RTX 3050 Ti Laptop GPU,610.47,P0,1927,6001,64.32,73,2.8.0+cu128,12.8,3.4.0,512,128,bf16,torch_native,cuda_graph,2.219237412098658,20,5,50,71611108dd2ffe2c896d2402e035fc1614d214c7b592a247071c3286b9bdc306,bc9c4c76b074bd70bf02cf4d5a0e4b68b93850493e2e52019fa17ae4bd4bdeff,b1faf4b871a960dd2e14f9bb24ce18129bf16767,True,Not Active,Not Active,NVIDIA GeForce RTX 3050 Ti Laptop GPU,610.47,P0,1942,6001,37.78,67
20261005T121227Z,4,NVIDIA GeForce RTX 3050 Ti Laptop GPU,610.47,P0,1927,6001,64.32,73,2.8.0+cu128,12.8,3.4.0,512,128,bf16,torch_reference,cuda_graph,7.9799404569492225,20,5,50,71611108dd2ffe2c896d2402e035fc1614d214c7b592a247071c3286b9bdc306,bc9c4c76b074bd70bf02cf4d5a0e4b68b93850493e2e52019fa17ae4bd4bdeff,b1faf4b871a960dd2e14f9bb24ce18129bf16767,True,Not Active,Not Active,NVIDIA GeForce RTX 3050 Ti Laptop GPU,610.47,P0,1942,6001,37.78,67
20261005T121227Z,5,NVIDIA GeForce RTX 3050 Ti Laptop GPU,610.47,P0,1927,6001,64.32,73,2.8.0+cu128,12.8,3.4.0,512,128,bf16,torch_native,cuda_graph,2.6286117294255424,20,5,50,71611108dd2ffe2c896d2402e035fc1614d214c7b592a247071c3286b9bdc306,bc9c4c76b074bd70bf02cf4d5a0e4b68b93850493e2e52019fa17ae4bd4bdeff,b1faf4b871a960dd2e14f9bb24ce18129bf16767,True,Not Active,Not Active,NVIDIA GeForce RTX 3050 Ti Laptop GPU,610.47,P0,1942,6001,37.78,67
20261005T121227Z,5,NVIDIA GeForce RTX 3050 Ti Laptop GPU,610.47,P0,1927,6001,64.32,73,2.8.0+cu128,12.8,3.4.0,512,128,bf16,triton,cuda_graph,3.8941628844649707,20,5,50,71611108dd2ffe2c896d2402e035fc1614d214c7b592a247071c3286b9bdc306,bc9c4c76b074bd70bf02cf4d5a0e4b68b93850493e2e52019fa17ae4bd4bdeff,b1faf4b871a960dd2e14f9bb24ce18129bf16767,True,Not Active,Not Active,NVIDIA GeForce RTX 3050 Ti Laptop GPU,610.47,P0,1942,6001,37.78,67
20261005T121227Z,5,NVIDIA GeForce RTX 3050 Ti Laptop GPU,610.47,P0,1927,6001,64.32,73,2.8.0+cu128,12.8,3.4.0,512,128,bf16,torch_reference,cuda_graph,5.942816832390167,20,5,50,71611108dd2ffe2c896d2402e035fc1614d214c7b592a247071c3286b9bdc306,bc9c4c76b074bd70bf02cf4d5a0e4b68b93850493e2e52019fa17ae4bd4bdeff,b1faf4b871a960dd2e14f9bb24ce18129bf16767,True,Not Active,Not Active,NVIDIA GeForce RTX 3050 Ti Laptop GPU,610.47,P0,1942,6001,37.78,67
20261005T121227Z,1,NVIDIA GeForce RTX 3050 Ti Laptop GPU,610.47,P0,1942,6001,38.00,67,2.8.0+cu128,12.8,3.4.0,512,1024,bf16,torch_reference,cuda_graph,47.13920008751654,20,5,50,71611108dd2ffe2c896d2402e035fc1614d214c7b592a247071c3286b9bdc306,bc9c4c76b074bd70bf02cf4d5a0e4b68b93850493e2e52019fa17ae4bd4bdeff,b1faf4b871a960dd2e14f9bb24ce18129bf16767,True,Not Active,Not Active,NVIDIA GeForce RTX 3050 Ti Laptop GPU,610.47,P0,1927,6001,62.16,74
20261005T121227Z,1,NVIDIA GeForce RTX 3050 Ti Laptop GPU,610.47,P0,1942,6001,38.00,67,2.8.0+cu128,12.8,3.4.0,512,1024,bf16,torch_native,cuda_graph,8.453807975054483,20,5,50,71611108dd2ffe2c896d2402e035fc1614d214c7b592a247071c3286b9bdc306,bc9c4c76b074bd70bf02cf4d5a0e4b68b93850493e2e52019fa17ae4bd4bdeff,b1faf4b871a960dd2e14f9bb24ce18129bf16767,True,Not Active,Not Active,NVIDIA GeForce RTX 3050 Ti Laptop GPU,610.47,P0,1927,6001,62.16,74
20261005T121227Z,1,NVIDIA GeForce RTX 3050 Ti Laptop GPU,610.47,P0,1942,6001,38.00,67,2.8.0+cu128,12.8,3.4.0,512,1024,bf16,triton,cuda_graph,6.069504376845353,20,5,50,71611108dd2ffe2c896d2402e035fc1614d214c7b592a247071c3286b9bdc306,bc9c4c76b074bd70bf02cf4d5a0e4b68b93850493e2e52019fa17ae4bd4bdeff,b1faf4b871a960dd2e14f9bb24ce18129bf16767,True,Not Active,Not Active,NVIDIA GeForce RTX 3050 Ti Laptop GPU,610.47,P0,1927,6001,62.16,74
20261005T121227Z,2,NVIDIA GeForce RTX 3050 Ti Laptop GPU,610.47,P0,1942,6001,38.00,67,2.8.0+cu128,12.8,3.4.0,512,1024,bf16,torch_reference,cuda_graph,47.05447487849526,20,5,50,71611108dd2ffe2c896d2402e035fc1614d214c7b592a247071c3286b9bdc306,bc9c4c76b074bd70bf02cf4d5a0e4b68b93850493e2e52019fa17ae4bd4bdeff,b1faf4b871a960dd2e14f9bb24ce18129bf16767,True,Not Active,Not Active,NVIDIA GeForce RTX 3050 Ti Laptop GPU,610.47,P0,1927,6001,62.16,74
20261005T121227Z,2,NVIDIA GeForce RTX 3050 Ti Laptop GPU,610.47,P0,1942,6001,38.00,67,2.8.0+cu128,12.8,3.4.0,512,1024,bf16,triton,cuda_graph,6.0874223709106445,20,5,50,71611108dd2ffe2c896d2402e035fc1614d214c7b592a247071c3286b9bdc306,bc9c4c76b074bd70bf02cf4d5a0e4b68b93850493e2e52019fa17ae4bd4bdeff,b1faf4b871a960dd2e14f9bb24ce18129bf16767,True,Not Active,Not Active,NVIDIA GeForce RTX 3050 Ti Laptop GPU,610.47,P0,1927,6001,62.16,74
20261005T121227Z,2,NVIDIA GeForce RTX 3050 Ti Laptop GPU,610.47,P0,1942,6001,38.00,67,2.8.0+cu128,12.8,3.4.0,512,1024,bf16,torch_native,cuda_graph,8.472248126224676,20,5,50,71611108dd2ffe2c896d2402e035fc1614d214c7b592a247071c3286b9bdc306,bc9c4c76b074bd70bf02cf4d5a0e4b68b93850493e2e52019fa17ae4bd4bdeff,b1faf4b871a960dd2e14f9bb24ce18129bf16767,True,Not Active,Not Active,NVIDIA GeForce RTX 3050 Ti Laptop GPU,610.47,P0,1927,6001,62.16,74
20261005T121227Z,3,NVIDIA GeForce RTX 3050 Ti Laptop GPU,610.47,P0,1942,6001,38.00,67,2.8.0+cu128,12.8,3.4.0,512,1024,bf16,triton,cuda_graph,6.122454229104091,20,5,50,71611108dd2ffe2c896d2402e035fc1614d214c7b592a247071c3286b9bdc306,bc9c4c76b074bd70bf02cf4d5a0e4b68b93850493e2e52019fa17ae4bd4bdeff,b1faf4b871a960dd2e14f9bb24ce18129bf16767,True,Not Active,Not Active,NVIDIA GeForce RTX 3050 Ti Laptop GPU,610.47,P0,1927,6001,62.16,74
20261005T121227Z,3,NVIDIA GeForce RTX 3050 Ti Laptop GPU,610.47,P0,1942,6001,38.00,67,2.8.0+cu128,12.8,3.4.0,512,1024,bf16,torch_reference,cuda_graph,47.079659479785654,20,5,50,71611108dd2ffe2c896d2402e035fc1614d214c7b592a247071c3286b9bdc306,bc9c4c76b074bd70bf02cf4d5a0e4b68b93850493e2e52019fa17ae4bd4bdeff,b1faf4b871a960dd2e14f9bb24ce18129bf16767,True,Not Active,Not Active,NVIDIA GeForce RTX 3050 Ti Laptop GPU,610.47,P0,1927,6001,62.16,74
20261005T121227Z,3,NVIDIA GeForce RTX 3050 Ti Laptop GPU,610.47,P0,1942,6001,38.00,67,2.8.0+cu128,12.8,3.4.0,512,1024,bf16,torch_native,cuda_graph,8.455408347764582,20,5,50,71611108dd2ffe2c896d2402e035fc1614d214c7b592a247071c3286b9bdc306,bc9c4c76b074bd70bf02cf4d5a0e4b68b93850493e2e52019fa17ae4bd4bdeff,b1faf4b871a960dd2e14f9bb24ce18129bf16767,True,Not Active,Not Active,NVIDIA GeForce RTX 3050 Ti Laptop GPU,610.47,P0,1927,6001,62.16,74
20261005T121227Z,4,NVIDIA GeForce RTX 3050 Ti Laptop GPU,610.47,P0,1942,6001,38.00,67,2.8.0+cu128,12.8,3.4.0,512,1024,bf16,triton,cuda_graph,6.095564735985791,20,5,50,71611108dd2ffe2c896d2402e035fc1614d214c7b592a247071c3286b9bdc306,bc9c4c76b074bd70bf02cf4d5a0e4b68b93850493e2e52019fa17ae4bd4bdeff,b1faf4b871a960dd2e14f9bb24ce18129bf16767,True,Not Active,Not Active,NVIDIA GeForce RTX 3050 Ti Laptop GPU,610.47,P0,1927,6001,62.16,74
20261005T121227Z,4,NVIDIA GeForce RTX 3050 Ti Laptop GPU,610.47,P0,1942,6001,38.00,67,2.8.0+cu128,12.8,3.4.0,512,1024,bf16,torch_native,cuda_graph,8.481823468197177,20,5,50,71611108dd2ffe2c896d2402e035fc1614d214c7b592a247071c3286b9bdc306,bc9c4c76b074bd70bf02cf4d5a0e4b68b93850493e2e52019fa17ae4bd4bdeff,b1faf4b871a960dd2e14f9bb24ce18129bf16767,True,Not Active,Not Active,NVIDIA GeForce RTX 3050 Ti Laptop GPU,610.47,P0,1927,6001,62.16,74
20261005T121227Z,4,NVIDIA GeForce RTX 3050 Ti Laptop GPU,610.47,P0,1942,6001,38.00,67,2.8.0+cu128,12.8,3.4.0,512,1024,bf16,torch_reference,cuda_graph,47.101964368744305,20,5,50,71611108dd2ffe2c896d2402e035fc1614d214c7b592a247071c3286b9bdc306,bc9c4c76b074bd70bf02cf4d5a0e4b68b93850493e2e52019fa17ae4bd4bdeff,b1faf4b871a960dd2e14f9bb24ce18129bf16767,True,Not Active,Not Active,NVIDIA GeForce RTX 3050 Ti Laptop GPU,610.47,P0,1927,6001,62.16,74
20261005T121227Z,5,NVIDIA GeForce RTX 3050 Ti Laptop GPU,610.47,P0,1942,6001,38.00,67,2.8.0+cu128,12.8,3.4.0,512,1024,bf16,torch_native,cuda_graph,8.479779342125203,20,5,50,71611108dd2ffe2c896d2402e035fc1614d214c7b592a247071c3286b9bdc306,bc9c4c76b074bd70bf02cf4d5a0e4b68b93850493e2e52019fa17ae4bd4bdeff,b1faf4b871a960dd2e14f9bb24ce18129bf16767,True,Not Active,Not Active,NVIDIA GeForce RTX 3050 Ti Laptop GPU,610.47,P0,1927,6001,62.16,74
20261005T121227Z,5,NVIDIA GeForce RTX 3050 Ti Laptop GPU,610.47,P0,1942,6001,38.00,67,2.8.0+cu128,12.8,3.4.0,512,1024,bf16,triton,cuda_graph,6.139336092030802,20,5,50,71611108dd2ffe2c896d2402e035fc1614d214c7b592a247071c3286b9bdc306,bc9c4c76b074bd70bf02cf4d5a0e4b68b93850493e2e52019fa17ae4bd4bdeff,b1faf4b871a960dd2e14f9bb24ce18129bf16767,True,Not Active,Not Active,NVIDIA GeForce RTX 3050 Ti Laptop GPU,610.47,P0,1927,6001,62.16,74
20261005T121227Z,5,NVIDIA GeForce RTX 3050 Ti Laptop GPU,610.47,P0,1942,6001,38.00,67,2.8.0+cu128,12.8,3.4.0,512,1024,bf16,torch_reference,cuda_graph,47.12944963703985,20,5,50,71611108dd2ffe2c896d2402e035fc1614d214c7b592a247071c3286b9bdc306,bc9c4c76b074bd70bf02cf4d5a0e4b68b93850493e2e52019fa17ae4bd4bdeff,b1faf4b871a960dd2e14f9bb24ce18129bf16767,True,Not Active,Not Active,NVIDIA GeForce RTX 3050 Ti Laptop GPU,610.47,P0,1927,6001,62.16,74
20261005T121227Z,1,NVIDIA GeForce RTX 3050 Ti Laptop GPU,610.47,P0,1927,6001,62.47,74,2.8.0+cu128,12.8,3.4.0,512,4096,bf16,torch_reference,cuda_graph,234.33431597988002,20,5,50,71611108dd2ffe2c896d2402e035fc1614d214c7b592a247071c3286b9bdc306,bc9c4c76b074bd70bf02cf4d5a0e4b68b93850493e2e52019fa17ae4bd4bdeff,b1faf4b871a960dd2e14f9bb24ce18129bf16767,True,Not Active,Not Active,NVIDIA GeForce RTX 3050 Ti Laptop GPU,610.47,P0,1927,6001,64.88,75
20261005T121227Z,1,NVIDIA GeForce RTX 3050 Ti Laptop GPU,610.47,P0,1927,6001,62.47,74,2.8.0+cu128,12.8,3.4.0,512,4096,bf16,torch_native,cuda_graph,69.97721904032939,20,5,50,71611108dd2ffe2c896d2402e035fc1614d214c7b592a247071c3286b9bdc306,bc9c4c76b074bd70bf02cf4d5a0e4b68b93850493e2e52019fa17ae4bd4bdeff,b1faf4b871a960dd2e14f9bb24ce18129bf16767,True,Not Active,Not Active,NVIDIA GeForce RTX 3050 Ti Laptop GPU,610.47,P0,1927,6001,64.88,75
20261005T121227Z,1,NVIDIA GeForce RTX 3050 Ti Laptop GPU,610.47,P0,1927,6001,62.47,74,2.8.0+cu128,12.8,3.4.0,512,4096,bf16,triton,cuda_graph,46.79146874528813,20,5,50,71611108dd2ffe2c896d2402e035fc1614d214c7b592a247071c3286b9bdc306,bc9c4c76b074bd70bf02cf4d5a0e4b68b93850493e2e52019fa17ae4bd4bdeff,b1faf4b871a960dd2e14f9bb24ce18129bf16767,True,Not Active,Not Active,NVIDIA GeForce RTX 3050 Ti Laptop GPU,610.47,P0,1927,6001,64.88,75
20261005T121227Z,2,NVIDIA GeForce RTX 3050 Ti Laptop GPU,610.47,P0,1927,6001,62.47,74,2.8.0+cu128,12.8,3.4.0,512,4096,bf16,torch_reference,cuda_graph,234.50334904866926,20,5,50,71611108dd2ffe2c896d2402e035fc1614d214c7b592a247071c3286b9bdc306,bc9c4c76b074bd70bf02cf4d5a0e4b68b93850493e2e52019fa17ae4bd4bdeff,b1faf4b871a960dd2e14f9bb24ce18129bf16767,True,Not Active,Not Active,NVIDIA GeForce RTX 3050 Ti Laptop GPU,610.47,P0,1927,6001,64.88,75
20261005T121227Z,2,NVIDIA GeForce RTX 3050 Ti Laptop GPU,610.47,P0,1927,6001,62.47,74,2.8.0+cu128,12.8,3.4.0,512,4096,bf16,triton,cuda_graph,46.80753135342369,20,5,50,71611108dd2ffe2c896d2402e035fc1614d214c7b592a247071c3286b9bdc306,bc9c4c76b074bd70bf02cf4d5a0e4b68b93850493e2e52019fa17ae4bd4bdeff,b1faf4b871a960dd2e14f9bb24ce18129bf16767,True,Not Active,Not Active,NVIDIA GeForce RTX 3050 Ti Laptop GPU,610.47,P0,1927,6001,64.88,75
20261005T121227Z,2,NVIDIA GeForce RTX 3050 Ti Laptop GPU,610.47,P0,1927,6001,62.47,74,2.8.0+cu128,12.8,3.4.0,512,4096,bf16,torch_native,cuda_graph,70.0682562750739,20,5,50,71611108dd2ffe2c896d2402e035fc1614d214c7b592a247071c3286b9bdc306,bc9c4c76b074bd70bf02cf4d5a0e4b68b93850493e2e52019fa17ae4bd4bdeff,b1faf4b871a960dd2e14f9bb24ce18129bf16767,True,Not Active,Not Active,NVIDIA GeForce RTX 3050 Ti Laptop GPU,610.47,P0,1927,6001,64.88,75
20261005T121227Z,3,NVIDIA GeForce RTX 3050 Ti Laptop GPU,610.47,P0,1927,6001,62.47,74,2.8.0+cu128,12.8,3.4.0,512,4096,bf16,triton,cuda_graph,46.87131429385021,20,5,50,71611108dd2ffe2c896d2402e035fc1614d214c7b592a247071c3286b9bdc306,bc9c4c76b074bd70bf02cf4d5a0e4b68b93850493e2e52019fa17ae4bd4bdeff,b1faf4b871a960dd2e14f9bb24ce18129bf16767,True,Not Active,Not Active,NVIDIA GeForce RTX 3050 Ti Laptop GPU,610.47,P0,1927,6001,64.88,75
20261005T121227Z,3,NVIDIA GeForce RTX 3050 Ti Laptop GPU,610.47,P0,1927,6001,62.47,74,2.8.0+cu128,12.8,3.4.0,512,4096,bf16,torch_reference,cuda_graph,234.43903899999057,20,5,50,71611108dd2ffe2c896d2402e035fc1614d214c7b592a247071c3286b9bdc306,bc9c4c76b074bd70bf02cf4d5a0e4b68b93850493e2e52019fa17ae4bd4bdeff,b1faf4b871a960dd2e14f9bb24ce18129bf16767,True,Not Active,Not Active,NVIDIA GeForce RTX 3050 Ti Laptop GPU,610.47,P0,1927,6001,64.88,75
20261005T121227Z,3,NVIDIA GeForce RTX 3050 Ti Laptop GPU,610.47,P0,1927,6001,62.47,74,2.8.0+cu128,12.8,3.4.0,512,4096,bf16,torch_native,cuda_graph,69.99072342467822,20,5,50,71611108dd2ffe2c896d2402e035fc1614d214c7b592a247071c3286b9bdc306,bc9c4c76b074bd70bf02cf4d5a0e4b68b93850493e2e52019fa17ae4bd4bdeff,b1faf4b871a960dd2e14f9bb24ce18129bf16767,True,Not Active,Not Active,NVIDIA GeForce RTX 3050 Ti Laptop GPU,610.47,P0,1927,6001,64.88,75
20261005T121227Z,4,NVIDIA GeForce RTX 3050 Ti Laptop GPU,610.47,P0,1927,6001,62.47,74,2.8.0+cu128,12.8,3.4.0,512,4096,bf16,triton,cuda_graph,46.764652400107074,20,5,50,71611108dd2ffe2c896d2402e035fc1614d214c7b592a247071c3286b9bdc306,bc9c4c76b074bd70bf02cf4d5a0e4b68b93850493e2e52019fa17ae4bd4bdeff,b1faf4b871a960dd2e14f9bb24ce18129bf16767,True,Not Active,Not Active,NVIDIA GeForce RTX 3050 Ti Laptop GPU,610.47,P0,1927,6001,64.88,75
20261005T121227Z,4,NVIDIA GeForce RTX 3050 Ti Laptop GPU,610.47,P0,1927,6001,62.47,74,2.8.0+cu128,12.8,3.4.0,512,4096,bf16,torch_native,cuda_graph,70.02717761090359,20,5,50,71611108dd2ffe2c896d2402e035fc1614d214c7b592a247071c3286b9bdc306,bc9c4c76b074bd70bf02cf4d5a0e4b68b93850493e2e52019fa17ae4bd4bdeff,b1faf4b871a960dd2e14f9bb24ce18129bf16767,True,Not Active,Not Active,NVIDIA GeForce RTX 3050 Ti Laptop GPU,610.47,P0,1927,6001,64.88,75
20261005T121227Z,4,NVIDIA GeForce RTX 3050 Ti Laptop GPU,610.47,P0,1927,6001,62.47,74,2.8.0+cu128,12.8,3.4.0,512,4096,bf16,torch_reference,cuda_graph,234.5155962346273,20,5,50,71611108dd2ffe2c896d2402e035fc1614d214c7b592a247071c3286b9bdc306,bc9c4c76b074bd70bf02cf4d5a0e4b68b93850493e2e52019fa17ae4bd4bdeff,b1faf4b871a960dd2e14f9bb24ce18129bf16767,True,Not Active,Not Active,NVIDIA GeForce RTX 3050 Ti Laptop GPU,610.47,P0,1927,6001,64.88,75
20261005T121227Z,5,NVIDIA GeForce RTX 3050 Ti Laptop GPU,610.47,P0,1927,6001,62.47,74,2.8.0+cu128,12.8,3.4.0,512,4096,bf16,torch_native,cuda_graph,70.01714474482938,20,5,50,71611108dd2ffe2c896d2402e035fc1614d214c7b592a247071c3286b9bdc306,bc9c4c76b074bd70bf02cf4d5a0e4b68b93850493e2e52019fa17ae4bd4bdeff,b1faf4b871a960dd2e14f9bb24ce18129bf16767,True,Not Active,Not Active,NVIDIA GeForce RTX 3050 Ti Laptop GPU,610.47,P0,1927,6001,64.88,75
20261005T121227Z,5,NVIDIA GeForce RTX 3050 Ti Laptop GPU,610.47,P0,1927,6001,62.47,74,2.8.0+cu128,12.8,3.4.0,512,4096,bf16,triton,cuda_graph,46.833622282829836,20,5,50,71611108dd2ffe2c896d2402e035fc1614d214c7b592a247071c3286b9bdc306,bc9c4c76b074bd70bf02cf4d5a0e4b68b93850493e2e52019fa17ae4bd4bdeff,b1faf4b871a960dd2e14f9bb24ce18129bf16767,True,Not Active,Not Active,NVIDIA GeForce RTX 3050 Ti Laptop GPU,610.47,P0,1927,6001,64.88,75
20261005T121227Z,5,NVIDIA GeForce RTX 3050 Ti Laptop GPU,610.47,P0,1927,6001,62.47,74,2.8.0+cu128,12.8,3.4.0,512,4096,bf16,torch_reference,cuda_graph,234.44628484040786,20,5,50,71611108dd2ffe2c896d2402e035fc1614d214c7b592a247071c3286b9bdc306,bc9c4c76b074bd70bf02cf4d5a0e4b68b93850493e2e52019fa17ae4bd4bdeff,b1faf4b871a960dd2e14f9bb24ce18129bf16767,True,Not Active,Not Active,NVIDIA GeForce RTX 3050 Ti Laptop GPU,610.47,P0,1927,6001,64.88,75
20261005T121227Z,1,NVIDIA GeForce RTX 3050 Ti Laptop GPU,610.47,P0,1927,6001,65.86,75,2.8.0+cu128,12.8,3.4.0,512,8192,bf16,torch_reference,cuda_graph,462.79477627477917,20,5,50,71611108dd2ffe2c896d2402e035fc1614d214c7b592a247071c3286b9bdc306,bc9c4c76b074bd70bf02cf4d5a0e4b68b93850493e2e52019fa17ae4bd4bdeff,b1faf4b871a960dd2e14f9bb24ce18129bf16767,True,Not Active,Not Active,NVIDIA GeForce RTX 3050 Ti Laptop GPU,610.47,P0,1927,6001,66.92,75
20261005T121227Z,1,NVIDIA GeForce RTX 3050 Ti Laptop GPU,610.47,P0,1927,6001,65.86,75,2.8.0+cu128,12.8,3.4.0,512,8192,bf16,torch_native,cuda_graph,120.66504344848043,20,5,50,71611108dd2ffe2c896d2402e035fc1614d214c7b592a247071c3286b9bdc306,bc9c4c76b074bd70bf02cf4d5a0e4b68b93850493e2e52019fa17ae4bd4bdeff,b1faf4b871a960dd2e14f9bb24ce18129bf16767,True,Not Active,Not Active,NVIDIA GeForce RTX 3050 Ti Laptop GPU,610.47,P0,1927,6001,66.92,75
20261005T121227Z,1,NVIDIA GeForce RTX 3050 Ti Laptop GPU,610.47,P0,1927,6001,65.86,75,2.8.0+cu128,12.8,3.4.0,512,8192,bf16,triton,cuda_graph,95.39200111671731,20,5,50,71611108dd2ffe2c896d2402e035fc1614d214c7b592a247071c3286b9bdc306,bc9c4c76b074bd70bf02cf4d5a0e4b68b93850493e2e52019fa17ae4bd4bdeff,b1faf4b871a960dd2e14f9bb24ce18129bf16767,True,Not Active,Not Active,NVIDIA GeForce RTX 3050 Ti Laptop GPU,610.47,P0,1927,6001,66.92,75
20261005T121227Z,2,NVIDIA GeForce RTX 3050 Ti Laptop GPU,610.47,P0,1927,6001,65.86,75,2.8.0+cu128,12.8,3.4.0,512,8192,bf16,torch_reference,cuda_graph,462.7087851551092,20,5,50,71611108dd2ffe2c896d2402e035fc1614d214c7b592a247071c3286b9bdc306,bc9c4c76b074bd70bf02cf4d5a0e4b68b93850493e2e52019fa17ae4bd4bdeff,b1faf4b871a960dd2e14f9bb24ce18129bf16767,True,Not Active,Not Active,NVIDIA GeForce RTX 3050 Ti Laptop GPU,610.47,P0,1927,6001,66.92,75
20261005T121227Z,2,NVIDIA GeForce RTX 3050 Ti Laptop GPU,610.47,P0,1927,6001,65.86,75,2.8.0+cu128,12.8,3.4.0,512,8192,bf16,triton,cuda_graph,95.13933436308308,20,5,50,71611108dd2ffe2c896d2402e035fc1614d214c7b592a247071c3286b9bdc306,bc9c4c76b074bd70bf02cf4d5a0e4b68b93850493e2e52019fa17ae4bd4bdeff,b1faf4b871a960dd2e14f9bb24ce18129bf16767,True,Not Active,Not Active,NVIDIA GeForce RTX 3050 Ti Laptop GPU,610.47,P0,1927,6001,66.92,75
20261005T121227Z,2,NVIDIA GeForce RTX 3050 Ti Laptop GPU,610.47,P0,1927,6001,65.86,75,2.8.0+cu128,12.8,3.4.0,512,8192,bf16,torch_native,cuda_graph,120.55926750127685,20,5,50,71611108dd2ffe2c896d2402e035fc1614d214c7b592a247071c3286b9bdc306,bc9c4c76b074bd70bf02cf4d5a0e4b68b93850493e2e52019fa17ae4bd4bdeff,b1faf4b871a960dd2e14f9bb24ce18129bf16767,True,Not Active,Not Active,NVIDIA GeForce RTX 3050 Ti Laptop GPU,610.47,P0,1927,6001,66.92,75
20261005T121227Z,3,NVIDIA GeForce RTX 3050 Ti Laptop GPU,610.47,P0,1927,6001,65.86,75,2.8.0+cu128,12.8,3.4.0,512,8192,bf16,triton,cuda_graph,95.35243737436558,20,5,50,71611108dd2ffe2c896d2402e035fc1614d214c7b592a247071c3286b9bdc306,bc9c4c76b074bd70bf02cf4d5a0e4b68b93850493e2e52019fa17ae4bd4bdeff,b1faf4b871a960dd2e14f9bb24ce18129bf16767,True,Not Active,Not Active,NVIDIA GeForce RTX 3050 Ti Laptop GPU,610.47,P0,1927,6001,66.92,75
20261005T121227Z,3,NVIDIA GeForce RTX 3050 Ti Laptop GPU,610.47,P0,1927,6001,65.86,75,2.8.0+cu128,12.8,3.4.0,512,8192,bf16,torch_reference,cuda_graph,462.8480037796163,20,5,50,71611108dd2ffe2c896d2402e035fc1614d214c7b592a247071c3286b9bdc306,bc9c4c76b074bd70bf02cf4d5a0e4b68b93850493e2e52019fa17ae4bd4bdeff,b1faf4b871a960dd2e14f9bb24ce18129bf16767,True,Not Active,Not Active,NVIDIA GeForce RTX 3050 Ti Laptop GPU,610.47,P0,1927,6001,66.92,75
20261005T121227Z,3,NVIDIA GeForce RTX 3050 Ti Laptop GPU,610.47,P0,1927,6001,65.86,75,2.8.0+cu128,12.8,3.4.0,512,8192,bf16,torch_native,cuda_graph,120.55161794026692,20,5,50,71611108dd2ffe2c896d2402e035fc1614d214c7b592a247071c3286b9bdc306,bc9c4c76b074bd70bf02cf4d5a0e4b68b93850493e2e52019fa17ae4bd4bdeff,b1faf4b871a960dd2e14f9bb24ce18129bf16767,True,Not Active,Not Active,NVIDIA GeForce RTX 3050 Ti Laptop GPU,610.47,P0,1927,6001,66.92,75
20261005T121227Z,4,NVIDIA GeForce RTX 3050 Ti Laptop GPU,610.47,P0,1927,6001,65.86,75,2.8.0+cu128,12.8,3.4.0,512,8192,bf16,triton,cuda_graph,95.39299429661612,20,5,50,71611108dd2ffe2c896d2402e035fc1614d214c7b592a247071c3286b9bdc306,bc9c4c76b074bd70bf02cf4d5a0e4b68b93850493e2e52019fa17ae4bd4bdeff,b1faf4b871a960dd2e14f9bb24ce18129bf16767,True,Not Active,Not Active,NVIDIA GeForce RTX 3050 Ti Laptop GPU,610.47,P0,1927,6001,66.92,75
20261005T121227Z,4,NVIDIA GeForce RTX 3050 Ti Laptop GPU,610.47,P0,1927,6001,65.86,75,2.8.0+cu128,12.8,3.4.0,512,8192,bf16,torch_native,cuda_graph,120.65267793222326,20,5,50,71611108dd2ffe2c896d2402e035fc1614d214c7b592a247071c3286b9bdc306,bc9c4c76b074bd70bf02cf4d5a0e4b68b93850493e2e52019fa17ae4bd4bdeff,b1faf4b871a960dd2e14f9bb24ce18129bf16767,True,Not Active,Not Active,NVIDIA GeForce RTX 3050 Ti Laptop GPU,610.47,P0,1927,6001,66.92,75
20261005T121227Z,4,NVIDIA GeForce RTX 3050 Ti Laptop GPU,610.47,P0,1927,6001,65.86,75,2.8.0+cu128,12.8,3.4.0,512,8192,bf16,torch_reference,cuda_graph,462.76785777165344,20,5,50,71611108dd2ffe2c896d2402e035fc1614d214c7b592a247071c3286b9bdc306,bc9c4c76b074bd70bf02cf4d5a0e4b68b93850493e2e52019fa17ae4bd4bdeff,b1faf4b871a960dd2e14f9bb24ce18129bf16767,True,Not Active,Not Active,NVIDIA GeForce RTX 3050 Ti Laptop GPU,610.47,P0,1927,6001,66.92,75
20261005T121227Z,5,NVIDIA GeForce RTX 3050 Ti Laptop GPU,610.47,P0,1927,6001,65.86,75,2.8.0+cu128,12.8,3.4.0,512,8192,bf16,torch_native,cuda_graph,120.59692236093375,20,5,50,71611108dd2ffe2c896d2402e035fc1614d214c7b592a247071c3286b9bdc306,bc9c4c76b074bd70bf02cf4d5a0e4b68b93850493e2e52019fa17ae4bd4bdeff,b1faf4b871a960dd2e14f9bb24ce18129bf16767,True,Not Active,Not Active,NVIDIA GeForce RTX 3050 Ti Laptop GPU,610.47,P0,1927,6001,66.92,75
20261005T121227Z,5,NVIDIA GeForce RTX 3050 Ti Laptop GPU,610.47,P0,1927,6001,65.86,75,2.8.0+cu128,12.8,3.4.0,512,8192,bf16,triton,cuda_graph,95.28668721516927,20,5,50,71611108dd2ffe2c896d2402e035fc1614d214c7b592a247071c3286b9bdc306,bc9c4c76b074bd70bf02cf4d5a0e4b68b93850493e2e52019fa17ae4bd4bdeff,b1faf4b871a960dd2e14f9bb24ce18129bf16767,True,Not Active,Not Active,NVIDIA GeForce RTX 3050 Ti Laptop GPU,610.47,P0,1927,6001,66.92,75
20261005T121227Z,5,NVIDIA GeForce RTX 3050 Ti Laptop GPU,610.47,P0,1927,6001,65.86,75,2.8.0+cu128,12.8,3.4.0,512,8192,bf16,torch_reference,cuda_graph,462.75169158650334,20,5,50,71611108dd2ffe2c896d2402e035fc1614d214c7b592a247071c3286b9bdc306,bc9c4c76b074bd70bf02cf4d5a0e4b68b93850493e2e52019fa17ae4bd4bdeff,b1faf4b871a960dd2e14f9bb24ce18129bf16767,True,Not Active,Not Active,NVIDIA GeForce RTX 3050 Ti Laptop GPU,610.47,P0,1927,6001,66.92,75
